{
  "type": "FeatureCollection",
  "name": "FRAMEONE_SUBMARKETS",
  "features": [
    {
      "type": "Feature",
      "id": "SEOUL-JONGNO-GWANGHWAMUN-JONGNO-SM01",
      "properties": {
        "parent_market_id": "SEOUL-JONGNO-GWANGHWAMUN-JONGNO",
        "submarket_id": "SEOUL-JONGNO-GWANGHWAMUN-JONGNO-SM01",
        "submarket_name": "광화문광장",
        "gu": "종로구",
        "administrative_dong": null,
        "main_station": "광화문|종각",
        "main_street": "세종대로|종로|청계천로",
        "main_anchor": null,
        "boundary_basis": "v1 세부상권 텍스트와 실제 소비동선·역·거리 구분을 분리한 초안",
        "confidence": "D",
        "status": "text_only",
        "checked_at": "2026-08-27"
      },
      "geometry": null
    },
    {
      "type": "Feature",
      "id": "SEOUL-JONGNO-GWANGHWAMUN-JONGNO-SM02",
      "properties": {
        "parent_market_id": "SEOUL-JONGNO-GWANGHWAMUN-JONGNO",
        "submarket_id": "SEOUL-JONGNO-GWANGHWAMUN-JONGNO-SM02",
        "submarket_name": "청진동",
        "gu": "종로구",
        "administrative_dong": null,
        "main_station": "광화문|종각",
        "main_street": "세종대로|종로|청계천로",
        "main_anchor": null,
        "boundary_basis": "v1 세부상권 텍스트와 실제 소비동선·역·거리 구분을 분리한 초안",
        "confidence": "D",
        "status": "text_only",
        "checked_at": "2026-08-27"
      },
      "geometry": null
    },
    {
      "type": "Feature",
      "id": "SEOUL-JONGNO-GWANGHWAMUN-JONGNO-SM03",
      "properties": {
        "parent_market_id": "SEOUL-JONGNO-GWANGHWAMUN-JONGNO",
        "submarket_id": "SEOUL-JONGNO-GWANGHWAMUN-JONGNO-SM03",
        "submarket_name": "종각",
        "gu": "종로구",
        "administrative_dong": null,
        "main_station": "광화문|종각",
        "main_street": "세종대로|종로|청계천로",
        "main_anchor": null,
        "boundary_basis": "v1 세부상권 텍스트와 실제 소비동선·역·거리 구분을 분리한 초안",
        "confidence": "D",
        "status": "text_only",
        "checked_at": "2026-08-27"
      },
      "geometry": null
    },
    {
      "type": "Feature",
      "id": "SEOUL-JONGNO-GWANGHWAMUN-JONGNO-SM04",
      "properties": {
        "parent_market_id": "SEOUL-JONGNO-GWANGHWAMUN-JONGNO",
        "submarket_id": "SEOUL-JONGNO-GWANGHWAMUN-JONGNO-SM04",
        "submarket_name": "청계천 북측",
        "gu": "종로구",
        "administrative_dong": null,
        "main_station": "광화문|종각",
        "main_street": "세종대로|종로|청계천로",
        "main_anchor": null,
        "boundary_basis": "v1 세부상권 텍스트와 실제 소비동선·역·거리 구분을 분리한 초안",
        "confidence": "D",
        "status": "text_only",
        "checked_at": "2026-08-27"
      },
      "geometry": null
    },
    {
      "type": "Feature",
      "id": "SEOUL-JONGNO-INSADONG-IKSEON-SM01",
      "properties": {
        "parent_market_id": "SEOUL-JONGNO-INSADONG-IKSEON",
        "submarket_id": "SEOUL-JONGNO-INSADONG-IKSEON-SM01",
        "submarket_name": "인사동길",
        "gu": "종로구",
        "administrative_dong": null,
        "main_station": "안국|종로3가",
        "main_street": "인사동길|익선동 골목",
        "main_anchor": null,
        "boundary_basis": "v1 세부상권 텍스트와 실제 소비동선·역·거리 구분을 분리한 초안",
        "confidence": "D",
        "status": "text_only",
        "checked_at": "2026-08-27"
      },
      "geometry": null
    },
    {
      "type": "Feature",
      "id": "SEOUL-JONGNO-INSADONG-IKSEON-SM02",
      "properties": {
        "parent_market_id": "SEOUL-JONGNO-INSADONG-IKSEON",
        "submarket_id": "SEOUL-JONGNO-INSADONG-IKSEON-SM02",
        "submarket_name": "익선동 한옥거리",
        "gu": "종로구",
        "administrative_dong": null,
        "main_station": "안국|종로3가",
        "main_street": "인사동길|익선동 골목",
        "main_anchor": null,
        "boundary_basis": "v1 세부상권 텍스트와 실제 소비동선·역·거리 구분을 분리한 초안",
        "confidence": "D",
        "status": "text_only",
        "checked_at": "2026-08-27"
      },
      "geometry": null
    },
    {
      "type": "Feature",
      "id": "SEOUL-JONGNO-INSADONG-IKSEON-SM03",
      "properties": {
        "parent_market_id": "SEOUL-JONGNO-INSADONG-IKSEON",
        "submarket_id": "SEOUL-JONGNO-INSADONG-IKSEON-SM03",
        "submarket_name": "종로3가 북측",
        "gu": "종로구",
        "administrative_dong": null,
        "main_station": "안국|종로3가",
        "main_street": "인사동길|익선동 골목",
        "main_anchor": null,
        "boundary_basis": "v1 세부상권 텍스트와 실제 소비동선·역·거리 구분을 분리한 초안",
        "confidence": "D",
        "status": "text_only",
        "checked_at": "2026-08-27"
      },
      "geometry": null
    },
    {
      "type": "Feature",
      "id": "SEOUL-JONGNO-SAMCHEONG-BUKCHON-SM01",
      "properties": {
        "parent_market_id": "SEOUL-JONGNO-SAMCHEONG-BUKCHON",
        "submarket_id": "SEOUL-JONGNO-SAMCHEONG-BUKCHON-SM01",
        "submarket_name": "북촌한옥마을",
        "gu": "종로구",
        "administrative_dong": null,
        "main_station": "안국",
        "main_street": "삼청로|북촌로",
        "main_anchor": null,
        "boundary_basis": "v1 세부상권 텍스트와 실제 소비동선·역·거리 구분을 분리한 초안",
        "confidence": "D",
        "status": "text_only",
        "checked_at": "2026-08-27"
      },
      "geometry": null
    },
    {
      "type": "Feature",
      "id": "SEOUL-JONGNO-SAMCHEONG-BUKCHON-SM02",
      "properties": {
        "parent_market_id": "SEOUL-JONGNO-SAMCHEONG-BUKCHON",
        "submarket_id": "SEOUL-JONGNO-SAMCHEONG-BUKCHON-SM02",
        "submarket_name": "삼청동길",
        "gu": "종로구",
        "administrative_dong": null,
        "main_station": "안국",
        "main_street": "삼청로|북촌로",
        "main_anchor": null,
        "boundary_basis": "v1 세부상권 텍스트와 실제 소비동선·역·거리 구분을 분리한 초안",
        "confidence": "D",
        "status": "text_only",
        "checked_at": "2026-08-27"
      },
      "geometry": null
    },
    {
      "type": "Feature",
      "id": "SEOUL-JONGNO-SAMCHEONG-BUKCHON-SM03",
      "properties": {
        "parent_market_id": "SEOUL-JONGNO-SAMCHEONG-BUKCHON",
        "submarket_id": "SEOUL-JONGNO-SAMCHEONG-BUKCHON-SM03",
        "submarket_name": "안국동",
        "gu": "종로구",
        "administrative_dong": null,
        "main_station": "안국",
        "main_street": "삼청로|북촌로",
        "main_anchor": null,
        "boundary_basis": "v1 세부상권 텍스트와 실제 소비동선·역·거리 구분을 분리한 초안",
        "confidence": "D",
        "status": "text_only",
        "checked_at": "2026-08-27"
      },
      "geometry": null
    },
    {
      "type": "Feature",
      "id": "SEOUL-JONGNO-DAEHANGNO-SM01",
      "properties": {
        "parent_market_id": "SEOUL-JONGNO-DAEHANGNO",
        "submarket_id": "SEOUL-JONGNO-DAEHANGNO-SM01",
        "submarket_name": "혜화역권",
        "gu": "종로구",
        "administrative_dong": null,
        "main_station": "혜화",
        "main_street": "대학로|동숭길",
        "main_anchor": null,
        "boundary_basis": "v1 세부상권 텍스트와 실제 소비동선·역·거리 구분을 분리한 초안",
        "confidence": "D",
        "status": "text_only",
        "checked_at": "2026-08-27"
      },
      "geometry": null
    },
    {
      "type": "Feature",
      "id": "SEOUL-JONGNO-DAEHANGNO-SM02",
      "properties": {
        "parent_market_id": "SEOUL-JONGNO-DAEHANGNO",
        "submarket_id": "SEOUL-JONGNO-DAEHANGNO-SM02",
        "submarket_name": "성균관대 남측",
        "gu": "종로구",
        "administrative_dong": null,
        "main_station": "혜화",
        "main_street": "대학로|동숭길",
        "main_anchor": null,
        "boundary_basis": "v1 세부상권 텍스트와 실제 소비동선·역·거리 구분을 분리한 초안",
        "confidence": "D",
        "status": "text_only",
        "checked_at": "2026-08-27"
      },
      "geometry": null
    },
    {
      "type": "Feature",
      "id": "SEOUL-JONGNO-SEOCHON-GYEONGBOK-SM01",
      "properties": {
        "parent_market_id": "SEOUL-JONGNO-SEOCHON-GYEONGBOK",
        "submarket_id": "SEOUL-JONGNO-SEOCHON-GYEONGBOK-SM01",
        "submarket_name": "경복궁 서측",
        "gu": "종로구",
        "administrative_dong": null,
        "main_station": "경복궁",
        "main_street": "자하문로|옥인길|통인시장길",
        "main_anchor": null,
        "boundary_basis": "v1 세부상권 텍스트와 실제 소비동선·역·거리 구분을 분리한 초안",
        "confidence": "D",
        "status": "text_only",
        "checked_at": "2026-08-27"
      },
      "geometry": null
    },
    {
      "type": "Feature",
      "id": "SEOUL-JONGNO-SEOCHON-GYEONGBOK-SM02",
      "properties": {
        "parent_market_id": "SEOUL-JONGNO-SEOCHON-GYEONGBOK",
        "submarket_id": "SEOUL-JONGNO-SEOCHON-GYEONGBOK-SM02",
        "submarket_name": "세종마을",
        "gu": "종로구",
        "administrative_dong": null,
        "main_station": "경복궁",
        "main_street": "자하문로|옥인길|통인시장길",
        "main_anchor": null,
        "boundary_basis": "v1 세부상권 텍스트와 실제 소비동선·역·거리 구분을 분리한 초안",
        "confidence": "D",
        "status": "text_only",
        "checked_at": "2026-08-27"
      },
      "geometry": null
    },
    {
      "type": "Feature",
      "id": "SEOUL-JONGNO-DONGDAEMUN-CHANGSIN-SM01",
      "properties": {
        "parent_market_id": "SEOUL-JONGNO-DONGDAEMUN-CHANGSIN",
        "submarket_id": "SEOUL-JONGNO-DONGDAEMUN-CHANGSIN-SM01",
        "submarket_name": "동대문역권",
        "gu": "종로구",
        "administrative_dong": null,
        "main_station": "동대문|동묘앞",
        "main_street": "종로|창신길",
        "main_anchor": null,
        "boundary_basis": "v1 세부상권 텍스트와 실제 소비동선·역·거리 구분을 분리한 초안",
        "confidence": "D",
        "status": "text_only",
        "checked_at": "2026-08-27"
      },
      "geometry": null
    },
    {
      "type": "Feature",
      "id": "SEOUL-JONGNO-DONGDAEMUN-CHANGSIN-SM02",
      "properties": {
        "parent_market_id": "SEOUL-JONGNO-DONGDAEMUN-CHANGSIN",
        "submarket_id": "SEOUL-JONGNO-DONGDAEMUN-CHANGSIN-SM02",
        "submarket_name": "창신동 봉제거리",
        "gu": "종로구",
        "administrative_dong": null,
        "main_station": "동대문|동묘앞",
        "main_street": "종로|창신길",
        "main_anchor": null,
        "boundary_basis": "v1 세부상권 텍스트와 실제 소비동선·역·거리 구분을 분리한 초안",
        "confidence": "D",
        "status": "text_only",
        "checked_at": "2026-08-27"
      },
      "geometry": null
    },
    {
      "type": "Feature",
      "id": "SEOUL-JONGNO-DONGDAEMUN-CHANGSIN-SM03",
      "properties": {
        "parent_market_id": "SEOUL-JONGNO-DONGDAEMUN-CHANGSIN",
        "submarket_id": "SEOUL-JONGNO-DONGDAEMUN-CHANGSIN-SM03",
        "submarket_name": "흥인지문 북측",
        "gu": "종로구",
        "administrative_dong": null,
        "main_station": "동대문|동묘앞",
        "main_street": "종로|창신길",
        "main_anchor": null,
        "boundary_basis": "v1 세부상권 텍스트와 실제 소비동선·역·거리 구분을 분리한 초안",
        "confidence": "D",
        "status": "text_only",
        "checked_at": "2026-08-27"
      },
      "geometry": null
    },
    {
      "type": "Feature",
      "id": "SEOUL-JONGNO-BUAM-PYEONGCHANG-SM01",
      "properties": {
        "parent_market_id": "SEOUL-JONGNO-BUAM-PYEONGCHANG",
        "submarket_id": "SEOUL-JONGNO-BUAM-PYEONGCHANG-SM01",
        "submarket_name": "부암동 주민센터",
        "gu": "종로구",
        "administrative_dong": null,
        "main_station": "경복궁(버스 연계)",
        "main_street": "창의문로|평창문화로",
        "main_anchor": null,
        "boundary_basis": "v1 세부상권 텍스트와 실제 소비동선·역·거리 구분을 분리한 초안",
        "confidence": "D",
        "status": "text_only",
        "checked_at": "2026-08-27"
      },
      "geometry": null
    },
    {
      "type": "Feature",
      "id": "SEOUL-JONGNO-BUAM-PYEONGCHANG-SM02",
      "properties": {
        "parent_market_id": "SEOUL-JONGNO-BUAM-PYEONGCHANG",
        "submarket_id": "SEOUL-JONGNO-BUAM-PYEONGCHANG-SM02",
        "submarket_name": "평창동 문화시설축",
        "gu": "종로구",
        "administrative_dong": null,
        "main_station": "경복궁(버스 연계)",
        "main_street": "창의문로|평창문화로",
        "main_anchor": null,
        "boundary_basis": "v1 세부상권 텍스트와 실제 소비동선·역·거리 구분을 분리한 초안",
        "confidence": "D",
        "status": "text_only",
        "checked_at": "2026-08-27"
      },
      "geometry": null
    },
    {
      "type": "Feature",
      "id": "SEOUL-JUNG-MYEONGDONG-SM01",
      "properties": {
        "parent_market_id": "SEOUL-JUNG-MYEONGDONG",
        "submarket_id": "SEOUL-JUNG-MYEONGDONG-SM01",
        "submarket_name": "명동길",
        "gu": "중구",
        "administrative_dong": null,
        "main_station": "명동|을지로입구",
        "main_street": "명동길|남대문로",
        "main_anchor": null,
        "boundary_basis": "v1 세부상권 텍스트와 실제 소비동선·역·거리 구분을 분리한 초안",
        "confidence": "D",
        "status": "text_only",
        "checked_at": "2026-08-27"
      },
      "geometry": null
    },
    {
      "type": "Feature",
      "id": "SEOUL-JUNG-MYEONGDONG-SM02",
      "properties": {
        "parent_market_id": "SEOUL-JUNG-MYEONGDONG",
        "submarket_id": "SEOUL-JUNG-MYEONGDONG-SM02",
        "submarket_name": "중앙로",
        "gu": "중구",
        "administrative_dong": null,
        "main_station": "명동|을지로입구",
        "main_street": "명동길|남대문로",
        "main_anchor": null,
        "boundary_basis": "v1 세부상권 텍스트와 실제 소비동선·역·거리 구분을 분리한 초안",
        "confidence": "D",
        "status": "text_only",
        "checked_at": "2026-08-27"
      },
      "geometry": null
    },
    {
      "type": "Feature",
      "id": "SEOUL-JUNG-MYEONGDONG-SM03",
      "properties": {
        "parent_market_id": "SEOUL-JUNG-MYEONGDONG",
        "submarket_id": "SEOUL-JUNG-MYEONGDONG-SM03",
        "submarket_name": "을지로입구 남측",
        "gu": "중구",
        "administrative_dong": null,
        "main_station": "명동|을지로입구",
        "main_street": "명동길|남대문로",
        "main_anchor": null,
        "boundary_basis": "v1 세부상권 텍스트와 실제 소비동선·역·거리 구분을 분리한 초안",
        "confidence": "D",
        "status": "text_only",
        "checked_at": "2026-08-27"
      },
      "geometry": null
    },
    {
      "type": "Feature",
      "id": "SEOUL-JUNG-EULJIRO-SM01",
      "properties": {
        "parent_market_id": "SEOUL-JUNG-EULJIRO",
        "submarket_id": "SEOUL-JUNG-EULJIRO-SM01",
        "submarket_name": "을지로3가",
        "gu": "중구",
        "administrative_dong": null,
        "main_station": "을지로3가|을지로4가",
        "main_street": "을지로|수표로|세운상가축",
        "main_anchor": null,
        "boundary_basis": "v1 세부상권 텍스트와 실제 소비동선·역·거리 구분을 분리한 초안",
        "confidence": "D",
        "status": "text_only",
        "checked_at": "2026-08-27"
      },
      "geometry": null
    },
    {
      "type": "Feature",
      "id": "SEOUL-JUNG-EULJIRO-SM02",
      "properties": {
        "parent_market_id": "SEOUL-JUNG-EULJIRO",
        "submarket_id": "SEOUL-JUNG-EULJIRO-SM02",
        "submarket_name": "세운상가",
        "gu": "중구",
        "administrative_dong": null,
        "main_station": "을지로3가|을지로4가",
        "main_street": "을지로|수표로|세운상가축",
        "main_anchor": null,
        "boundary_basis": "v1 세부상권 텍스트와 실제 소비동선·역·거리 구분을 분리한 초안",
        "confidence": "D",
        "status": "text_only",
        "checked_at": "2026-08-27"
      },
      "geometry": null
    },
    {
      "type": "Feature",
      "id": "SEOUL-JUNG-EULJIRO-SM03",
      "properties": {
        "parent_market_id": "SEOUL-JUNG-EULJIRO",
        "submarket_id": "SEOUL-JUNG-EULJIRO-SM03",
        "submarket_name": "힙지로 골목",
        "gu": "중구",
        "administrative_dong": null,
        "main_station": "을지로3가|을지로4가",
        "main_street": "을지로|수표로|세운상가축",
        "main_anchor": null,
        "boundary_basis": "v1 세부상권 텍스트와 실제 소비동선·역·거리 구분을 분리한 초안",
        "confidence": "D",
        "status": "text_only",
        "checked_at": "2026-08-27"
      },
      "geometry": null
    },
    {
      "type": "Feature",
      "id": "SEOUL-JUNG-NAMDAEMUN-SM01",
      "properties": {
        "parent_market_id": "SEOUL-JUNG-NAMDAEMUN",
        "submarket_id": "SEOUL-JUNG-NAMDAEMUN-SM01",
        "submarket_name": "회현역권",
        "gu": "중구",
        "administrative_dong": null,
        "main_station": "회현",
        "main_street": "남대문시장길|퇴계로",
        "main_anchor": null,
        "boundary_basis": "v1 세부상권 텍스트와 실제 소비동선·역·거리 구분을 분리한 초안",
        "confidence": "D",
        "status": "text_only",
        "checked_at": "2026-08-27"
      },
      "geometry": null
    },
    {
      "type": "Feature",
      "id": "SEOUL-JUNG-NAMDAEMUN-SM02",
      "properties": {
        "parent_market_id": "SEOUL-JUNG-NAMDAEMUN",
        "submarket_id": "SEOUL-JUNG-NAMDAEMUN-SM02",
        "submarket_name": "숭례문",
        "gu": "중구",
        "administrative_dong": null,
        "main_station": "회현",
        "main_street": "남대문시장길|퇴계로",
        "main_anchor": null,
        "boundary_basis": "v1 세부상권 텍스트와 실제 소비동선·역·거리 구분을 분리한 초안",
        "confidence": "D",
        "status": "text_only",
        "checked_at": "2026-08-27"
      },
      "geometry": null
    },
    {
      "type": "Feature",
      "id": "SEOUL-JUNG-DONGDAEMUN-FASHION-SM01",
      "properties": {
        "parent_market_id": "SEOUL-JUNG-DONGDAEMUN-FASHION",
        "submarket_id": "SEOUL-JUNG-DONGDAEMUN-FASHION-SM01",
        "submarket_name": "광희동",
        "gu": "중구",
        "administrative_dong": null,
        "main_station": "동대문역사문화공원|동대문",
        "main_street": "을지로|장충단로",
        "main_anchor": null,
        "boundary_basis": "v1 세부상권 텍스트와 실제 소비동선·역·거리 구분을 분리한 초안",
        "confidence": "D",
        "status": "text_only",
        "checked_at": "2026-08-27"
      },
      "geometry": null
    },
    {
      "type": "Feature",
      "id": "SEOUL-JUNG-SEOULSTN-SM01",
      "properties": {
        "parent_market_id": "SEOUL-JUNG-SEOULSTN",
        "submarket_id": "SEOUL-JUNG-SEOULSTN-SM01",
        "submarket_name": "서울역 동측",
        "gu": "중구",
        "administrative_dong": null,
        "main_station": "서울역",
        "main_street": "세종대로|통일로|퇴계로",
        "main_anchor": null,
        "boundary_basis": "v1 세부상권 텍스트와 실제 소비동선·역·거리 구분을 분리한 초안",
        "confidence": "D",
        "status": "text_only",
        "checked_at": "2026-08-27"
      },
      "geometry": null
    },
    {
      "type": "Feature",
      "id": "SEOUL-JUNG-SEOULSTN-SM02",
      "properties": {
        "parent_market_id": "SEOUL-JUNG-SEOULSTN",
        "submarket_id": "SEOUL-JUNG-SEOULSTN-SM02",
        "submarket_name": "서소문",
        "gu": "중구",
        "administrative_dong": null,
        "main_station": "서울역",
        "main_street": "세종대로|통일로|퇴계로",
        "main_anchor": null,
        "boundary_basis": "v1 세부상권 텍스트와 실제 소비동선·역·거리 구분을 분리한 초안",
        "confidence": "D",
        "status": "text_only",
        "checked_at": "2026-08-27"
      },
      "geometry": null
    },
    {
      "type": "Feature",
      "id": "SEOUL-JUNG-SEOULSTN-SM03",
      "properties": {
        "parent_market_id": "SEOUL-JUNG-SEOULSTN",
        "submarket_id": "SEOUL-JUNG-SEOULSTN-SM03",
        "submarket_name": "만리동 연결축",
        "gu": "중구",
        "administrative_dong": null,
        "main_station": "서울역",
        "main_street": "세종대로|통일로|퇴계로",
        "main_anchor": null,
        "boundary_basis": "v1 세부상권 텍스트와 실제 소비동선·역·거리 구분을 분리한 초안",
        "confidence": "D",
        "status": "text_only",
        "checked_at": "2026-08-27"
      },
      "geometry": null
    },
    {
      "type": "Feature",
      "id": "SEOUL-JUNG-CITYHALL-BUKCHANG-SM01",
      "properties": {
        "parent_market_id": "SEOUL-JUNG-CITYHALL-BUKCHANG",
        "submarket_id": "SEOUL-JUNG-CITYHALL-BUKCHANG-SM01",
        "submarket_name": "서울시청",
        "gu": "중구",
        "administrative_dong": null,
        "main_station": "시청",
        "main_street": "세종대로|무교로|북창동길",
        "main_anchor": null,
        "boundary_basis": "v1 세부상권 텍스트와 실제 소비동선·역·거리 구분을 분리한 초안",
        "confidence": "D",
        "status": "text_only",
        "checked_at": "2026-08-27"
      },
      "geometry": null
    },
    {
      "type": "Feature",
      "id": "SEOUL-JUNG-CITYHALL-BUKCHANG-SM02",
      "properties": {
        "parent_market_id": "SEOUL-JUNG-CITYHALL-BUKCHANG",
        "submarket_id": "SEOUL-JUNG-CITYHALL-BUKCHANG-SM02",
        "submarket_name": "덕수궁",
        "gu": "중구",
        "administrative_dong": null,
        "main_station": "시청",
        "main_street": "세종대로|무교로|북창동길",
        "main_anchor": null,
        "boundary_basis": "v1 세부상권 텍스트와 실제 소비동선·역·거리 구분을 분리한 초안",
        "confidence": "D",
        "status": "text_only",
        "checked_at": "2026-08-27"
      },
      "geometry": null
    },
    {
      "type": "Feature",
      "id": "SEOUL-JUNG-CITYHALL-BUKCHANG-SM03",
      "properties": {
        "parent_market_id": "SEOUL-JUNG-CITYHALL-BUKCHANG",
        "submarket_id": "SEOUL-JUNG-CITYHALL-BUKCHANG-SM03",
        "submarket_name": "북창동",
        "gu": "중구",
        "administrative_dong": null,
        "main_station": "시청",
        "main_street": "세종대로|무교로|북창동길",
        "main_anchor": null,
        "boundary_basis": "v1 세부상권 텍스트와 실제 소비동선·역·거리 구분을 분리한 초안",
        "confidence": "D",
        "status": "text_only",
        "checked_at": "2026-08-27"
      },
      "geometry": null
    },
    {
      "type": "Feature",
      "id": "SEOUL-JUNG-CITYHALL-BUKCHANG-SM04",
      "properties": {
        "parent_market_id": "SEOUL-JUNG-CITYHALL-BUKCHANG",
        "submarket_id": "SEOUL-JUNG-CITYHALL-BUKCHANG-SM04",
        "submarket_name": "무교동",
        "gu": "중구",
        "administrative_dong": null,
        "main_station": "시청",
        "main_street": "세종대로|무교로|북창동길",
        "main_anchor": null,
        "boundary_basis": "v1 세부상권 텍스트와 실제 소비동선·역·거리 구분을 분리한 초안",
        "confidence": "D",
        "status": "text_only",
        "checked_at": "2026-08-27"
      },
      "geometry": null
    },
    {
      "type": "Feature",
      "id": "SEOUL-JUNG-SINDANG-YAKSU-SM01",
      "properties": {
        "parent_market_id": "SEOUL-JUNG-SINDANG-YAKSU",
        "submarket_id": "SEOUL-JUNG-SINDANG-YAKSU-SM01",
        "submarket_name": "신당동 떡볶이타운",
        "gu": "중구",
        "administrative_dong": null,
        "main_station": "신당|약수",
        "main_street": "다산로|퇴계로",
        "main_anchor": null,
        "boundary_basis": "v1 세부상권 텍스트와 실제 소비동선·역·거리 구분을 분리한 초안",
        "confidence": "D",
        "status": "text_only",
        "checked_at": "2026-08-27"
      },
      "geometry": null
    },
    {
      "type": "Feature",
      "id": "SEOUL-JUNG-SINDANG-YAKSU-SM02",
      "properties": {
        "parent_market_id": "SEOUL-JUNG-SINDANG-YAKSU",
        "submarket_id": "SEOUL-JUNG-SINDANG-YAKSU-SM02",
        "submarket_name": "약수역권",
        "gu": "중구",
        "administrative_dong": null,
        "main_station": "신당|약수",
        "main_street": "다산로|퇴계로",
        "main_anchor": null,
        "boundary_basis": "v1 세부상권 텍스트와 실제 소비동선·역·거리 구분을 분리한 초안",
        "confidence": "D",
        "status": "text_only",
        "checked_at": "2026-08-27"
      },
      "geometry": null
    },
    {
      "type": "Feature",
      "id": "SEOUL-YONGSAN-ITAEWON-SM01",
      "properties": {
        "parent_market_id": "SEOUL-YONGSAN-ITAEWON",
        "submarket_id": "SEOUL-YONGSAN-ITAEWON-SM01",
        "submarket_name": "이태원역권",
        "gu": "용산구",
        "administrative_dong": null,
        "main_station": "이태원",
        "main_street": "이태원로|보광로",
        "main_anchor": null,
        "boundary_basis": "v1 세부상권 텍스트와 실제 소비동선·역·거리 구분을 분리한 초안",
        "confidence": "D",
        "status": "text_only",
        "checked_at": "2026-08-27"
      },
      "geometry": null
    },
    {
      "type": "Feature",
      "id": "SEOUL-YONGSAN-ITAEWON-SM02",
      "properties": {
        "parent_market_id": "SEOUL-YONGSAN-ITAEWON",
        "submarket_id": "SEOUL-YONGSAN-ITAEWON-SM02",
        "submarket_name": "세계음식거리",
        "gu": "용산구",
        "administrative_dong": null,
        "main_station": "이태원",
        "main_street": "이태원로|보광로",
        "main_anchor": null,
        "boundary_basis": "v1 세부상권 텍스트와 실제 소비동선·역·거리 구분을 분리한 초안",
        "confidence": "D",
        "status": "text_only",
        "checked_at": "2026-08-27"
      },
      "geometry": null
    },
    {
      "type": "Feature",
      "id": "SEOUL-YONGSAN-ITAEWON-SM03",
      "properties": {
        "parent_market_id": "SEOUL-YONGSAN-ITAEWON",
        "submarket_id": "SEOUL-YONGSAN-ITAEWON-SM03",
        "submarket_name": "앤틱가구거리",
        "gu": "용산구",
        "administrative_dong": null,
        "main_station": "이태원",
        "main_street": "이태원로|보광로",
        "main_anchor": null,
        "boundary_basis": "v1 세부상권 텍스트와 실제 소비동선·역·거리 구분을 분리한 초안",
        "confidence": "D",
        "status": "text_only",
        "checked_at": "2026-08-27"
      },
      "geometry": null
    },
    {
      "type": "Feature",
      "id": "SEOUL-YONGSAN-HANNAM-SM01",
      "properties": {
        "parent_market_id": "SEOUL-YONGSAN-HANNAM",
        "submarket_id": "SEOUL-YONGSAN-HANNAM-SM01",
        "submarket_name": "한남오거리",
        "gu": "용산구",
        "administrative_dong": null,
        "main_station": "한강진",
        "main_street": "이태원로|독서당로",
        "main_anchor": null,
        "boundary_basis": "v1 세부상권 텍스트와 실제 소비동선·역·거리 구분을 분리한 초안",
        "confidence": "D",
        "status": "text_only",
        "checked_at": "2026-08-27"
      },
      "geometry": null
    },
    {
      "type": "Feature",
      "id": "SEOUL-YONGSAN-HANNAM-SM02",
      "properties": {
        "parent_market_id": "SEOUL-YONGSAN-HANNAM",
        "submarket_id": "SEOUL-YONGSAN-HANNAM-SM02",
        "submarket_name": "한남동 카페거리",
        "gu": "용산구",
        "administrative_dong": null,
        "main_station": "한강진",
        "main_street": "이태원로|독서당로",
        "main_anchor": null,
        "boundary_basis": "v1 세부상권 텍스트와 실제 소비동선·역·거리 구분을 분리한 초안",
        "confidence": "D",
        "status": "text_only",
        "checked_at": "2026-08-27"
      },
      "geometry": null
    },
    {
      "type": "Feature",
      "id": "SEOUL-YONGSAN-HANNAM-SM03",
      "properties": {
        "parent_market_id": "SEOUL-YONGSAN-HANNAM",
        "submarket_id": "SEOUL-YONGSAN-HANNAM-SM03",
        "submarket_name": "리움미술관 연결축",
        "gu": "용산구",
        "administrative_dong": null,
        "main_station": "한강진",
        "main_street": "이태원로|독서당로",
        "main_anchor": null,
        "boundary_basis": "v1 세부상권 텍스트와 실제 소비동선·역·거리 구분을 분리한 초안",
        "confidence": "D",
        "status": "text_only",
        "checked_at": "2026-08-27"
      },
      "geometry": null
    },
    {
      "type": "Feature",
      "id": "SEOUL-YONGSAN-HAEBANGCHON-GYEONGNIDAN-SM01",
      "properties": {
        "parent_market_id": "SEOUL-YONGSAN-HAEBANGCHON-GYEONGNIDAN",
        "submarket_id": "SEOUL-YONGSAN-HAEBANGCHON-GYEONGNIDAN-SM01",
        "submarket_name": "해방촌오거리",
        "gu": "용산구",
        "administrative_dong": null,
        "main_station": "녹사평",
        "main_street": "소월로|신흥로|회나무로",
        "main_anchor": null,
        "boundary_basis": "v1 세부상권 텍스트와 실제 소비동선·역·거리 구분을 분리한 초안",
        "confidence": "D",
        "status": "text_only",
        "checked_at": "2026-08-27"
      },
      "geometry": null
    },
    {
      "type": "Feature",
      "id": "SEOUL-YONGSAN-HAEBANGCHON-GYEONGNIDAN-SM02",
      "properties": {
        "parent_market_id": "SEOUL-YONGSAN-HAEBANGCHON-GYEONGNIDAN",
        "submarket_id": "SEOUL-YONGSAN-HAEBANGCHON-GYEONGNIDAN-SM02",
        "submarket_name": "경리단길",
        "gu": "용산구",
        "administrative_dong": null,
        "main_station": "녹사평",
        "main_street": "소월로|신흥로|회나무로",
        "main_anchor": null,
        "boundary_basis": "v1 세부상권 텍스트와 실제 소비동선·역·거리 구분을 분리한 초안",
        "confidence": "D",
        "status": "text_only",
        "checked_at": "2026-08-27"
      },
      "geometry": null
    },
    {
      "type": "Feature",
      "id": "SEOUL-YONGSAN-YONGLIDAN-SINYONGSAN-SM01",
      "properties": {
        "parent_market_id": "SEOUL-YONGSAN-YONGLIDAN-SINYONGSAN",
        "submarket_id": "SEOUL-YONGSAN-YONGLIDAN-SINYONGSAN-SM01",
        "submarket_name": "신용산역 동측",
        "gu": "용산구",
        "administrative_dong": null,
        "main_station": "신용산|삼각지",
        "main_street": "한강대로|한강로",
        "main_anchor": null,
        "boundary_basis": "v1 세부상권 텍스트와 실제 소비동선·역·거리 구분을 분리한 초안",
        "confidence": "D",
        "status": "text_only",
        "checked_at": "2026-08-27"
      },
      "geometry": null
    },
    {
      "type": "Feature",
      "id": "SEOUL-YONGSAN-YONGLIDAN-SINYONGSAN-SM02",
      "properties": {
        "parent_market_id": "SEOUL-YONGSAN-YONGLIDAN-SINYONGSAN",
        "submarket_id": "SEOUL-YONGSAN-YONGLIDAN-SINYONGSAN-SM02",
        "submarket_name": "용리단길",
        "gu": "용산구",
        "administrative_dong": null,
        "main_station": "신용산|삼각지",
        "main_street": "한강대로|한강로",
        "main_anchor": null,
        "boundary_basis": "v1 세부상권 텍스트와 실제 소비동선·역·거리 구분을 분리한 초안",
        "confidence": "D",
        "status": "text_only",
        "checked_at": "2026-08-27"
      },
      "geometry": null
    },
    {
      "type": "Feature",
      "id": "SEOUL-YONGSAN-YONGLIDAN-SINYONGSAN-SM03",
      "properties": {
        "parent_market_id": "SEOUL-YONGSAN-YONGLIDAN-SINYONGSAN",
        "submarket_id": "SEOUL-YONGSAN-YONGLIDAN-SINYONGSAN-SM03",
        "submarket_name": "삼각지역권",
        "gu": "용산구",
        "administrative_dong": null,
        "main_station": "신용산|삼각지",
        "main_street": "한강대로|한강로",
        "main_anchor": null,
        "boundary_basis": "v1 세부상권 텍스트와 실제 소비동선·역·거리 구분을 분리한 초안",
        "confidence": "D",
        "status": "text_only",
        "checked_at": "2026-08-27"
      },
      "geometry": null
    },
    {
      "type": "Feature",
      "id": "SEOUL-YONGSAN-YONGSANSTN-SM01",
      "properties": {
        "parent_market_id": "SEOUL-YONGSAN-YONGSANSTN",
        "submarket_id": "SEOUL-YONGSAN-YONGSANSTN-SM01",
        "submarket_name": "용산역권",
        "gu": "용산구",
        "administrative_dong": null,
        "main_station": "용산",
        "main_street": "한강대로|청파로",
        "main_anchor": null,
        "boundary_basis": "v1 세부상권 텍스트와 실제 소비동선·역·거리 구분을 분리한 초안",
        "confidence": "D",
        "status": "text_only",
        "checked_at": "2026-08-27"
      },
      "geometry": null
    },
    {
      "type": "Feature",
      "id": "SEOUL-YONGSAN-YONGSANSTN-SM02",
      "properties": {
        "parent_market_id": "SEOUL-YONGSAN-YONGSANSTN",
        "submarket_id": "SEOUL-YONGSAN-YONGSANSTN-SM02",
        "submarket_name": "전자상가",
        "gu": "용산구",
        "administrative_dong": null,
        "main_station": "용산",
        "main_street": "한강대로|청파로",
        "main_anchor": null,
        "boundary_basis": "v1 세부상권 텍스트와 실제 소비동선·역·거리 구분을 분리한 초안",
        "confidence": "D",
        "status": "text_only",
        "checked_at": "2026-08-27"
      },
      "geometry": null
    },
    {
      "type": "Feature",
      "id": "SEOUL-YONGSAN-NAMYEONG-SOOKMYUNG-SM01",
      "properties": {
        "parent_market_id": "SEOUL-YONGSAN-NAMYEONG-SOOKMYUNG",
        "submarket_id": "SEOUL-YONGSAN-NAMYEONG-SOOKMYUNG-SM01",
        "submarket_name": "남영역권",
        "gu": "용산구",
        "administrative_dong": null,
        "main_station": "남영|숙대입구",
        "main_street": "한강대로|청파로",
        "main_anchor": null,
        "boundary_basis": "v1 세부상권 텍스트와 실제 소비동선·역·거리 구분을 분리한 초안",
        "confidence": "D",
        "status": "text_only",
        "checked_at": "2026-08-27"
      },
      "geometry": null
    },
    {
      "type": "Feature",
      "id": "SEOUL-YONGSAN-NAMYEONG-SOOKMYUNG-SM02",
      "properties": {
        "parent_market_id": "SEOUL-YONGSAN-NAMYEONG-SOOKMYUNG",
        "submarket_id": "SEOUL-YONGSAN-NAMYEONG-SOOKMYUNG-SM02",
        "submarket_name": "숙대입구",
        "gu": "용산구",
        "administrative_dong": null,
        "main_station": "남영|숙대입구",
        "main_street": "한강대로|청파로",
        "main_anchor": null,
        "boundary_basis": "v1 세부상권 텍스트와 실제 소비동선·역·거리 구분을 분리한 초안",
        "confidence": "D",
        "status": "text_only",
        "checked_at": "2026-08-27"
      },
      "geometry": null
    },
    {
      "type": "Feature",
      "id": "SEOUL-YONGSAN-HYOCHANG-HUAM-SM01",
      "properties": {
        "parent_market_id": "SEOUL-YONGSAN-HYOCHANG-HUAM",
        "submarket_id": "SEOUL-YONGSAN-HYOCHANG-HUAM-SM01",
        "submarket_name": "서울역 남부",
        "gu": "용산구",
        "administrative_dong": null,
        "main_station": "효창공원앞|서울역",
        "main_street": "백범로|후암로",
        "main_anchor": null,
        "boundary_basis": "v1 세부상권 텍스트와 실제 소비동선·역·거리 구분을 분리한 초안",
        "confidence": "D",
        "status": "text_only",
        "checked_at": "2026-08-27"
      },
      "geometry": null
    },
    {
      "type": "Feature",
      "id": "SEOUL-SEONGDONG-SEONGSU-YEONMUJANG",
      "properties": {
        "parent_market_id": "SEOUL-SEONGDONG-SEONGSU",
        "submarket_id": "SEOUL-SEONGDONG-SEONGSU-YEONMUJANG",
        "submarket_name": "연무장길",
        "gu": "성동구",
        "administrative_dong": null,
        "main_station": "성수|뚝섬",
        "main_street": "연무장길|성수이로|아차산로",
        "main_anchor": null,
        "boundary_basis": "v1 세부상권 텍스트와 실제 소비동선·역·거리 구분을 분리한 초안",
        "confidence": "D",
        "status": "text_only",
        "checked_at": "2026-08-27"
      },
      "geometry": null
    },
    {
      "type": "Feature",
      "id": "SEOUL-SEONGDONG-SEONGSU-STATION-NORTH",
      "properties": {
        "parent_market_id": "SEOUL-SEONGDONG-SEONGSU",
        "submarket_id": "SEOUL-SEONGDONG-SEONGSU-STATION-NORTH",
        "submarket_name": "성수역 북측",
        "gu": "성동구",
        "administrative_dong": null,
        "main_station": "성수|뚝섬",
        "main_street": "연무장길|성수이로|아차산로",
        "main_anchor": null,
        "boundary_basis": "v1 세부상권 텍스트와 실제 소비동선·역·거리 구분을 분리한 초안",
        "confidence": "D",
        "status": "text_only",
        "checked_at": "2026-08-27"
      },
      "geometry": null
    },
    {
      "type": "Feature",
      "id": "SEOUL-SEONGDONG-SEONGSU-STATION-SOUTH",
      "properties": {
        "parent_market_id": "SEOUL-SEONGDONG-SEONGSU",
        "submarket_id": "SEOUL-SEONGDONG-SEONGSU-STATION-SOUTH",
        "submarket_name": "성수역 남측",
        "gu": "성동구",
        "administrative_dong": null,
        "main_station": "성수|뚝섬",
        "main_street": "연무장길|성수이로|아차산로",
        "main_anchor": null,
        "boundary_basis": "v1 세부상권 텍스트와 실제 소비동선·역·거리 구분을 분리한 초안",
        "confidence": "D",
        "status": "text_only",
        "checked_at": "2026-08-27"
      },
      "geometry": null
    },
    {
      "type": "Feature",
      "id": "SEOUL-SEONGDONG-SEONGSU-ATELIER",
      "properties": {
        "parent_market_id": "SEOUL-SEONGDONG-SEONGSU",
        "submarket_id": "SEOUL-SEONGDONG-SEONGSU-ATELIER",
        "submarket_name": "아뜰리에길",
        "gu": "성동구",
        "administrative_dong": null,
        "main_station": "성수|뚝섬",
        "main_street": "연무장길|성수이로|아차산로",
        "main_anchor": null,
        "boundary_basis": "v1 세부상권 텍스트와 실제 소비동선·역·거리 구분을 분리한 초안",
        "confidence": "D",
        "status": "text_only",
        "checked_at": "2026-08-27"
      },
      "geometry": null
    },
    {
      "type": "Feature",
      "id": "SEOUL-SEONGDONG-SEONGSU-TTUKSEOM-LINK",
      "properties": {
        "parent_market_id": "SEOUL-SEONGDONG-SEONGSU",
        "submarket_id": "SEOUL-SEONGDONG-SEONGSU-TTUKSEOM-LINK",
        "submarket_name": "뚝섬 연결권",
        "gu": "성동구",
        "administrative_dong": null,
        "main_station": "성수|뚝섬",
        "main_street": "연무장길|성수이로|아차산로",
        "main_anchor": null,
        "boundary_basis": "v1 세부상권 텍스트와 실제 소비동선·역·거리 구분을 분리한 초안",
        "confidence": "D",
        "status": "text_only",
        "checked_at": "2026-08-27"
      },
      "geometry": null
    },
    {
      "type": "Feature",
      "id": "SEOUL-SEONGDONG-SEOULFOREST-SM01",
      "properties": {
        "parent_market_id": "SEOUL-SEONGDONG-SEOULFOREST",
        "submarket_id": "SEOUL-SEONGDONG-SEOULFOREST-SM01",
        "submarket_name": "서울숲",
        "gu": "성동구",
        "administrative_dong": null,
        "main_station": "서울숲|뚝섬",
        "main_street": "서울숲2길|왕십리로",
        "main_anchor": null,
        "boundary_basis": "v1 세부상권 텍스트와 실제 소비동선·역·거리 구분을 분리한 초안",
        "confidence": "D",
        "status": "text_only",
        "checked_at": "2026-08-27"
      },
      "geometry": null
    },
    {
      "type": "Feature",
      "id": "SEOUL-SEONGDONG-SEOULFOREST-SM02",
      "properties": {
        "parent_market_id": "SEOUL-SEONGDONG-SEOULFOREST",
        "submarket_id": "SEOUL-SEONGDONG-SEOULFOREST-SM02",
        "submarket_name": "아크로서울포레스트",
        "gu": "성동구",
        "administrative_dong": null,
        "main_station": "서울숲|뚝섬",
        "main_street": "서울숲2길|왕십리로",
        "main_anchor": null,
        "boundary_basis": "v1 세부상권 텍스트와 실제 소비동선·역·거리 구분을 분리한 초안",
        "confidence": "D",
        "status": "text_only",
        "checked_at": "2026-08-27"
      },
      "geometry": null
    },
    {
      "type": "Feature",
      "id": "SEOUL-SEONGDONG-SEOULFOREST-SM03",
      "properties": {
        "parent_market_id": "SEOUL-SEONGDONG-SEOULFOREST",
        "submarket_id": "SEOUL-SEONGDONG-SEOULFOREST-SM03",
        "submarket_name": "서울숲 카페거리",
        "gu": "성동구",
        "administrative_dong": null,
        "main_station": "서울숲|뚝섬",
        "main_street": "서울숲2길|왕십리로",
        "main_anchor": null,
        "boundary_basis": "v1 세부상권 텍스트와 실제 소비동선·역·거리 구분을 분리한 초안",
        "confidence": "D",
        "status": "text_only",
        "checked_at": "2026-08-27"
      },
      "geometry": null
    },
    {
      "type": "Feature",
      "id": "SEOUL-SEONGDONG-WANGSIMNI-SM01",
      "properties": {
        "parent_market_id": "SEOUL-SEONGDONG-WANGSIMNI",
        "submarket_id": "SEOUL-SEONGDONG-WANGSIMNI-SM01",
        "submarket_name": "왕십리역권",
        "gu": "성동구",
        "administrative_dong": null,
        "main_station": "왕십리",
        "main_street": "왕십리광장로|고산자로",
        "main_anchor": null,
        "boundary_basis": "v1 세부상권 텍스트와 실제 소비동선·역·거리 구분을 분리한 초안",
        "confidence": "D",
        "status": "text_only",
        "checked_at": "2026-08-27"
      },
      "geometry": null
    },
    {
      "type": "Feature",
      "id": "SEOUL-SEONGDONG-WANGSIMNI-SM02",
      "properties": {
        "parent_market_id": "SEOUL-SEONGDONG-WANGSIMNI",
        "submarket_id": "SEOUL-SEONGDONG-WANGSIMNI-SM02",
        "submarket_name": "비트플렉스",
        "gu": "성동구",
        "administrative_dong": null,
        "main_station": "왕십리",
        "main_street": "왕십리광장로|고산자로",
        "main_anchor": null,
        "boundary_basis": "v1 세부상권 텍스트와 실제 소비동선·역·거리 구분을 분리한 초안",
        "confidence": "D",
        "status": "text_only",
        "checked_at": "2026-08-27"
      },
      "geometry": null
    },
    {
      "type": "Feature",
      "id": "SEOUL-SEONGDONG-WANGSIMNI-SM03",
      "properties": {
        "parent_market_id": "SEOUL-SEONGDONG-WANGSIMNI",
        "submarket_id": "SEOUL-SEONGDONG-WANGSIMNI-SM03",
        "submarket_name": "행당시장 연결축",
        "gu": "성동구",
        "administrative_dong": null,
        "main_station": "왕십리",
        "main_street": "왕십리광장로|고산자로",
        "main_anchor": null,
        "boundary_basis": "v1 세부상권 텍스트와 실제 소비동선·역·거리 구분을 분리한 초안",
        "confidence": "D",
        "status": "text_only",
        "checked_at": "2026-08-27"
      },
      "geometry": null
    },
    {
      "type": "Feature",
      "id": "SEOUL-SEONGDONG-HAENGDANG-HANYANG-SM01",
      "properties": {
        "parent_market_id": "SEOUL-SEONGDONG-HAENGDANG-HANYANG",
        "submarket_id": "SEOUL-SEONGDONG-HAENGDANG-HANYANG-SM01",
        "submarket_name": "왕십리 남측",
        "gu": "성동구",
        "administrative_dong": null,
        "main_station": "한양대|왕십리",
        "main_street": "왕십리로|마조로",
        "main_anchor": null,
        "boundary_basis": "v1 세부상권 텍스트와 실제 소비동선·역·거리 구분을 분리한 초안",
        "confidence": "D",
        "status": "text_only",
        "checked_at": "2026-08-27"
      },
      "geometry": null
    },
    {
      "type": "Feature",
      "id": "SEOUL-SEONGDONG-GEUMHO-OKSU-SM01",
      "properties": {
        "parent_market_id": "SEOUL-SEONGDONG-GEUMHO-OKSU",
        "submarket_id": "SEOUL-SEONGDONG-GEUMHO-OKSU-SM01",
        "submarket_name": "금호역권",
        "gu": "성동구",
        "administrative_dong": null,
        "main_station": "금호|옥수",
        "main_street": "독서당로|동호로",
        "main_anchor": null,
        "boundary_basis": "v1 세부상권 텍스트와 실제 소비동선·역·거리 구분을 분리한 초안",
        "confidence": "D",
        "status": "text_only",
        "checked_at": "2026-08-27"
      },
      "geometry": null
    },
    {
      "type": "Feature",
      "id": "SEOUL-SEONGDONG-GEUMHO-OKSU-SM02",
      "properties": {
        "parent_market_id": "SEOUL-SEONGDONG-GEUMHO-OKSU",
        "submarket_id": "SEOUL-SEONGDONG-GEUMHO-OKSU-SM02",
        "submarket_name": "옥수역권",
        "gu": "성동구",
        "administrative_dong": null,
        "main_station": "금호|옥수",
        "main_street": "독서당로|동호로",
        "main_anchor": null,
        "boundary_basis": "v1 세부상권 텍스트와 실제 소비동선·역·거리 구분을 분리한 초안",
        "confidence": "D",
        "status": "text_only",
        "checked_at": "2026-08-27"
      },
      "geometry": null
    },
    {
      "type": "Feature",
      "id": "SEOUL-SEONGDONG-GEUMHO-OKSU-SM03",
      "properties": {
        "parent_market_id": "SEOUL-SEONGDONG-GEUMHO-OKSU",
        "submarket_id": "SEOUL-SEONGDONG-GEUMHO-OKSU-SM03",
        "submarket_name": "독서당로 주거축",
        "gu": "성동구",
        "administrative_dong": null,
        "main_station": "금호|옥수",
        "main_street": "독서당로|동호로",
        "main_anchor": null,
        "boundary_basis": "v1 세부상권 텍스트와 실제 소비동선·역·거리 구분을 분리한 초안",
        "confidence": "D",
        "status": "text_only",
        "checked_at": "2026-08-27"
      },
      "geometry": null
    },
    {
      "type": "Feature",
      "id": "SEOUL-SEONGDONG-MAJANG-SM01",
      "properties": {
        "parent_market_id": "SEOUL-SEONGDONG-MAJANG",
        "submarket_id": "SEOUL-SEONGDONG-MAJANG-SM01",
        "submarket_name": "마장역권",
        "gu": "성동구",
        "administrative_dong": null,
        "main_station": "마장",
        "main_street": "마장로|고산자로",
        "main_anchor": null,
        "boundary_basis": "v1 세부상권 텍스트와 실제 소비동선·역·거리 구분을 분리한 초안",
        "confidence": "D",
        "status": "text_only",
        "checked_at": "2026-08-27"
      },
      "geometry": null
    },
    {
      "type": "Feature",
      "id": "SEOUL-SEONGDONG-MAJANG-SM02",
      "properties": {
        "parent_market_id": "SEOUL-SEONGDONG-MAJANG",
        "submarket_id": "SEOUL-SEONGDONG-MAJANG-SM02",
        "submarket_name": "청계천 북측",
        "gu": "성동구",
        "administrative_dong": null,
        "main_station": "마장",
        "main_street": "마장로|고산자로",
        "main_anchor": null,
        "boundary_basis": "v1 세부상권 텍스트와 실제 소비동선·역·거리 구분을 분리한 초안",
        "confidence": "D",
        "status": "text_only",
        "checked_at": "2026-08-27"
      },
      "geometry": null
    },
    {
      "type": "Feature",
      "id": "SEOUL-GWANGJIN-KONKUK-SM01",
      "properties": {
        "parent_market_id": "SEOUL-GWANGJIN-KONKUK",
        "submarket_id": "SEOUL-GWANGJIN-KONKUK-SM01",
        "submarket_name": "건대입구역권",
        "gu": "광진구",
        "administrative_dong": null,
        "main_station": "건대입구",
        "main_street": "아차산로|동일로|능동로",
        "main_anchor": null,
        "boundary_basis": "v1 세부상권 텍스트와 실제 소비동선·역·거리 구분을 분리한 초안",
        "confidence": "D",
        "status": "text_only",
        "checked_at": "2026-08-27"
      },
      "geometry": null
    },
    {
      "type": "Feature",
      "id": "SEOUL-GWANGJIN-KONKUK-SM02",
      "properties": {
        "parent_market_id": "SEOUL-GWANGJIN-KONKUK",
        "submarket_id": "SEOUL-GWANGJIN-KONKUK-SM02",
        "submarket_name": "건대 맛의거리",
        "gu": "광진구",
        "administrative_dong": null,
        "main_station": "건대입구",
        "main_street": "아차산로|동일로|능동로",
        "main_anchor": null,
        "boundary_basis": "v1 세부상권 텍스트와 실제 소비동선·역·거리 구분을 분리한 초안",
        "confidence": "D",
        "status": "text_only",
        "checked_at": "2026-08-27"
      },
      "geometry": null
    },
    {
      "type": "Feature",
      "id": "SEOUL-GWANGJIN-KONKUK-SM03",
      "properties": {
        "parent_market_id": "SEOUL-GWANGJIN-KONKUK",
        "submarket_id": "SEOUL-GWANGJIN-KONKUK-SM03",
        "submarket_name": "커먼그라운드",
        "gu": "광진구",
        "administrative_dong": null,
        "main_station": "건대입구",
        "main_street": "아차산로|동일로|능동로",
        "main_anchor": null,
        "boundary_basis": "v1 세부상권 텍스트와 실제 소비동선·역·거리 구분을 분리한 초안",
        "confidence": "D",
        "status": "text_only",
        "checked_at": "2026-08-27"
      },
      "geometry": null
    },
    {
      "type": "Feature",
      "id": "SEOUL-GWANGJIN-GUI-GANGBYEON-SM01",
      "properties": {
        "parent_market_id": "SEOUL-GWANGJIN-GUI-GANGBYEON",
        "submarket_id": "SEOUL-GWANGJIN-GUI-GANGBYEON-SM01",
        "submarket_name": "구의역권",
        "gu": "광진구",
        "administrative_dong": null,
        "main_station": "구의|강변",
        "main_street": "아차산로|강변역로",
        "main_anchor": null,
        "boundary_basis": "v1 세부상권 텍스트와 실제 소비동선·역·거리 구분을 분리한 초안",
        "confidence": "D",
        "status": "text_only",
        "checked_at": "2026-08-27"
      },
      "geometry": null
    },
    {
      "type": "Feature",
      "id": "SEOUL-GWANGJIN-GUI-GANGBYEON-SM02",
      "properties": {
        "parent_market_id": "SEOUL-GWANGJIN-GUI-GANGBYEON",
        "submarket_id": "SEOUL-GWANGJIN-GUI-GANGBYEON-SM02",
        "submarket_name": "강변역권",
        "gu": "광진구",
        "administrative_dong": null,
        "main_station": "구의|강변",
        "main_street": "아차산로|강변역로",
        "main_anchor": null,
        "boundary_basis": "v1 세부상권 텍스트와 실제 소비동선·역·거리 구분을 분리한 초안",
        "confidence": "D",
        "status": "text_only",
        "checked_at": "2026-08-27"
      },
      "geometry": null
    },
    {
      "type": "Feature",
      "id": "SEOUL-GWANGJIN-JAYANG-SM01",
      "properties": {
        "parent_market_id": "SEOUL-GWANGJIN-JAYANG",
        "submarket_id": "SEOUL-GWANGJIN-JAYANG-SM01",
        "submarket_name": "뚝섬한강공원 연결 주거축",
        "gu": "광진구",
        "administrative_dong": null,
        "main_station": "자양|건대입구",
        "main_street": "자양로|뚝섬로",
        "main_anchor": null,
        "boundary_basis": "v1 세부상권 텍스트와 실제 소비동선·역·거리 구분을 분리한 초안",
        "confidence": "D",
        "status": "text_only",
        "checked_at": "2026-08-27"
      },
      "geometry": null
    },
    {
      "type": "Feature",
      "id": "SEOUL-GWANGJIN-CHILDRENSPARK-SEJONG-SM01",
      "properties": {
        "parent_market_id": "SEOUL-GWANGJIN-CHILDRENSPARK-SEJONG",
        "submarket_id": "SEOUL-GWANGJIN-CHILDRENSPARK-SEJONG-SM01",
        "submarket_name": "세종대",
        "gu": "광진구",
        "administrative_dong": null,
        "main_station": "어린이대공원",
        "main_street": "능동로|광나루로",
        "main_anchor": null,
        "boundary_basis": "v1 세부상권 텍스트와 실제 소비동선·역·거리 구분을 분리한 초안",
        "confidence": "D",
        "status": "text_only",
        "checked_at": "2026-08-27"
      },
      "geometry": null
    },
    {
      "type": "Feature",
      "id": "SEOUL-GWANGJIN-CHILDRENSPARK-SEJONG-SM02",
      "properties": {
        "parent_market_id": "SEOUL-GWANGJIN-CHILDRENSPARK-SEJONG",
        "submarket_id": "SEOUL-GWANGJIN-CHILDRENSPARK-SEJONG-SM02",
        "submarket_name": "능동로",
        "gu": "광진구",
        "administrative_dong": null,
        "main_station": "어린이대공원",
        "main_street": "능동로|광나루로",
        "main_anchor": null,
        "boundary_basis": "v1 세부상권 텍스트와 실제 소비동선·역·거리 구분을 분리한 초안",
        "confidence": "D",
        "status": "text_only",
        "checked_at": "2026-08-27"
      },
      "geometry": null
    },
    {
      "type": "Feature",
      "id": "SEOUL-GWANGJIN-GUNJA-JUNGGOK-SM01",
      "properties": {
        "parent_market_id": "SEOUL-GWANGJIN-GUNJA-JUNGGOK",
        "submarket_id": "SEOUL-GWANGJIN-GUNJA-JUNGGOK-SM01",
        "submarket_name": "군자역권",
        "gu": "광진구",
        "administrative_dong": null,
        "main_station": "군자|중곡",
        "main_street": "천호대로|능동로",
        "main_anchor": null,
        "boundary_basis": "v1 세부상권 텍스트와 실제 소비동선·역·거리 구분을 분리한 초안",
        "confidence": "D",
        "status": "text_only",
        "checked_at": "2026-08-27"
      },
      "geometry": null
    },
    {
      "type": "Feature",
      "id": "SEOUL-GWANGJIN-GUNJA-JUNGGOK-SM02",
      "properties": {
        "parent_market_id": "SEOUL-GWANGJIN-GUNJA-JUNGGOK",
        "submarket_id": "SEOUL-GWANGJIN-GUNJA-JUNGGOK-SM02",
        "submarket_name": "용마산 남측 생활권",
        "gu": "광진구",
        "administrative_dong": null,
        "main_station": "군자|중곡",
        "main_street": "천호대로|능동로",
        "main_anchor": null,
        "boundary_basis": "v1 세부상권 텍스트와 실제 소비동선·역·거리 구분을 분리한 초안",
        "confidence": "D",
        "status": "text_only",
        "checked_at": "2026-08-27"
      },
      "geometry": null
    },
    {
      "type": "Feature",
      "id": "SEOUL-DONGDAEMUN-CHEONGNYANGNI-SM01",
      "properties": {
        "parent_market_id": "SEOUL-DONGDAEMUN-CHEONGNYANGNI",
        "submarket_id": "SEOUL-DONGDAEMUN-CHEONGNYANGNI-SM01",
        "submarket_name": "청량리역권",
        "gu": "동대문구",
        "administrative_dong": null,
        "main_station": "청량리",
        "main_street": "왕산로|홍릉로",
        "main_anchor": null,
        "boundary_basis": "v1 세부상권 텍스트와 실제 소비동선·역·거리 구분을 분리한 초안",
        "confidence": "D",
        "status": "text_only",
        "checked_at": "2026-08-27"
      },
      "geometry": null
    },
    {
      "type": "Feature",
      "id": "SEOUL-DONGDAEMUN-HOEGI-KYUNGHEE-SM01",
      "properties": {
        "parent_market_id": "SEOUL-DONGDAEMUN-HOEGI-KYUNGHEE",
        "submarket_id": "SEOUL-DONGDAEMUN-HOEGI-KYUNGHEE-SM01",
        "submarket_name": "회기역권",
        "gu": "동대문구",
        "administrative_dong": null,
        "main_station": "회기",
        "main_street": "회기로|경희대로",
        "main_anchor": null,
        "boundary_basis": "v1 세부상권 텍스트와 실제 소비동선·역·거리 구분을 분리한 초안",
        "confidence": "D",
        "status": "text_only",
        "checked_at": "2026-08-27"
      },
      "geometry": null
    },
    {
      "type": "Feature",
      "id": "SEOUL-DONGDAEMUN-HOEGI-KYUNGHEE-SM02",
      "properties": {
        "parent_market_id": "SEOUL-DONGDAEMUN-HOEGI-KYUNGHEE",
        "submarket_id": "SEOUL-DONGDAEMUN-HOEGI-KYUNGHEE-SM02",
        "submarket_name": "경희대로",
        "gu": "동대문구",
        "administrative_dong": null,
        "main_station": "회기",
        "main_street": "회기로|경희대로",
        "main_anchor": null,
        "boundary_basis": "v1 세부상권 텍스트와 실제 소비동선·역·거리 구분을 분리한 초안",
        "confidence": "D",
        "status": "text_only",
        "checked_at": "2026-08-27"
      },
      "geometry": null
    },
    {
      "type": "Feature",
      "id": "SEOUL-DONGDAEMUN-HUFS-IMUN-SM01",
      "properties": {
        "parent_market_id": "SEOUL-DONGDAEMUN-HUFS-IMUN",
        "submarket_id": "SEOUL-DONGDAEMUN-HUFS-IMUN-SM01",
        "submarket_name": "외대앞역권",
        "gu": "동대문구",
        "administrative_dong": null,
        "main_station": "외대앞",
        "main_street": "이문로|휘경로",
        "main_anchor": null,
        "boundary_basis": "v1 세부상권 텍스트와 실제 소비동선·역·거리 구분을 분리한 초안",
        "confidence": "D",
        "status": "text_only",
        "checked_at": "2026-08-27"
      },
      "geometry": null
    },
    {
      "type": "Feature",
      "id": "SEOUL-DONGDAEMUN-HUFS-IMUN-SM02",
      "properties": {
        "parent_market_id": "SEOUL-DONGDAEMUN-HUFS-IMUN",
        "submarket_id": "SEOUL-DONGDAEMUN-HUFS-IMUN-SM02",
        "submarket_name": "이문동",
        "gu": "동대문구",
        "administrative_dong": null,
        "main_station": "외대앞",
        "main_street": "이문로|휘경로",
        "main_anchor": null,
        "boundary_basis": "v1 세부상권 텍스트와 실제 소비동선·역·거리 구분을 분리한 초안",
        "confidence": "D",
        "status": "text_only",
        "checked_at": "2026-08-27"
      },
      "geometry": null
    },
    {
      "type": "Feature",
      "id": "SEOUL-DONGDAEMUN-JANGAN-DAPSIMNI-SM01",
      "properties": {
        "parent_market_id": "SEOUL-DONGDAEMUN-JANGAN-DAPSIMNI",
        "submarket_id": "SEOUL-DONGDAEMUN-JANGAN-DAPSIMNI-SM01",
        "submarket_name": "장안동 사거리",
        "gu": "동대문구",
        "administrative_dong": null,
        "main_station": "장한평|답십리",
        "main_street": "천호대로|장한로",
        "main_anchor": null,
        "boundary_basis": "v1 세부상권 텍스트와 실제 소비동선·역·거리 구분을 분리한 초안",
        "confidence": "D",
        "status": "text_only",
        "checked_at": "2026-08-27"
      },
      "geometry": null
    },
    {
      "type": "Feature",
      "id": "SEOUL-DONGDAEMUN-JANGAN-DAPSIMNI-SM02",
      "properties": {
        "parent_market_id": "SEOUL-DONGDAEMUN-JANGAN-DAPSIMNI",
        "submarket_id": "SEOUL-DONGDAEMUN-JANGAN-DAPSIMNI-SM02",
        "submarket_name": "답십리역권",
        "gu": "동대문구",
        "administrative_dong": null,
        "main_station": "장한평|답십리",
        "main_street": "천호대로|장한로",
        "main_anchor": null,
        "boundary_basis": "v1 세부상권 텍스트와 실제 소비동선·역·거리 구분을 분리한 초안",
        "confidence": "D",
        "status": "text_only",
        "checked_at": "2026-08-27"
      },
      "geometry": null
    },
    {
      "type": "Feature",
      "id": "SEOUL-DONGDAEMUN-JANGAN-DAPSIMNI-SM03",
      "properties": {
        "parent_market_id": "SEOUL-DONGDAEMUN-JANGAN-DAPSIMNI",
        "submarket_id": "SEOUL-DONGDAEMUN-JANGAN-DAPSIMNI-SM03",
        "submarket_name": "자동차부품상가축",
        "gu": "동대문구",
        "administrative_dong": null,
        "main_station": "장한평|답십리",
        "main_street": "천호대로|장한로",
        "main_anchor": null,
        "boundary_basis": "v1 세부상권 텍스트와 실제 소비동선·역·거리 구분을 분리한 초안",
        "confidence": "D",
        "status": "text_only",
        "checked_at": "2026-08-27"
      },
      "geometry": null
    },
    {
      "type": "Feature",
      "id": "SEOUL-DONGDAEMUN-JEONNONG-SM01",
      "properties": {
        "parent_market_id": "SEOUL-DONGDAEMUN-JEONNONG",
        "submarket_id": "SEOUL-DONGDAEMUN-JEONNONG-SM01",
        "submarket_name": "전농사거리",
        "gu": "동대문구",
        "administrative_dong": null,
        "main_station": "청량리",
        "main_street": "전농로|답십리로",
        "main_anchor": null,
        "boundary_basis": "v1 세부상권 텍스트와 실제 소비동선·역·거리 구분을 분리한 초안",
        "confidence": "D",
        "status": "text_only",
        "checked_at": "2026-08-27"
      },
      "geometry": null
    },
    {
      "type": "Feature",
      "id": "SEOUL-DONGDAEMUN-JEONNONG-SM02",
      "properties": {
        "parent_market_id": "SEOUL-DONGDAEMUN-JEONNONG",
        "submarket_id": "SEOUL-DONGDAEMUN-JEONNONG-SM02",
        "submarket_name": "전농동 아파트단지",
        "gu": "동대문구",
        "administrative_dong": null,
        "main_station": "청량리",
        "main_street": "전농로|답십리로",
        "main_anchor": null,
        "boundary_basis": "v1 세부상권 텍스트와 실제 소비동선·역·거리 구분을 분리한 초안",
        "confidence": "D",
        "status": "text_only",
        "checked_at": "2026-08-27"
      },
      "geometry": null
    },
    {
      "type": "Feature",
      "id": "SEOUL-DONGDAEMUN-JEONNONG-SM03",
      "properties": {
        "parent_market_id": "SEOUL-DONGDAEMUN-JEONNONG",
        "submarket_id": "SEOUL-DONGDAEMUN-JEONNONG-SM03",
        "submarket_name": "청량리 남측",
        "gu": "동대문구",
        "administrative_dong": null,
        "main_station": "청량리",
        "main_street": "전농로|답십리로",
        "main_anchor": null,
        "boundary_basis": "v1 세부상권 텍스트와 실제 소비동선·역·거리 구분을 분리한 초안",
        "confidence": "D",
        "status": "text_only",
        "checked_at": "2026-08-27"
      },
      "geometry": null
    },
    {
      "type": "Feature",
      "id": "SEOUL-DONGDAEMUN-JEGI-YONGDU-SINSEOL-SM01",
      "properties": {
        "parent_market_id": "SEOUL-DONGDAEMUN-JEGI-YONGDU-SINSEOL",
        "submarket_id": "SEOUL-DONGDAEMUN-JEGI-YONGDU-SINSEOL-SM01",
        "submarket_name": "신설동역권",
        "gu": "동대문구",
        "administrative_dong": null,
        "main_station": "제기동|용두|신설동",
        "main_street": "왕산로|무학로",
        "main_anchor": null,
        "boundary_basis": "v1 세부상권 텍스트와 실제 소비동선·역·거리 구분을 분리한 초안",
        "confidence": "D",
        "status": "text_only",
        "checked_at": "2026-08-27"
      },
      "geometry": null
    },
    {
      "type": "Feature",
      "id": "SEOUL-JUNGNANG-SANGBONG-SM01",
      "properties": {
        "parent_market_id": "SEOUL-JUNGNANG-SANGBONG",
        "submarket_id": "SEOUL-JUNGNANG-SANGBONG-SM01",
        "submarket_name": "상봉역권",
        "gu": "중랑구",
        "administrative_dong": null,
        "main_station": "상봉",
        "main_street": "망우로|상봉로",
        "main_anchor": null,
        "boundary_basis": "v1 세부상권 텍스트와 실제 소비동선·역·거리 구분을 분리한 초안",
        "confidence": "D",
        "status": "text_only",
        "checked_at": "2026-08-27"
      },
      "geometry": null
    },
    {
      "type": "Feature",
      "id": "SEOUL-JUNGNANG-SANGBONG-SM02",
      "properties": {
        "parent_market_id": "SEOUL-JUNGNANG-SANGBONG",
        "submarket_id": "SEOUL-JUNGNANG-SANGBONG-SM02",
        "submarket_name": "상봉터미널 일대",
        "gu": "중랑구",
        "administrative_dong": null,
        "main_station": "상봉",
        "main_street": "망우로|상봉로",
        "main_anchor": null,
        "boundary_basis": "v1 세부상권 텍스트와 실제 소비동선·역·거리 구분을 분리한 초안",
        "confidence": "D",
        "status": "text_only",
        "checked_at": "2026-08-27"
      },
      "geometry": null
    },
    {
      "type": "Feature",
      "id": "SEOUL-JUNGNANG-MANGU-SM01",
      "properties": {
        "parent_market_id": "SEOUL-JUNGNANG-MANGU",
        "submarket_id": "SEOUL-JUNGNANG-MANGU-SM01",
        "submarket_name": "망우역권",
        "gu": "중랑구",
        "administrative_dong": null,
        "main_station": "망우",
        "main_street": "망우로|용마산로",
        "main_anchor": null,
        "boundary_basis": "v1 세부상권 텍스트와 실제 소비동선·역·거리 구분을 분리한 초안",
        "confidence": "D",
        "status": "text_only",
        "checked_at": "2026-08-27"
      },
      "geometry": null
    },
    {
      "type": "Feature",
      "id": "SEOUL-JUNGNANG-MANGU-SM02",
      "properties": {
        "parent_market_id": "SEOUL-JUNGNANG-MANGU",
        "submarket_id": "SEOUL-JUNGNANG-MANGU-SM02",
        "submarket_name": "망우로 생활축",
        "gu": "중랑구",
        "administrative_dong": null,
        "main_station": "망우",
        "main_street": "망우로|용마산로",
        "main_anchor": null,
        "boundary_basis": "v1 세부상권 텍스트와 실제 소비동선·역·거리 구분을 분리한 초안",
        "confidence": "D",
        "status": "text_only",
        "checked_at": "2026-08-27"
      },
      "geometry": null
    },
    {
      "type": "Feature",
      "id": "SEOUL-JUNGNANG-MYEONMOK-SAGAJEONG-SM01",
      "properties": {
        "parent_market_id": "SEOUL-JUNGNANG-MYEONMOK-SAGAJEONG",
        "submarket_id": "SEOUL-JUNGNANG-MYEONMOK-SAGAJEONG-SM01",
        "submarket_name": "사가정역권",
        "gu": "중랑구",
        "administrative_dong": null,
        "main_station": "사가정|면목",
        "main_street": "사가정로|면목로",
        "main_anchor": null,
        "boundary_basis": "v1 세부상권 텍스트와 실제 소비동선·역·거리 구분을 분리한 초안",
        "confidence": "D",
        "status": "text_only",
        "checked_at": "2026-08-27"
      },
      "geometry": null
    },
    {
      "type": "Feature",
      "id": "SEOUL-JUNGNANG-MYEONMOK-SAGAJEONG-SM02",
      "properties": {
        "parent_market_id": "SEOUL-JUNGNANG-MYEONMOK-SAGAJEONG",
        "submarket_id": "SEOUL-JUNGNANG-MYEONMOK-SAGAJEONG-SM02",
        "submarket_name": "용마산 서측",
        "gu": "중랑구",
        "administrative_dong": null,
        "main_station": "사가정|면목",
        "main_street": "사가정로|면목로",
        "main_anchor": null,
        "boundary_basis": "v1 세부상권 텍스트와 실제 소비동선·역·거리 구분을 분리한 초안",
        "confidence": "D",
        "status": "text_only",
        "checked_at": "2026-08-27"
      },
      "geometry": null
    },
    {
      "type": "Feature",
      "id": "SEOUL-JUNGNANG-SINNAE-SM01",
      "properties": {
        "parent_market_id": "SEOUL-JUNGNANG-SINNAE",
        "submarket_id": "SEOUL-JUNGNANG-SINNAE-SM01",
        "submarket_name": "신내역권",
        "gu": "중랑구",
        "administrative_dong": null,
        "main_station": "신내|봉화산",
        "main_street": "신내로|봉화산로",
        "main_anchor": null,
        "boundary_basis": "v1 세부상권 텍스트와 실제 소비동선·역·거리 구분을 분리한 초안",
        "confidence": "D",
        "status": "text_only",
        "checked_at": "2026-08-27"
      },
      "geometry": null
    },
    {
      "type": "Feature",
      "id": "SEOUL-JUNGNANG-SINNAE-SM02",
      "properties": {
        "parent_market_id": "SEOUL-JUNGNANG-SINNAE",
        "submarket_id": "SEOUL-JUNGNANG-SINNAE-SM02",
        "submarket_name": "신내지구",
        "gu": "중랑구",
        "administrative_dong": null,
        "main_station": "신내|봉화산",
        "main_street": "신내로|봉화산로",
        "main_anchor": null,
        "boundary_basis": "v1 세부상권 텍스트와 실제 소비동선·역·거리 구분을 분리한 초안",
        "confidence": "D",
        "status": "text_only",
        "checked_at": "2026-08-27"
      },
      "geometry": null
    },
    {
      "type": "Feature",
      "id": "SEOUL-JUNGNANG-SINNAE-SM03",
      "properties": {
        "parent_market_id": "SEOUL-JUNGNANG-SINNAE",
        "submarket_id": "SEOUL-JUNGNANG-SINNAE-SM03",
        "submarket_name": "봉화산역 주거권",
        "gu": "중랑구",
        "administrative_dong": null,
        "main_station": "신내|봉화산",
        "main_street": "신내로|봉화산로",
        "main_anchor": null,
        "boundary_basis": "v1 세부상권 텍스트와 실제 소비동선·역·거리 구분을 분리한 초안",
        "confidence": "D",
        "status": "text_only",
        "checked_at": "2026-08-27"
      },
      "geometry": null
    },
    {
      "type": "Feature",
      "id": "SEOUL-JUNGNANG-JUNGHWA-SM01",
      "properties": {
        "parent_market_id": "SEOUL-JUNGNANG-JUNGHWA",
        "submarket_id": "SEOUL-JUNGNANG-JUNGHWA-SM01",
        "submarket_name": "중화역권",
        "gu": "중랑구",
        "administrative_dong": null,
        "main_station": "중화",
        "main_street": "동일로|중랑천로",
        "main_anchor": null,
        "boundary_basis": "v1 세부상권 텍스트와 실제 소비동선·역·거리 구분을 분리한 초안",
        "confidence": "D",
        "status": "text_only",
        "checked_at": "2026-08-27"
      },
      "geometry": null
    },
    {
      "type": "Feature",
      "id": "SEOUL-JUNGNANG-JUNGHWA-SM02",
      "properties": {
        "parent_market_id": "SEOUL-JUNGNANG-JUNGHWA",
        "submarket_id": "SEOUL-JUNGNANG-JUNGHWA-SM02",
        "submarket_name": "중랑천",
        "gu": "중랑구",
        "administrative_dong": null,
        "main_station": "중화",
        "main_street": "동일로|중랑천로",
        "main_anchor": null,
        "boundary_basis": "v1 세부상권 텍스트와 실제 소비동선·역·거리 구분을 분리한 초안",
        "confidence": "D",
        "status": "text_only",
        "checked_at": "2026-08-27"
      },
      "geometry": null
    },
    {
      "type": "Feature",
      "id": "SEOUL-JUNGNANG-JUNGHWA-SM03",
      "properties": {
        "parent_market_id": "SEOUL-JUNGNANG-JUNGHWA",
        "submarket_id": "SEOUL-JUNGNANG-JUNGHWA-SM03",
        "submarket_name": "태릉시장 생활권",
        "gu": "중랑구",
        "administrative_dong": null,
        "main_station": "중화",
        "main_street": "동일로|중랑천로",
        "main_anchor": null,
        "boundary_basis": "v1 세부상권 텍스트와 실제 소비동선·역·거리 구분을 분리한 초안",
        "confidence": "D",
        "status": "text_only",
        "checked_at": "2026-08-27"
      },
      "geometry": null
    },
    {
      "type": "Feature",
      "id": "SEOUL-SEONGBUK-SUNGSHIN-SM01",
      "properties": {
        "parent_market_id": "SEOUL-SEONGBUK-SUNGSHIN",
        "submarket_id": "SEOUL-SEONGBUK-SUNGSHIN-SM01",
        "submarket_name": "성신여대입구역권",
        "gu": "성북구",
        "administrative_dong": null,
        "main_station": "성신여대입구",
        "main_street": "동소문로|보문로",
        "main_anchor": null,
        "boundary_basis": "v1 세부상권 텍스트와 실제 소비동선·역·거리 구분을 분리한 초안",
        "confidence": "D",
        "status": "text_only",
        "checked_at": "2026-08-27"
      },
      "geometry": null
    },
    {
      "type": "Feature",
      "id": "SEOUL-SEONGBUK-SUNGSHIN-SM02",
      "properties": {
        "parent_market_id": "SEOUL-SEONGBUK-SUNGSHIN",
        "submarket_id": "SEOUL-SEONGBUK-SUNGSHIN-SM02",
        "submarket_name": "성신여대 로데오",
        "gu": "성북구",
        "administrative_dong": null,
        "main_station": "성신여대입구",
        "main_street": "동소문로|보문로",
        "main_anchor": null,
        "boundary_basis": "v1 세부상권 텍스트와 실제 소비동선·역·거리 구분을 분리한 초안",
        "confidence": "D",
        "status": "text_only",
        "checked_at": "2026-08-27"
      },
      "geometry": null
    },
    {
      "type": "Feature",
      "id": "SEOUL-SEONGBUK-ANAM-KOREAUNIV-SM01",
      "properties": {
        "parent_market_id": "SEOUL-SEONGBUK-ANAM-KOREAUNIV",
        "submarket_id": "SEOUL-SEONGBUK-ANAM-KOREAUNIV-SM01",
        "submarket_name": "안암역권",
        "gu": "성북구",
        "administrative_dong": null,
        "main_station": "안암|고려대",
        "main_street": "안암로|개운사길",
        "main_anchor": null,
        "boundary_basis": "v1 세부상권 텍스트와 실제 소비동선·역·거리 구분을 분리한 초안",
        "confidence": "D",
        "status": "text_only",
        "checked_at": "2026-08-27"
      },
      "geometry": null
    },
    {
      "type": "Feature",
      "id": "SEOUL-SEONGBUK-GIREUM-SM01",
      "properties": {
        "parent_market_id": "SEOUL-SEONGBUK-GIREUM",
        "submarket_id": "SEOUL-SEONGBUK-GIREUM-SM01",
        "submarket_name": "길음역권",
        "gu": "성북구",
        "administrative_dong": null,
        "main_station": "길음",
        "main_street": "동소문로|삼양로",
        "main_anchor": null,
        "boundary_basis": "v1 세부상권 텍스트와 실제 소비동선·역·거리 구분을 분리한 초안",
        "confidence": "D",
        "status": "text_only",
        "checked_at": "2026-08-27"
      },
      "geometry": null
    },
    {
      "type": "Feature",
      "id": "SEOUL-SEONGBUK-GIREUM-SM02",
      "properties": {
        "parent_market_id": "SEOUL-SEONGBUK-GIREUM",
        "submarket_id": "SEOUL-SEONGBUK-GIREUM-SM02",
        "submarket_name": "길음뉴타운",
        "gu": "성북구",
        "administrative_dong": null,
        "main_station": "길음",
        "main_street": "동소문로|삼양로",
        "main_anchor": null,
        "boundary_basis": "v1 세부상권 텍스트와 실제 소비동선·역·거리 구분을 분리한 초안",
        "confidence": "D",
        "status": "text_only",
        "checked_at": "2026-08-27"
      },
      "geometry": null
    },
    {
      "type": "Feature",
      "id": "SEOUL-SEONGBUK-GIREUM-SM03",
      "properties": {
        "parent_market_id": "SEOUL-SEONGBUK-GIREUM",
        "submarket_id": "SEOUL-SEONGBUK-GIREUM-SM03",
        "submarket_name": "미아사거리 남측",
        "gu": "성북구",
        "administrative_dong": null,
        "main_station": "길음",
        "main_street": "동소문로|삼양로",
        "main_anchor": null,
        "boundary_basis": "v1 세부상권 텍스트와 실제 소비동선·역·거리 구분을 분리한 초안",
        "confidence": "D",
        "status": "text_only",
        "checked_at": "2026-08-27"
      },
      "geometry": null
    },
    {
      "type": "Feature",
      "id": "SEOUL-SEONGBUK-HANSUNG-SEONGBUK-SM01",
      "properties": {
        "parent_market_id": "SEOUL-SEONGBUK-HANSUNG-SEONGBUK",
        "submarket_id": "SEOUL-SEONGBUK-HANSUNG-SEONGBUK-SM01",
        "submarket_name": "한성대입구역권",
        "gu": "성북구",
        "administrative_dong": null,
        "main_station": "한성대입구",
        "main_street": "성북로|동소문로",
        "main_anchor": null,
        "boundary_basis": "v1 세부상권 텍스트와 실제 소비동선·역·거리 구분을 분리한 초안",
        "confidence": "D",
        "status": "text_only",
        "checked_at": "2026-08-27"
      },
      "geometry": null
    },
    {
      "type": "Feature",
      "id": "SEOUL-SEONGBUK-HANSUNG-SEONGBUK-SM02",
      "properties": {
        "parent_market_id": "SEOUL-SEONGBUK-HANSUNG-SEONGBUK",
        "submarket_id": "SEOUL-SEONGBUK-HANSUNG-SEONGBUK-SM02",
        "submarket_name": "성북동길",
        "gu": "성북구",
        "administrative_dong": null,
        "main_station": "한성대입구",
        "main_street": "성북로|동소문로",
        "main_anchor": null,
        "boundary_basis": "v1 세부상권 텍스트와 실제 소비동선·역·거리 구분을 분리한 초안",
        "confidence": "D",
        "status": "text_only",
        "checked_at": "2026-08-27"
      },
      "geometry": null
    },
    {
      "type": "Feature",
      "id": "SEOUL-SEONGBUK-HANSUNG-SEONGBUK-SM03",
      "properties": {
        "parent_market_id": "SEOUL-SEONGBUK-HANSUNG-SEONGBUK",
        "submarket_id": "SEOUL-SEONGBUK-HANSUNG-SEONGBUK-SM03",
        "submarket_name": "성곽길",
        "gu": "성북구",
        "administrative_dong": null,
        "main_station": "한성대입구",
        "main_street": "성북로|동소문로",
        "main_anchor": null,
        "boundary_basis": "v1 세부상권 텍스트와 실제 소비동선·역·거리 구분을 분리한 초안",
        "confidence": "D",
        "status": "text_only",
        "checked_at": "2026-08-27"
      },
      "geometry": null
    },
    {
      "type": "Feature",
      "id": "SEOUL-SEONGBUK-SEOKGYE-JANGWI-SM01",
      "properties": {
        "parent_market_id": "SEOUL-SEONGBUK-SEOKGYE-JANGWI",
        "submarket_id": "SEOUL-SEONGBUK-SEOKGYE-JANGWI-SM01",
        "submarket_name": "석계역권",
        "gu": "성북구",
        "administrative_dong": null,
        "main_station": "석계|돌곶이",
        "main_street": "화랑로|한천로",
        "main_anchor": null,
        "boundary_basis": "v1 세부상권 텍스트와 실제 소비동선·역·거리 구분을 분리한 초안",
        "confidence": "D",
        "status": "text_only",
        "checked_at": "2026-08-27"
      },
      "geometry": null
    },
    {
      "type": "Feature",
      "id": "SEOUL-SEONGBUK-SEOKGYE-JANGWI-SM02",
      "properties": {
        "parent_market_id": "SEOUL-SEONGBUK-SEOKGYE-JANGWI",
        "submarket_id": "SEOUL-SEONGBUK-SEOKGYE-JANGWI-SM02",
        "submarket_name": "장위뉴타운",
        "gu": "성북구",
        "administrative_dong": null,
        "main_station": "석계|돌곶이",
        "main_street": "화랑로|한천로",
        "main_anchor": null,
        "boundary_basis": "v1 세부상권 텍스트와 실제 소비동선·역·거리 구분을 분리한 초안",
        "confidence": "D",
        "status": "text_only",
        "checked_at": "2026-08-27"
      },
      "geometry": null
    },
    {
      "type": "Feature",
      "id": "SEOUL-SEONGBUK-SEOKGYE-JANGWI-SM03",
      "properties": {
        "parent_market_id": "SEOUL-SEONGBUK-SEOKGYE-JANGWI",
        "submarket_id": "SEOUL-SEONGBUK-SEOKGYE-JANGWI-SM03",
        "submarket_name": "돌곶이역권",
        "gu": "성북구",
        "administrative_dong": null,
        "main_station": "석계|돌곶이",
        "main_street": "화랑로|한천로",
        "main_anchor": null,
        "boundary_basis": "v1 세부상권 텍스트와 실제 소비동선·역·거리 구분을 분리한 초안",
        "confidence": "D",
        "status": "text_only",
        "checked_at": "2026-08-27"
      },
      "geometry": null
    },
    {
      "type": "Feature",
      "id": "SEOUL-SEONGBUK-JEONGNEUNG-SM01",
      "properties": {
        "parent_market_id": "SEOUL-SEONGBUK-JEONGNEUNG",
        "submarket_id": "SEOUL-SEONGBUK-JEONGNEUNG-SM01",
        "submarket_name": "국민대",
        "gu": "성북구",
        "administrative_dong": null,
        "main_station": "정릉",
        "main_street": "정릉로|보국문로",
        "main_anchor": null,
        "boundary_basis": "v1 세부상권 텍스트와 실제 소비동선·역·거리 구분을 분리한 초안",
        "confidence": "D",
        "status": "text_only",
        "checked_at": "2026-08-27"
      },
      "geometry": null
    },
    {
      "type": "Feature",
      "id": "SEOUL-SEONGBUK-JEONGNEUNG-SM02",
      "properties": {
        "parent_market_id": "SEOUL-SEONGBUK-JEONGNEUNG",
        "submarket_id": "SEOUL-SEONGBUK-JEONGNEUNG-SM02",
        "submarket_name": "북한산 입구",
        "gu": "성북구",
        "administrative_dong": null,
        "main_station": "정릉",
        "main_street": "정릉로|보국문로",
        "main_anchor": null,
        "boundary_basis": "v1 세부상권 텍스트와 실제 소비동선·역·거리 구분을 분리한 초안",
        "confidence": "D",
        "status": "text_only",
        "checked_at": "2026-08-27"
      },
      "geometry": null
    },
    {
      "type": "Feature",
      "id": "SEOUL-GANGBUK-SUYU-SM01",
      "properties": {
        "parent_market_id": "SEOUL-GANGBUK-SUYU",
        "submarket_id": "SEOUL-GANGBUK-SUYU-SM01",
        "submarket_name": "수유역권",
        "gu": "강북구",
        "administrative_dong": null,
        "main_station": "수유",
        "main_street": "도봉로|노해로",
        "main_anchor": null,
        "boundary_basis": "v1 세부상권 텍스트와 실제 소비동선·역·거리 구분을 분리한 초안",
        "confidence": "D",
        "status": "text_only",
        "checked_at": "2026-08-27"
      },
      "geometry": null
    },
    {
      "type": "Feature",
      "id": "SEOUL-GANGBUK-SUYU-SM02",
      "properties": {
        "parent_market_id": "SEOUL-GANGBUK-SUYU",
        "submarket_id": "SEOUL-GANGBUK-SUYU-SM02",
        "submarket_name": "수유 먹자골목",
        "gu": "강북구",
        "administrative_dong": null,
        "main_station": "수유",
        "main_street": "도봉로|노해로",
        "main_anchor": null,
        "boundary_basis": "v1 세부상권 텍스트와 실제 소비동선·역·거리 구분을 분리한 초안",
        "confidence": "D",
        "status": "text_only",
        "checked_at": "2026-08-27"
      },
      "geometry": null
    },
    {
      "type": "Feature",
      "id": "SEOUL-GANGBUK-SUYU-SM03",
      "properties": {
        "parent_market_id": "SEOUL-GANGBUK-SUYU",
        "submarket_id": "SEOUL-GANGBUK-SUYU-SM03",
        "submarket_name": "강북구청",
        "gu": "강북구",
        "administrative_dong": null,
        "main_station": "수유",
        "main_street": "도봉로|노해로",
        "main_anchor": null,
        "boundary_basis": "v1 세부상권 텍스트와 실제 소비동선·역·거리 구분을 분리한 초안",
        "confidence": "D",
        "status": "text_only",
        "checked_at": "2026-08-27"
      },
      "geometry": null
    },
    {
      "type": "Feature",
      "id": "SEOUL-GANGBUK-MIASAGEORI-SM01",
      "properties": {
        "parent_market_id": "SEOUL-GANGBUK-MIASAGEORI",
        "submarket_id": "SEOUL-GANGBUK-MIASAGEORI-SM01",
        "submarket_name": "미아사거리역권",
        "gu": "강북구",
        "administrative_dong": null,
        "main_station": "미아사거리",
        "main_street": "도봉로|월계로",
        "main_anchor": null,
        "boundary_basis": "v1 세부상권 텍스트와 실제 소비동선·역·거리 구분을 분리한 초안",
        "confidence": "D",
        "status": "text_only",
        "checked_at": "2026-08-27"
      },
      "geometry": null
    },
    {
      "type": "Feature",
      "id": "SEOUL-GANGBUK-MIASAGEORI-SM02",
      "properties": {
        "parent_market_id": "SEOUL-GANGBUK-MIASAGEORI",
        "submarket_id": "SEOUL-GANGBUK-MIASAGEORI-SM02",
        "submarket_name": "도봉로 교차축",
        "gu": "강북구",
        "administrative_dong": null,
        "main_station": "미아사거리",
        "main_street": "도봉로|월계로",
        "main_anchor": null,
        "boundary_basis": "v1 세부상권 텍스트와 실제 소비동선·역·거리 구분을 분리한 초안",
        "confidence": "D",
        "status": "text_only",
        "checked_at": "2026-08-27"
      },
      "geometry": null
    },
    {
      "type": "Feature",
      "id": "SEOUL-GANGBUK-MIA-BEON-SM01",
      "properties": {
        "parent_market_id": "SEOUL-GANGBUK-MIA-BEON",
        "submarket_id": "SEOUL-GANGBUK-MIA-BEON-SM01",
        "submarket_name": "미아역권",
        "gu": "강북구",
        "administrative_dong": null,
        "main_station": "미아",
        "main_street": "도봉로|오현로",
        "main_anchor": null,
        "boundary_basis": "v1 세부상권 텍스트와 실제 소비동선·역·거리 구분을 분리한 초안",
        "confidence": "D",
        "status": "text_only",
        "checked_at": "2026-08-27"
      },
      "geometry": null
    },
    {
      "type": "Feature",
      "id": "SEOUL-GANGBUK-MIA-BEON-SM02",
      "properties": {
        "parent_market_id": "SEOUL-GANGBUK-MIA-BEON",
        "submarket_id": "SEOUL-GANGBUK-MIA-BEON-SM02",
        "submarket_name": "번동사거리",
        "gu": "강북구",
        "administrative_dong": null,
        "main_station": "미아",
        "main_street": "도봉로|오현로",
        "main_anchor": null,
        "boundary_basis": "v1 세부상권 텍스트와 실제 소비동선·역·거리 구분을 분리한 초안",
        "confidence": "D",
        "status": "text_only",
        "checked_at": "2026-08-27"
      },
      "geometry": null
    },
    {
      "type": "Feature",
      "id": "SEOUL-GANGBUK-MIA-BEON-SM03",
      "properties": {
        "parent_market_id": "SEOUL-GANGBUK-MIA-BEON",
        "submarket_id": "SEOUL-GANGBUK-MIA-BEON-SM03",
        "submarket_name": "북서울꿈의숲 서측",
        "gu": "강북구",
        "administrative_dong": null,
        "main_station": "미아",
        "main_street": "도봉로|오현로",
        "main_anchor": null,
        "boundary_basis": "v1 세부상권 텍스트와 실제 소비동선·역·거리 구분을 분리한 초안",
        "confidence": "D",
        "status": "text_only",
        "checked_at": "2026-08-27"
      },
      "geometry": null
    },
    {
      "type": "Feature",
      "id": "SEOUL-GANGBUK-UI-BUKHANSAN-SM01",
      "properties": {
        "parent_market_id": "SEOUL-GANGBUK-UI-BUKHANSAN",
        "submarket_id": "SEOUL-GANGBUK-UI-BUKHANSAN-SM01",
        "submarket_name": "북한산우이역권",
        "gu": "강북구",
        "administrative_dong": null,
        "main_station": "북한산우이|솔밭공원",
        "main_street": "삼양로|우이동길",
        "main_anchor": null,
        "boundary_basis": "v1 세부상권 텍스트와 실제 소비동선·역·거리 구분을 분리한 초안",
        "confidence": "D",
        "status": "text_only",
        "checked_at": "2026-08-27"
      },
      "geometry": null
    },
    {
      "type": "Feature",
      "id": "SEOUL-GANGBUK-UI-BUKHANSAN-SM02",
      "properties": {
        "parent_market_id": "SEOUL-GANGBUK-UI-BUKHANSAN",
        "submarket_id": "SEOUL-GANGBUK-UI-BUKHANSAN-SM02",
        "submarket_name": "우이동 계곡",
        "gu": "강북구",
        "administrative_dong": null,
        "main_station": "북한산우이|솔밭공원",
        "main_street": "삼양로|우이동길",
        "main_anchor": null,
        "boundary_basis": "v1 세부상권 텍스트와 실제 소비동선·역·거리 구분을 분리한 초안",
        "confidence": "D",
        "status": "text_only",
        "checked_at": "2026-08-27"
      },
      "geometry": null
    },
    {
      "type": "Feature",
      "id": "SEOUL-DOBONG-CHANGDONG-SM01",
      "properties": {
        "parent_market_id": "SEOUL-DOBONG-CHANGDONG",
        "submarket_id": "SEOUL-DOBONG-CHANGDONG-SM01",
        "submarket_name": "창동역권",
        "gu": "도봉구",
        "administrative_dong": null,
        "main_station": "창동",
        "main_street": "도봉로|노해로",
        "main_anchor": null,
        "boundary_basis": "v1 세부상권 텍스트와 실제 소비동선·역·거리 구분을 분리한 초안",
        "confidence": "D",
        "status": "text_only",
        "checked_at": "2026-08-27"
      },
      "geometry": null
    },
    {
      "type": "Feature",
      "id": "SEOUL-DOBONG-CHANGDONG-SM02",
      "properties": {
        "parent_market_id": "SEOUL-DOBONG-CHANGDONG",
        "submarket_id": "SEOUL-DOBONG-CHANGDONG-SM02",
        "submarket_name": "창동민자역사 예정권",
        "gu": "도봉구",
        "administrative_dong": null,
        "main_station": "창동",
        "main_street": "도봉로|노해로",
        "main_anchor": null,
        "boundary_basis": "v1 세부상권 텍스트와 실제 소비동선·역·거리 구분을 분리한 초안",
        "confidence": "D",
        "status": "text_only",
        "checked_at": "2026-08-27"
      },
      "geometry": null
    },
    {
      "type": "Feature",
      "id": "SEOUL-DOBONG-CHANGDONG-SM03",
      "properties": {
        "parent_market_id": "SEOUL-DOBONG-CHANGDONG",
        "submarket_id": "SEOUL-DOBONG-CHANGDONG-SM03",
        "submarket_name": "하나로마트축",
        "gu": "도봉구",
        "administrative_dong": null,
        "main_station": "창동",
        "main_street": "도봉로|노해로",
        "main_anchor": null,
        "boundary_basis": "v1 세부상권 텍스트와 실제 소비동선·역·거리 구분을 분리한 초안",
        "confidence": "D",
        "status": "text_only",
        "checked_at": "2026-08-27"
      },
      "geometry": null
    },
    {
      "type": "Feature",
      "id": "SEOUL-DOBONG-SSANGMUN-SM01",
      "properties": {
        "parent_market_id": "SEOUL-DOBONG-SSANGMUN",
        "submarket_id": "SEOUL-DOBONG-SSANGMUN-SM01",
        "submarket_name": "쌍문역권",
        "gu": "도봉구",
        "administrative_dong": null,
        "main_station": "쌍문",
        "main_street": "도봉로|노해로",
        "main_anchor": null,
        "boundary_basis": "v1 세부상권 텍스트와 실제 소비동선·역·거리 구분을 분리한 초안",
        "confidence": "D",
        "status": "text_only",
        "checked_at": "2026-08-27"
      },
      "geometry": null
    },
    {
      "type": "Feature",
      "id": "SEOUL-DOBONG-SSANGMUN-SM02",
      "properties": {
        "parent_market_id": "SEOUL-DOBONG-SSANGMUN",
        "submarket_id": "SEOUL-DOBONG-SSANGMUN-SM02",
        "submarket_name": "쌍리단길",
        "gu": "도봉구",
        "administrative_dong": null,
        "main_station": "쌍문",
        "main_street": "도봉로|노해로",
        "main_anchor": null,
        "boundary_basis": "v1 세부상권 텍스트와 실제 소비동선·역·거리 구분을 분리한 초안",
        "confidence": "D",
        "status": "text_only",
        "checked_at": "2026-08-27"
      },
      "geometry": null
    },
    {
      "type": "Feature",
      "id": "SEOUL-DOBONG-SSANGMUN-SM03",
      "properties": {
        "parent_market_id": "SEOUL-DOBONG-SSANGMUN",
        "submarket_id": "SEOUL-DOBONG-SSANGMUN-SM03",
        "submarket_name": "도봉보건소 남측",
        "gu": "도봉구",
        "administrative_dong": null,
        "main_station": "쌍문",
        "main_street": "도봉로|노해로",
        "main_anchor": null,
        "boundary_basis": "v1 세부상권 텍스트와 실제 소비동선·역·거리 구분을 분리한 초안",
        "confidence": "D",
        "status": "text_only",
        "checked_at": "2026-08-27"
      },
      "geometry": null
    },
    {
      "type": "Feature",
      "id": "SEOUL-DOBONG-BANGHAK-SM01",
      "properties": {
        "parent_market_id": "SEOUL-DOBONG-BANGHAK",
        "submarket_id": "SEOUL-DOBONG-BANGHAK-SM01",
        "submarket_name": "방학역권",
        "gu": "도봉구",
        "administrative_dong": null,
        "main_station": "방학",
        "main_street": "도봉로|방학로",
        "main_anchor": null,
        "boundary_basis": "v1 세부상권 텍스트와 실제 소비동선·역·거리 구분을 분리한 초안",
        "confidence": "D",
        "status": "text_only",
        "checked_at": "2026-08-27"
      },
      "geometry": null
    },
    {
      "type": "Feature",
      "id": "SEOUL-DOBONG-BANGHAK-SM02",
      "properties": {
        "parent_market_id": "SEOUL-DOBONG-BANGHAK",
        "submarket_id": "SEOUL-DOBONG-BANGHAK-SM02",
        "submarket_name": "도봉구청",
        "gu": "도봉구",
        "administrative_dong": null,
        "main_station": "방학",
        "main_street": "도봉로|방학로",
        "main_anchor": null,
        "boundary_basis": "v1 세부상권 텍스트와 실제 소비동선·역·거리 구분을 분리한 초안",
        "confidence": "D",
        "status": "text_only",
        "checked_at": "2026-08-27"
      },
      "geometry": null
    },
    {
      "type": "Feature",
      "id": "SEOUL-DOBONG-DOBONGSAN-SM01",
      "properties": {
        "parent_market_id": "SEOUL-DOBONG-DOBONGSAN",
        "submarket_id": "SEOUL-DOBONG-DOBONGSAN-SM01",
        "submarket_name": "도봉산역권",
        "gu": "도봉구",
        "administrative_dong": null,
        "main_station": "도봉산",
        "main_street": "도봉산길|도봉로",
        "main_anchor": null,
        "boundary_basis": "v1 세부상권 텍스트와 실제 소비동선·역·거리 구분을 분리한 초안",
        "confidence": "D",
        "status": "text_only",
        "checked_at": "2026-08-27"
      },
      "geometry": null
    },
    {
      "type": "Feature",
      "id": "SEOUL-DOBONG-DOBONGSAN-SM02",
      "properties": {
        "parent_market_id": "SEOUL-DOBONG-DOBONGSAN",
        "submarket_id": "SEOUL-DOBONG-DOBONGSAN-SM02",
        "submarket_name": "도봉산 등산로 입구",
        "gu": "도봉구",
        "administrative_dong": null,
        "main_station": "도봉산",
        "main_street": "도봉산길|도봉로",
        "main_anchor": null,
        "boundary_basis": "v1 세부상권 텍스트와 실제 소비동선·역·거리 구분을 분리한 초안",
        "confidence": "D",
        "status": "text_only",
        "checked_at": "2026-08-27"
      },
      "geometry": null
    },
    {
      "type": "Feature",
      "id": "SEOUL-NOWON-NOWONSTN-SM01",
      "properties": {
        "parent_market_id": "SEOUL-NOWON-NOWONSTN",
        "submarket_id": "SEOUL-NOWON-NOWONSTN-SM01",
        "submarket_name": "노원역권",
        "gu": "노원구",
        "administrative_dong": null,
        "main_station": "노원",
        "main_street": "동일로|노해로",
        "main_anchor": null,
        "boundary_basis": "v1 세부상권 텍스트와 실제 소비동선·역·거리 구분을 분리한 초안",
        "confidence": "D",
        "status": "text_only",
        "checked_at": "2026-08-27"
      },
      "geometry": null
    },
    {
      "type": "Feature",
      "id": "SEOUL-NOWON-NOWONSTN-SM02",
      "properties": {
        "parent_market_id": "SEOUL-NOWON-NOWONSTN",
        "submarket_id": "SEOUL-NOWON-NOWONSTN-SM02",
        "submarket_name": "문화의거리",
        "gu": "노원구",
        "administrative_dong": null,
        "main_station": "노원",
        "main_street": "동일로|노해로",
        "main_anchor": null,
        "boundary_basis": "v1 세부상권 텍스트와 실제 소비동선·역·거리 구분을 분리한 초안",
        "confidence": "D",
        "status": "text_only",
        "checked_at": "2026-08-27"
      },
      "geometry": null
    },
    {
      "type": "Feature",
      "id": "SEOUL-NOWON-GONGNEUNG-SM01",
      "properties": {
        "parent_market_id": "SEOUL-NOWON-GONGNEUNG",
        "submarket_id": "SEOUL-NOWON-GONGNEUNG-SM01",
        "submarket_name": "공릉역권",
        "gu": "노원구",
        "administrative_dong": null,
        "main_station": "공릉",
        "main_street": "동일로|공릉로",
        "main_anchor": null,
        "boundary_basis": "v1 세부상권 텍스트와 실제 소비동선·역·거리 구분을 분리한 초안",
        "confidence": "D",
        "status": "text_only",
        "checked_at": "2026-08-27"
      },
      "geometry": null
    },
    {
      "type": "Feature",
      "id": "SEOUL-NOWON-GONGNEUNG-SM02",
      "properties": {
        "parent_market_id": "SEOUL-NOWON-GONGNEUNG",
        "submarket_id": "SEOUL-NOWON-GONGNEUNG-SM02",
        "submarket_name": "공리단길",
        "gu": "노원구",
        "administrative_dong": null,
        "main_station": "공릉",
        "main_street": "동일로|공릉로",
        "main_anchor": null,
        "boundary_basis": "v1 세부상권 텍스트와 실제 소비동선·역·거리 구분을 분리한 초안",
        "confidence": "D",
        "status": "text_only",
        "checked_at": "2026-08-27"
      },
      "geometry": null
    },
    {
      "type": "Feature",
      "id": "SEOUL-NOWON-GONGNEUNG-SM03",
      "properties": {
        "parent_market_id": "SEOUL-NOWON-GONGNEUNG",
        "submarket_id": "SEOUL-NOWON-GONGNEUNG-SM03",
        "submarket_name": "서울과기대",
        "gu": "노원구",
        "administrative_dong": null,
        "main_station": "공릉",
        "main_street": "동일로|공릉로",
        "main_anchor": null,
        "boundary_basis": "v1 세부상권 텍스트와 실제 소비동선·역·거리 구분을 분리한 초안",
        "confidence": "D",
        "status": "text_only",
        "checked_at": "2026-08-27"
      },
      "geometry": null
    },
    {
      "type": "Feature",
      "id": "SEOUL-NOWON-JUNGGYE-ACADEMY-SM01",
      "properties": {
        "parent_market_id": "SEOUL-NOWON-JUNGGYE-ACADEMY",
        "submarket_id": "SEOUL-NOWON-JUNGGYE-ACADEMY-SM01",
        "submarket_name": "은행사거리 학원가",
        "gu": "노원구",
        "administrative_dong": null,
        "main_station": "중계",
        "main_street": "한글비석로|덕릉로",
        "main_anchor": null,
        "boundary_basis": "v1 세부상권 텍스트와 실제 소비동선·역·거리 구분을 분리한 초안",
        "confidence": "D",
        "status": "text_only",
        "checked_at": "2026-08-27"
      },
      "geometry": null
    },
    {
      "type": "Feature",
      "id": "SEOUL-NOWON-JUNGGYE-ACADEMY-SM02",
      "properties": {
        "parent_market_id": "SEOUL-NOWON-JUNGGYE-ACADEMY",
        "submarket_id": "SEOUL-NOWON-JUNGGYE-ACADEMY-SM02",
        "submarket_name": "중계동 아파트단지",
        "gu": "노원구",
        "administrative_dong": null,
        "main_station": "중계",
        "main_street": "한글비석로|덕릉로",
        "main_anchor": null,
        "boundary_basis": "v1 세부상권 텍스트와 실제 소비동선·역·거리 구분을 분리한 초안",
        "confidence": "D",
        "status": "text_only",
        "checked_at": "2026-08-27"
      },
      "geometry": null
    },
    {
      "type": "Feature",
      "id": "SEOUL-NOWON-TAEREUNG-SM01",
      "properties": {
        "parent_market_id": "SEOUL-NOWON-TAEREUNG",
        "submarket_id": "SEOUL-NOWON-TAEREUNG-SM01",
        "submarket_name": "태릉입구역권",
        "gu": "노원구",
        "administrative_dong": null,
        "main_station": "태릉입구|먹골",
        "main_street": "동일로|화랑로",
        "main_anchor": null,
        "boundary_basis": "v1 세부상권 텍스트와 실제 소비동선·역·거리 구분을 분리한 초안",
        "confidence": "D",
        "status": "text_only",
        "checked_at": "2026-08-27"
      },
      "geometry": null
    },
    {
      "type": "Feature",
      "id": "SEOUL-NOWON-TAEREUNG-SM02",
      "properties": {
        "parent_market_id": "SEOUL-NOWON-TAEREUNG",
        "submarket_id": "SEOUL-NOWON-TAEREUNG-SM02",
        "submarket_name": "먹골역권",
        "gu": "노원구",
        "administrative_dong": null,
        "main_station": "태릉입구|먹골",
        "main_street": "동일로|화랑로",
        "main_anchor": null,
        "boundary_basis": "v1 세부상권 텍스트와 실제 소비동선·역·거리 구분을 분리한 초안",
        "confidence": "D",
        "status": "text_only",
        "checked_at": "2026-08-27"
      },
      "geometry": null
    },
    {
      "type": "Feature",
      "id": "SEOUL-NOWON-TAEREUNG-SM03",
      "properties": {
        "parent_market_id": "SEOUL-NOWON-TAEREUNG",
        "submarket_id": "SEOUL-NOWON-TAEREUNG-SM03",
        "submarket_name": "묵동 생활축",
        "gu": "노원구",
        "administrative_dong": null,
        "main_station": "태릉입구|먹골",
        "main_street": "동일로|화랑로",
        "main_anchor": null,
        "boundary_basis": "v1 세부상권 텍스트와 실제 소비동선·역·거리 구분을 분리한 초안",
        "confidence": "D",
        "status": "text_only",
        "checked_at": "2026-08-27"
      },
      "geometry": null
    },
    {
      "type": "Feature",
      "id": "SEOUL-NOWON-SANGGYE-SM01",
      "properties": {
        "parent_market_id": "SEOUL-NOWON-SANGGYE",
        "submarket_id": "SEOUL-NOWON-SANGGYE-SM01",
        "submarket_name": "상계역권",
        "gu": "노원구",
        "administrative_dong": null,
        "main_station": "상계",
        "main_street": "한글비석로|덕릉로",
        "main_anchor": null,
        "boundary_basis": "v1 세부상권 텍스트와 실제 소비동선·역·거리 구분을 분리한 초안",
        "confidence": "D",
        "status": "text_only",
        "checked_at": "2026-08-27"
      },
      "geometry": null
    },
    {
      "type": "Feature",
      "id": "SEOUL-NOWON-SANGGYE-SM02",
      "properties": {
        "parent_market_id": "SEOUL-NOWON-SANGGYE",
        "submarket_id": "SEOUL-NOWON-SANGGYE-SM02",
        "submarket_name": "수락산 남측",
        "gu": "노원구",
        "administrative_dong": null,
        "main_station": "상계",
        "main_street": "한글비석로|덕릉로",
        "main_anchor": null,
        "boundary_basis": "v1 세부상권 텍스트와 실제 소비동선·역·거리 구분을 분리한 초안",
        "confidence": "D",
        "status": "text_only",
        "checked_at": "2026-08-27"
      },
      "geometry": null
    },
    {
      "type": "Feature",
      "id": "SEOUL-NOWON-WOLGYE-KWANGWOON-SM01",
      "properties": {
        "parent_market_id": "SEOUL-NOWON-WOLGYE-KWANGWOON",
        "submarket_id": "SEOUL-NOWON-WOLGYE-KWANGWOON-SM01",
        "submarket_name": "광운대역권",
        "gu": "노원구",
        "administrative_dong": null,
        "main_station": "광운대|월계",
        "main_street": "광운로|석계로",
        "main_anchor": null,
        "boundary_basis": "v1 세부상권 텍스트와 실제 소비동선·역·거리 구분을 분리한 초안",
        "confidence": "D",
        "status": "text_only",
        "checked_at": "2026-08-27"
      },
      "geometry": null
    },
    {
      "type": "Feature",
      "id": "SEOUL-NOWON-WOLGYE-KWANGWOON-SM02",
      "properties": {
        "parent_market_id": "SEOUL-NOWON-WOLGYE-KWANGWOON",
        "submarket_id": "SEOUL-NOWON-WOLGYE-KWANGWOON-SM02",
        "submarket_name": "월계동 아파트",
        "gu": "노원구",
        "administrative_dong": null,
        "main_station": "광운대|월계",
        "main_street": "광운로|석계로",
        "main_anchor": null,
        "boundary_basis": "v1 세부상권 텍스트와 실제 소비동선·역·거리 구분을 분리한 초안",
        "confidence": "D",
        "status": "text_only",
        "checked_at": "2026-08-27"
      },
      "geometry": null
    },
    {
      "type": "Feature",
      "id": "SEOUL-NOWON-WOLGYE-KWANGWOON-SM03",
      "properties": {
        "parent_market_id": "SEOUL-NOWON-WOLGYE-KWANGWOON",
        "submarket_id": "SEOUL-NOWON-WOLGYE-KWANGWOON-SM03",
        "submarket_name": "석계역 북측",
        "gu": "노원구",
        "administrative_dong": null,
        "main_station": "광운대|월계",
        "main_street": "광운로|석계로",
        "main_anchor": null,
        "boundary_basis": "v1 세부상권 텍스트와 실제 소비동선·역·거리 구분을 분리한 초안",
        "confidence": "D",
        "status": "text_only",
        "checked_at": "2026-08-27"
      },
      "geometry": null
    },
    {
      "type": "Feature",
      "id": "SEOUL-EUNPYEONG-YEONSINNAE-SM01",
      "properties": {
        "parent_market_id": "SEOUL-EUNPYEONG-YEONSINNAE",
        "submarket_id": "SEOUL-EUNPYEONG-YEONSINNAE-SM01",
        "submarket_name": "연신내역권",
        "gu": "은평구",
        "administrative_dong": null,
        "main_station": "연신내",
        "main_street": "통일로|연서로",
        "main_anchor": null,
        "boundary_basis": "v1 세부상권 텍스트와 실제 소비동선·역·거리 구분을 분리한 초안",
        "confidence": "D",
        "status": "text_only",
        "checked_at": "2026-08-27"
      },
      "geometry": null
    },
    {
      "type": "Feature",
      "id": "SEOUL-EUNPYEONG-YEONSINNAE-SM02",
      "properties": {
        "parent_market_id": "SEOUL-EUNPYEONG-YEONSINNAE",
        "submarket_id": "SEOUL-EUNPYEONG-YEONSINNAE-SM02",
        "submarket_name": "로데오거리",
        "gu": "은평구",
        "administrative_dong": null,
        "main_station": "연신내",
        "main_street": "통일로|연서로",
        "main_anchor": null,
        "boundary_basis": "v1 세부상권 텍스트와 실제 소비동선·역·거리 구분을 분리한 초안",
        "confidence": "D",
        "status": "text_only",
        "checked_at": "2026-08-27"
      },
      "geometry": null
    },
    {
      "type": "Feature",
      "id": "SEOUL-EUNPYEONG-BULGWANG-SM01",
      "properties": {
        "parent_market_id": "SEOUL-EUNPYEONG-BULGWANG",
        "submarket_id": "SEOUL-EUNPYEONG-BULGWANG-SM01",
        "submarket_name": "불광역권",
        "gu": "은평구",
        "administrative_dong": null,
        "main_station": "불광",
        "main_street": "통일로|불광로",
        "main_anchor": null,
        "boundary_basis": "v1 세부상권 텍스트와 실제 소비동선·역·거리 구분을 분리한 초안",
        "confidence": "D",
        "status": "text_only",
        "checked_at": "2026-08-27"
      },
      "geometry": null
    },
    {
      "type": "Feature",
      "id": "SEOUL-EUNPYEONG-BULGWANG-SM02",
      "properties": {
        "parent_market_id": "SEOUL-EUNPYEONG-BULGWANG",
        "submarket_id": "SEOUL-EUNPYEONG-BULGWANG-SM02",
        "submarket_name": "불광천 북측",
        "gu": "은평구",
        "administrative_dong": null,
        "main_station": "불광",
        "main_street": "통일로|불광로",
        "main_anchor": null,
        "boundary_basis": "v1 세부상권 텍스트와 실제 소비동선·역·거리 구분을 분리한 초안",
        "confidence": "D",
        "status": "text_only",
        "checked_at": "2026-08-27"
      },
      "geometry": null
    },
    {
      "type": "Feature",
      "id": "SEOUL-EUNPYEONG-EUNGAM-SAEJEOL-SM01",
      "properties": {
        "parent_market_id": "SEOUL-EUNPYEONG-EUNGAM-SAEJEOL",
        "submarket_id": "SEOUL-EUNPYEONG-EUNGAM-SAEJEOL-SM01",
        "submarket_name": "응암오거리",
        "gu": "은평구",
        "administrative_dong": null,
        "main_station": "새절|응암",
        "main_street": "증산로|응암로",
        "main_anchor": null,
        "boundary_basis": "v1 세부상권 텍스트와 실제 소비동선·역·거리 구분을 분리한 초안",
        "confidence": "D",
        "status": "text_only",
        "checked_at": "2026-08-27"
      },
      "geometry": null
    },
    {
      "type": "Feature",
      "id": "SEOUL-EUNPYEONG-EUNGAM-SAEJEOL-SM02",
      "properties": {
        "parent_market_id": "SEOUL-EUNPYEONG-EUNGAM-SAEJEOL",
        "submarket_id": "SEOUL-EUNPYEONG-EUNGAM-SAEJEOL-SM02",
        "submarket_name": "새절역권",
        "gu": "은평구",
        "administrative_dong": null,
        "main_station": "새절|응암",
        "main_street": "증산로|응암로",
        "main_anchor": null,
        "boundary_basis": "v1 세부상권 텍스트와 실제 소비동선·역·거리 구분을 분리한 초안",
        "confidence": "D",
        "status": "text_only",
        "checked_at": "2026-08-27"
      },
      "geometry": null
    },
    {
      "type": "Feature",
      "id": "SEOUL-EUNPYEONG-EUNGAM-SAEJEOL-SM03",
      "properties": {
        "parent_market_id": "SEOUL-EUNPYEONG-EUNGAM-SAEJEOL",
        "submarket_id": "SEOUL-EUNPYEONG-EUNGAM-SAEJEOL-SM03",
        "submarket_name": "불광천 카페축",
        "gu": "은평구",
        "administrative_dong": null,
        "main_station": "새절|응암",
        "main_street": "증산로|응암로",
        "main_anchor": null,
        "boundary_basis": "v1 세부상권 텍스트와 실제 소비동선·역·거리 구분을 분리한 초안",
        "confidence": "D",
        "status": "text_only",
        "checked_at": "2026-08-27"
      },
      "geometry": null
    },
    {
      "type": "Feature",
      "id": "SEOUL-EUNPYEONG-GUPABAL-NEWTOWN-SM01",
      "properties": {
        "parent_market_id": "SEOUL-EUNPYEONG-GUPABAL-NEWTOWN",
        "submarket_id": "SEOUL-EUNPYEONG-GUPABAL-NEWTOWN-SM01",
        "submarket_name": "구파발역권",
        "gu": "은평구",
        "administrative_dong": null,
        "main_station": "구파발",
        "main_street": "통일로|진관로",
        "main_anchor": null,
        "boundary_basis": "v1 세부상권 텍스트와 실제 소비동선·역·거리 구분을 분리한 초안",
        "confidence": "D",
        "status": "text_only",
        "checked_at": "2026-08-27"
      },
      "geometry": null
    },
    {
      "type": "Feature",
      "id": "SEOUL-EUNPYEONG-GUPABAL-NEWTOWN-SM02",
      "properties": {
        "parent_market_id": "SEOUL-EUNPYEONG-GUPABAL-NEWTOWN",
        "submarket_id": "SEOUL-EUNPYEONG-GUPABAL-NEWTOWN-SM02",
        "submarket_name": "은평뉴타운",
        "gu": "은평구",
        "administrative_dong": null,
        "main_station": "구파발",
        "main_street": "통일로|진관로",
        "main_anchor": null,
        "boundary_basis": "v1 세부상권 텍스트와 실제 소비동선·역·거리 구분을 분리한 초안",
        "confidence": "D",
        "status": "text_only",
        "checked_at": "2026-08-27"
      },
      "geometry": null
    },
    {
      "type": "Feature",
      "id": "SEOUL-EUNPYEONG-NOKBEON-SUSAEK-SM01",
      "properties": {
        "parent_market_id": "SEOUL-EUNPYEONG-NOKBEON-SUSAEK",
        "submarket_id": "SEOUL-EUNPYEONG-NOKBEON-SUSAEK-SM01",
        "submarket_name": "녹번역권",
        "gu": "은평구",
        "administrative_dong": null,
        "main_station": "녹번|수색",
        "main_street": "통일로|수색로",
        "main_anchor": null,
        "boundary_basis": "v1 세부상권 텍스트와 실제 소비동선·역·거리 구분을 분리한 초안",
        "confidence": "D",
        "status": "text_only",
        "checked_at": "2026-08-27"
      },
      "geometry": null
    },
    {
      "type": "Feature",
      "id": "SEOUL-EUNPYEONG-NOKBEON-SUSAEK-SM02",
      "properties": {
        "parent_market_id": "SEOUL-EUNPYEONG-NOKBEON-SUSAEK",
        "submarket_id": "SEOUL-EUNPYEONG-NOKBEON-SUSAEK-SM02",
        "submarket_name": "은평구청",
        "gu": "은평구",
        "administrative_dong": null,
        "main_station": "녹번|수색",
        "main_street": "통일로|수색로",
        "main_anchor": null,
        "boundary_basis": "v1 세부상권 텍스트와 실제 소비동선·역·거리 구분을 분리한 초안",
        "confidence": "D",
        "status": "text_only",
        "checked_at": "2026-08-27"
      },
      "geometry": null
    },
    {
      "type": "Feature",
      "id": "SEOUL-EUNPYEONG-NOKBEON-SUSAEK-SM03",
      "properties": {
        "parent_market_id": "SEOUL-EUNPYEONG-NOKBEON-SUSAEK",
        "submarket_id": "SEOUL-EUNPYEONG-NOKBEON-SUSAEK-SM03",
        "submarket_name": "수색역권",
        "gu": "은평구",
        "administrative_dong": null,
        "main_station": "녹번|수색",
        "main_street": "통일로|수색로",
        "main_anchor": null,
        "boundary_basis": "v1 세부상권 텍스트와 실제 소비동선·역·거리 구분을 분리한 초안",
        "confidence": "D",
        "status": "text_only",
        "checked_at": "2026-08-27"
      },
      "geometry": null
    },
    {
      "type": "Feature",
      "id": "SEOUL-EUNPYEONG-NOKBEON-SUSAEK-SM04",
      "properties": {
        "parent_market_id": "SEOUL-EUNPYEONG-NOKBEON-SUSAEK",
        "submarket_id": "SEOUL-EUNPYEONG-NOKBEON-SUSAEK-SM04",
        "submarket_name": "DMC 서측",
        "gu": "은평구",
        "administrative_dong": null,
        "main_station": "녹번|수색",
        "main_street": "통일로|수색로",
        "main_anchor": null,
        "boundary_basis": "v1 세부상권 텍스트와 실제 소비동선·역·거리 구분을 분리한 초안",
        "confidence": "D",
        "status": "text_only",
        "checked_at": "2026-08-27"
      },
      "geometry": null
    },
    {
      "type": "Feature",
      "id": "SEOUL-SEODAEMUN-SINCHON-SM01",
      "properties": {
        "parent_market_id": "SEOUL-SEODAEMUN-SINCHON",
        "submarket_id": "SEOUL-SEODAEMUN-SINCHON-SM01",
        "submarket_name": "신촌역권",
        "gu": "서대문구",
        "administrative_dong": null,
        "main_station": "신촌",
        "main_street": "연세로|신촌로",
        "main_anchor": null,
        "boundary_basis": "v1 세부상권 텍스트와 실제 소비동선·역·거리 구분을 분리한 초안",
        "confidence": "D",
        "status": "text_only",
        "checked_at": "2026-08-27"
      },
      "geometry": null
    },
    {
      "type": "Feature",
      "id": "SEOUL-SEODAEMUN-SINCHON-SM02",
      "properties": {
        "parent_market_id": "SEOUL-SEODAEMUN-SINCHON",
        "submarket_id": "SEOUL-SEODAEMUN-SINCHON-SM02",
        "submarket_name": "연세로",
        "gu": "서대문구",
        "administrative_dong": null,
        "main_station": "신촌",
        "main_street": "연세로|신촌로",
        "main_anchor": null,
        "boundary_basis": "v1 세부상권 텍스트와 실제 소비동선·역·거리 구분을 분리한 초안",
        "confidence": "D",
        "status": "text_only",
        "checked_at": "2026-08-27"
      },
      "geometry": null
    },
    {
      "type": "Feature",
      "id": "SEOUL-SEODAEMUN-SINCHON-SM03",
      "properties": {
        "parent_market_id": "SEOUL-SEODAEMUN-SINCHON",
        "submarket_id": "SEOUL-SEODAEMUN-SINCHON-SM03",
        "submarket_name": "신촌기차역 연결축",
        "gu": "서대문구",
        "administrative_dong": null,
        "main_station": "신촌",
        "main_street": "연세로|신촌로",
        "main_anchor": null,
        "boundary_basis": "v1 세부상권 텍스트와 실제 소비동선·역·거리 구분을 분리한 초안",
        "confidence": "D",
        "status": "text_only",
        "checked_at": "2026-08-27"
      },
      "geometry": null
    },
    {
      "type": "Feature",
      "id": "SEOUL-SEODAEMUN-EWHA-SM01",
      "properties": {
        "parent_market_id": "SEOUL-SEODAEMUN-EWHA",
        "submarket_id": "SEOUL-SEODAEMUN-EWHA-SM01",
        "submarket_name": "이대역권",
        "gu": "서대문구",
        "administrative_dong": null,
        "main_station": "이대",
        "main_street": "이화여대길|신촌로",
        "main_anchor": null,
        "boundary_basis": "v1 세부상권 텍스트와 실제 소비동선·역·거리 구분을 분리한 초안",
        "confidence": "D",
        "status": "text_only",
        "checked_at": "2026-08-27"
      },
      "geometry": null
    },
    {
      "type": "Feature",
      "id": "SEOUL-SEODAEMUN-YEONHUI-SM01",
      "properties": {
        "parent_market_id": "SEOUL-SEODAEMUN-YEONHUI",
        "submarket_id": "SEOUL-SEODAEMUN-YEONHUI-SM01",
        "submarket_name": "연희동 사러가 주변",
        "gu": "서대문구",
        "administrative_dong": null,
        "main_station": "홍대입구(버스 연계)",
        "main_street": "연희로|연희맛로",
        "main_anchor": null,
        "boundary_basis": "v1 세부상권 텍스트와 실제 소비동선·역·거리 구분을 분리한 초안",
        "confidence": "D",
        "status": "text_only",
        "checked_at": "2026-08-27"
      },
      "geometry": null
    },
    {
      "type": "Feature",
      "id": "SEOUL-SEODAEMUN-YEONHUI-SM02",
      "properties": {
        "parent_market_id": "SEOUL-SEODAEMUN-YEONHUI",
        "submarket_id": "SEOUL-SEODAEMUN-YEONHUI-SM02",
        "submarket_name": "연희맛로",
        "gu": "서대문구",
        "administrative_dong": null,
        "main_station": "홍대입구(버스 연계)",
        "main_street": "연희로|연희맛로",
        "main_anchor": null,
        "boundary_basis": "v1 세부상권 텍스트와 실제 소비동선·역·거리 구분을 분리한 초안",
        "confidence": "D",
        "status": "text_only",
        "checked_at": "2026-08-27"
      },
      "geometry": null
    },
    {
      "type": "Feature",
      "id": "SEOUL-SEODAEMUN-YEONHUI-SM03",
      "properties": {
        "parent_market_id": "SEOUL-SEODAEMUN-YEONHUI",
        "submarket_id": "SEOUL-SEODAEMUN-YEONHUI-SM03",
        "submarket_name": "연남 북측",
        "gu": "서대문구",
        "administrative_dong": null,
        "main_station": "홍대입구(버스 연계)",
        "main_street": "연희로|연희맛로",
        "main_anchor": null,
        "boundary_basis": "v1 세부상권 텍스트와 실제 소비동선·역·거리 구분을 분리한 초안",
        "confidence": "D",
        "status": "text_only",
        "checked_at": "2026-08-27"
      },
      "geometry": null
    },
    {
      "type": "Feature",
      "id": "SEOUL-SEODAEMUN-HONGJE-SM01",
      "properties": {
        "parent_market_id": "SEOUL-SEODAEMUN-HONGJE",
        "submarket_id": "SEOUL-SEODAEMUN-HONGJE-SM01",
        "submarket_name": "홍제역권",
        "gu": "서대문구",
        "administrative_dong": null,
        "main_station": "홍제",
        "main_street": "통일로|세검정로",
        "main_anchor": null,
        "boundary_basis": "v1 세부상권 텍스트와 실제 소비동선·역·거리 구분을 분리한 초안",
        "confidence": "D",
        "status": "text_only",
        "checked_at": "2026-08-27"
      },
      "geometry": null
    },
    {
      "type": "Feature",
      "id": "SEOUL-SEODAEMUN-HONGJE-SM02",
      "properties": {
        "parent_market_id": "SEOUL-SEODAEMUN-HONGJE",
        "submarket_id": "SEOUL-SEODAEMUN-HONGJE-SM02",
        "submarket_name": "유진상가",
        "gu": "서대문구",
        "administrative_dong": null,
        "main_station": "홍제",
        "main_street": "통일로|세검정로",
        "main_anchor": null,
        "boundary_basis": "v1 세부상권 텍스트와 실제 소비동선·역·거리 구분을 분리한 초안",
        "confidence": "D",
        "status": "text_only",
        "checked_at": "2026-08-27"
      },
      "geometry": null
    },
    {
      "type": "Feature",
      "id": "SEOUL-SEODAEMUN-GAJWA-NAMGAJWA-SM01",
      "properties": {
        "parent_market_id": "SEOUL-SEODAEMUN-GAJWA-NAMGAJWA",
        "submarket_id": "SEOUL-SEODAEMUN-GAJWA-NAMGAJWA-SM01",
        "submarket_name": "가좌역권",
        "gu": "서대문구",
        "administrative_dong": null,
        "main_station": "가좌",
        "main_street": "수색로|증가로",
        "main_anchor": null,
        "boundary_basis": "v1 세부상권 텍스트와 실제 소비동선·역·거리 구분을 분리한 초안",
        "confidence": "D",
        "status": "text_only",
        "checked_at": "2026-08-27"
      },
      "geometry": null
    },
    {
      "type": "Feature",
      "id": "SEOUL-SEODAEMUN-GAJWA-NAMGAJWA-SM02",
      "properties": {
        "parent_market_id": "SEOUL-SEODAEMUN-GAJWA-NAMGAJWA",
        "submarket_id": "SEOUL-SEODAEMUN-GAJWA-NAMGAJWA-SM02",
        "submarket_name": "명지대",
        "gu": "서대문구",
        "administrative_dong": null,
        "main_station": "가좌",
        "main_street": "수색로|증가로",
        "main_anchor": null,
        "boundary_basis": "v1 세부상권 텍스트와 실제 소비동선·역·거리 구분을 분리한 초안",
        "confidence": "D",
        "status": "text_only",
        "checked_at": "2026-08-27"
      },
      "geometry": null
    },
    {
      "type": "Feature",
      "id": "SEOUL-SEODAEMUN-GAJWA-NAMGAJWA-SM03",
      "properties": {
        "parent_market_id": "SEOUL-SEODAEMUN-GAJWA-NAMGAJWA",
        "submarket_id": "SEOUL-SEODAEMUN-GAJWA-NAMGAJWA-SM03",
        "submarket_name": "DMC 북측 주거축",
        "gu": "서대문구",
        "administrative_dong": null,
        "main_station": "가좌",
        "main_street": "수색로|증가로",
        "main_anchor": null,
        "boundary_basis": "v1 세부상권 텍스트와 실제 소비동선·역·거리 구분을 분리한 초안",
        "confidence": "D",
        "status": "text_only",
        "checked_at": "2026-08-27"
      },
      "geometry": null
    },
    {
      "type": "Feature",
      "id": "SEOUL-SEODAEMUN-DONGNIMUN-YEONGCHEON-SM01",
      "properties": {
        "parent_market_id": "SEOUL-SEODAEMUN-DONGNIMUN-YEONGCHEON",
        "submarket_id": "SEOUL-SEODAEMUN-DONGNIMUN-YEONGCHEON-SM01",
        "submarket_name": "독립문역권",
        "gu": "서대문구",
        "administrative_dong": null,
        "main_station": "독립문",
        "main_street": "통일로|영천시장길",
        "main_anchor": null,
        "boundary_basis": "v1 세부상권 텍스트와 실제 소비동선·역·거리 구분을 분리한 초안",
        "confidence": "D",
        "status": "text_only",
        "checked_at": "2026-08-27"
      },
      "geometry": null
    },
    {
      "type": "Feature",
      "id": "SEOUL-SEODAEMUN-DONGNIMUN-YEONGCHEON-SM02",
      "properties": {
        "parent_market_id": "SEOUL-SEODAEMUN-DONGNIMUN-YEONGCHEON",
        "submarket_id": "SEOUL-SEODAEMUN-DONGNIMUN-YEONGCHEON-SM02",
        "submarket_name": "서대문형무소",
        "gu": "서대문구",
        "administrative_dong": null,
        "main_station": "독립문",
        "main_street": "통일로|영천시장길",
        "main_anchor": null,
        "boundary_basis": "v1 세부상권 텍스트와 실제 소비동선·역·거리 구분을 분리한 초안",
        "confidence": "D",
        "status": "text_only",
        "checked_at": "2026-08-27"
      },
      "geometry": null
    },
    {
      "type": "Feature",
      "id": "SEOUL-MAPO-HONGDAE-SM01",
      "properties": {
        "parent_market_id": "SEOUL-MAPO-HONGDAE",
        "submarket_id": "SEOUL-MAPO-HONGDAE-SM01",
        "submarket_name": "홍대입구역권",
        "gu": "마포구",
        "administrative_dong": null,
        "main_station": "홍대입구",
        "main_street": "양화로|홍익로|어울마당로",
        "main_anchor": null,
        "boundary_basis": "v1 세부상권 텍스트와 실제 소비동선·역·거리 구분을 분리한 초안",
        "confidence": "D",
        "status": "text_only",
        "checked_at": "2026-08-27"
      },
      "geometry": null
    },
    {
      "type": "Feature",
      "id": "SEOUL-MAPO-HONGDAE-SM02",
      "properties": {
        "parent_market_id": "SEOUL-MAPO-HONGDAE",
        "submarket_id": "SEOUL-MAPO-HONGDAE-SM02",
        "submarket_name": "걷고싶은거리",
        "gu": "마포구",
        "administrative_dong": null,
        "main_station": "홍대입구",
        "main_street": "양화로|홍익로|어울마당로",
        "main_anchor": null,
        "boundary_basis": "v1 세부상권 텍스트와 실제 소비동선·역·거리 구분을 분리한 초안",
        "confidence": "D",
        "status": "text_only",
        "checked_at": "2026-08-27"
      },
      "geometry": null
    },
    {
      "type": "Feature",
      "id": "SEOUL-MAPO-HONGDAE-SM03",
      "properties": {
        "parent_market_id": "SEOUL-MAPO-HONGDAE",
        "submarket_id": "SEOUL-MAPO-HONGDAE-SM03",
        "submarket_name": "서교동 클럽거리",
        "gu": "마포구",
        "administrative_dong": null,
        "main_station": "홍대입구",
        "main_street": "양화로|홍익로|어울마당로",
        "main_anchor": null,
        "boundary_basis": "v1 세부상권 텍스트와 실제 소비동선·역·거리 구분을 분리한 초안",
        "confidence": "D",
        "status": "text_only",
        "checked_at": "2026-08-27"
      },
      "geometry": null
    },
    {
      "type": "Feature",
      "id": "SEOUL-MAPO-YEONNAM-SM01",
      "properties": {
        "parent_market_id": "SEOUL-MAPO-YEONNAM",
        "submarket_id": "SEOUL-MAPO-YEONNAM-SM01",
        "submarket_name": "연트럴파크",
        "gu": "마포구",
        "administrative_dong": null,
        "main_station": "홍대입구",
        "main_street": "동교로|성미산로",
        "main_anchor": null,
        "boundary_basis": "v1 세부상권 텍스트와 실제 소비동선·역·거리 구분을 분리한 초안",
        "confidence": "D",
        "status": "text_only",
        "checked_at": "2026-08-27"
      },
      "geometry": null
    },
    {
      "type": "Feature",
      "id": "SEOUL-MAPO-YEONNAM-SM02",
      "properties": {
        "parent_market_id": "SEOUL-MAPO-YEONNAM",
        "submarket_id": "SEOUL-MAPO-YEONNAM-SM02",
        "submarket_name": "연남동 골목",
        "gu": "마포구",
        "administrative_dong": null,
        "main_station": "홍대입구",
        "main_street": "동교로|성미산로",
        "main_anchor": null,
        "boundary_basis": "v1 세부상권 텍스트와 실제 소비동선·역·거리 구분을 분리한 초안",
        "confidence": "D",
        "status": "text_only",
        "checked_at": "2026-08-27"
      },
      "geometry": null
    },
    {
      "type": "Feature",
      "id": "SEOUL-MAPO-HAPJEONG-SM01",
      "properties": {
        "parent_market_id": "SEOUL-MAPO-HAPJEONG",
        "submarket_id": "SEOUL-MAPO-HAPJEONG-SM01",
        "submarket_name": "합정역권",
        "gu": "마포구",
        "administrative_dong": null,
        "main_station": "합정",
        "main_street": "양화로|독막로",
        "main_anchor": null,
        "boundary_basis": "v1 세부상권 텍스트와 실제 소비동선·역·거리 구분을 분리한 초안",
        "confidence": "D",
        "status": "text_only",
        "checked_at": "2026-08-27"
      },
      "geometry": null
    },
    {
      "type": "Feature",
      "id": "SEOUL-MAPO-HAPJEONG-SM02",
      "properties": {
        "parent_market_id": "SEOUL-MAPO-HAPJEONG",
        "submarket_id": "SEOUL-MAPO-HAPJEONG-SM02",
        "submarket_name": "메세나폴리스",
        "gu": "마포구",
        "administrative_dong": null,
        "main_station": "합정",
        "main_street": "양화로|독막로",
        "main_anchor": null,
        "boundary_basis": "v1 세부상권 텍스트와 실제 소비동선·역·거리 구분을 분리한 초안",
        "confidence": "D",
        "status": "text_only",
        "checked_at": "2026-08-27"
      },
      "geometry": null
    },
    {
      "type": "Feature",
      "id": "SEOUL-MAPO-HAPJEONG-SM03",
      "properties": {
        "parent_market_id": "SEOUL-MAPO-HAPJEONG",
        "submarket_id": "SEOUL-MAPO-HAPJEONG-SM03",
        "submarket_name": "양화진",
        "gu": "마포구",
        "administrative_dong": null,
        "main_station": "합정",
        "main_street": "양화로|독막로",
        "main_anchor": null,
        "boundary_basis": "v1 세부상권 텍스트와 실제 소비동선·역·거리 구분을 분리한 초안",
        "confidence": "D",
        "status": "text_only",
        "checked_at": "2026-08-27"
      },
      "geometry": null
    },
    {
      "type": "Feature",
      "id": "SEOUL-MAPO-MANGWON-SM01",
      "properties": {
        "parent_market_id": "SEOUL-MAPO-MANGWON",
        "submarket_id": "SEOUL-MAPO-MANGWON-SM01",
        "submarket_name": "망리단길",
        "gu": "마포구",
        "administrative_dong": null,
        "main_station": "망원",
        "main_street": "포은로|망원로",
        "main_anchor": null,
        "boundary_basis": "v1 세부상권 텍스트와 실제 소비동선·역·거리 구분을 분리한 초안",
        "confidence": "D",
        "status": "text_only",
        "checked_at": "2026-08-27"
      },
      "geometry": null
    },
    {
      "type": "Feature",
      "id": "SEOUL-MAPO-MANGWON-SM02",
      "properties": {
        "parent_market_id": "SEOUL-MAPO-MANGWON",
        "submarket_id": "SEOUL-MAPO-MANGWON-SM02",
        "submarket_name": "한강공원 연결축",
        "gu": "마포구",
        "administrative_dong": null,
        "main_station": "망원",
        "main_street": "포은로|망원로",
        "main_anchor": null,
        "boundary_basis": "v1 세부상권 텍스트와 실제 소비동선·역·거리 구분을 분리한 초안",
        "confidence": "D",
        "status": "text_only",
        "checked_at": "2026-08-27"
      },
      "geometry": null
    },
    {
      "type": "Feature",
      "id": "SEOUL-MAPO-SANGSU-SM01",
      "properties": {
        "parent_market_id": "SEOUL-MAPO-SANGSU",
        "submarket_id": "SEOUL-MAPO-SANGSU-SM01",
        "submarket_name": "상수역권",
        "gu": "마포구",
        "administrative_dong": null,
        "main_station": "상수",
        "main_street": "독막로|와우산로",
        "main_anchor": null,
        "boundary_basis": "v1 세부상권 텍스트와 실제 소비동선·역·거리 구분을 분리한 초안",
        "confidence": "D",
        "status": "text_only",
        "checked_at": "2026-08-27"
      },
      "geometry": null
    },
    {
      "type": "Feature",
      "id": "SEOUL-MAPO-SANGSU-SM02",
      "properties": {
        "parent_market_id": "SEOUL-MAPO-SANGSU",
        "submarket_id": "SEOUL-MAPO-SANGSU-SM02",
        "submarket_name": "홍대 서측",
        "gu": "마포구",
        "administrative_dong": null,
        "main_station": "상수",
        "main_street": "독막로|와우산로",
        "main_anchor": null,
        "boundary_basis": "v1 세부상권 텍스트와 실제 소비동선·역·거리 구분을 분리한 초안",
        "confidence": "D",
        "status": "text_only",
        "checked_at": "2026-08-27"
      },
      "geometry": null
    },
    {
      "type": "Feature",
      "id": "SEOUL-MAPO-SANGSU-SM03",
      "properties": {
        "parent_market_id": "SEOUL-MAPO-SANGSU",
        "submarket_id": "SEOUL-MAPO-SANGSU-SM03",
        "submarket_name": "당인리 문화공간",
        "gu": "마포구",
        "administrative_dong": null,
        "main_station": "상수",
        "main_street": "독막로|와우산로",
        "main_anchor": null,
        "boundary_basis": "v1 세부상권 텍스트와 실제 소비동선·역·거리 구분을 분리한 초안",
        "confidence": "D",
        "status": "text_only",
        "checked_at": "2026-08-27"
      },
      "geometry": null
    },
    {
      "type": "Feature",
      "id": "SEOUL-MAPO-GONGDEOK-MAPO-SM01",
      "properties": {
        "parent_market_id": "SEOUL-MAPO-GONGDEOK-MAPO",
        "submarket_id": "SEOUL-MAPO-GONGDEOK-MAPO-SM01",
        "submarket_name": "공덕역권",
        "gu": "마포구",
        "administrative_dong": null,
        "main_station": "공덕|마포",
        "main_street": "마포대로|백범로",
        "main_anchor": null,
        "boundary_basis": "v1 세부상권 텍스트와 실제 소비동선·역·거리 구분을 분리한 초안",
        "confidence": "D",
        "status": "text_only",
        "checked_at": "2026-08-27"
      },
      "geometry": null
    },
    {
      "type": "Feature",
      "id": "SEOUL-MAPO-GONGDEOK-MAPO-SM02",
      "properties": {
        "parent_market_id": "SEOUL-MAPO-GONGDEOK-MAPO",
        "submarket_id": "SEOUL-MAPO-GONGDEOK-MAPO-SM02",
        "submarket_name": "마포역권",
        "gu": "마포구",
        "administrative_dong": null,
        "main_station": "공덕|마포",
        "main_street": "마포대로|백범로",
        "main_anchor": null,
        "boundary_basis": "v1 세부상권 텍스트와 실제 소비동선·역·거리 구분을 분리한 초안",
        "confidence": "D",
        "status": "text_only",
        "checked_at": "2026-08-27"
      },
      "geometry": null
    },
    {
      "type": "Feature",
      "id": "SEOUL-MAPO-GONGDEOK-MAPO-SM03",
      "properties": {
        "parent_market_id": "SEOUL-MAPO-GONGDEOK-MAPO",
        "submarket_id": "SEOUL-MAPO-GONGDEOK-MAPO-SM03",
        "submarket_name": "도화동 오피스축",
        "gu": "마포구",
        "administrative_dong": null,
        "main_station": "공덕|마포",
        "main_street": "마포대로|백범로",
        "main_anchor": null,
        "boundary_basis": "v1 세부상권 텍스트와 실제 소비동선·역·거리 구분을 분리한 초안",
        "confidence": "D",
        "status": "text_only",
        "checked_at": "2026-08-27"
      },
      "geometry": null
    },
    {
      "type": "Feature",
      "id": "SEOUL-MAPO-DAEHEUNG-SOGANG-SM01",
      "properties": {
        "parent_market_id": "SEOUL-MAPO-DAEHEUNG-SOGANG",
        "submarket_id": "SEOUL-MAPO-DAEHEUNG-SOGANG-SM01",
        "submarket_name": "대흥역권",
        "gu": "마포구",
        "administrative_dong": null,
        "main_station": "대흥|광흥창",
        "main_street": "백범로|서강로",
        "main_anchor": null,
        "boundary_basis": "v1 세부상권 텍스트와 실제 소비동선·역·거리 구분을 분리한 초안",
        "confidence": "D",
        "status": "text_only",
        "checked_at": "2026-08-27"
      },
      "geometry": null
    },
    {
      "type": "Feature",
      "id": "SEOUL-MAPO-DAEHEUNG-SOGANG-SM02",
      "properties": {
        "parent_market_id": "SEOUL-MAPO-DAEHEUNG-SOGANG",
        "submarket_id": "SEOUL-MAPO-DAEHEUNG-SOGANG-SM02",
        "submarket_name": "서강대",
        "gu": "마포구",
        "administrative_dong": null,
        "main_station": "대흥|광흥창",
        "main_street": "백범로|서강로",
        "main_anchor": null,
        "boundary_basis": "v1 세부상권 텍스트와 실제 소비동선·역·거리 구분을 분리한 초안",
        "confidence": "D",
        "status": "text_only",
        "checked_at": "2026-08-27"
      },
      "geometry": null
    },
    {
      "type": "Feature",
      "id": "SEOUL-MAPO-DAEHEUNG-SOGANG-SM03",
      "properties": {
        "parent_market_id": "SEOUL-MAPO-DAEHEUNG-SOGANG",
        "submarket_id": "SEOUL-MAPO-DAEHEUNG-SOGANG-SM03",
        "submarket_name": "광흥창역권",
        "gu": "마포구",
        "administrative_dong": null,
        "main_station": "대흥|광흥창",
        "main_street": "백범로|서강로",
        "main_anchor": null,
        "boundary_basis": "v1 세부상권 텍스트와 실제 소비동선·역·거리 구분을 분리한 초안",
        "confidence": "D",
        "status": "text_only",
        "checked_at": "2026-08-27"
      },
      "geometry": null
    },
    {
      "type": "Feature",
      "id": "SEOUL-MAPO-SANGAM-DMC-SM01",
      "properties": {
        "parent_market_id": "SEOUL-MAPO-SANGAM-DMC",
        "submarket_id": "SEOUL-MAPO-SANGAM-DMC-SM01",
        "submarket_name": "디지털미디어시티",
        "gu": "마포구",
        "administrative_dong": null,
        "main_station": "디지털미디어시티|월드컵경기장",
        "main_street": "월드컵북로|성암로",
        "main_anchor": null,
        "boundary_basis": "v1 세부상권 텍스트와 실제 소비동선·역·거리 구분을 분리한 초안",
        "confidence": "D",
        "status": "text_only",
        "checked_at": "2026-08-27"
      },
      "geometry": null
    },
    {
      "type": "Feature",
      "id": "SEOUL-MAPO-SANGAM-DMC-SM02",
      "properties": {
        "parent_market_id": "SEOUL-MAPO-SANGAM-DMC",
        "submarket_id": "SEOUL-MAPO-SANGAM-DMC-SM02",
        "submarket_name": "월드컵경기장",
        "gu": "마포구",
        "administrative_dong": null,
        "main_station": "디지털미디어시티|월드컵경기장",
        "main_street": "월드컵북로|성암로",
        "main_anchor": null,
        "boundary_basis": "v1 세부상권 텍스트와 실제 소비동선·역·거리 구분을 분리한 초안",
        "confidence": "D",
        "status": "text_only",
        "checked_at": "2026-08-27"
      },
      "geometry": null
    },
    {
      "type": "Feature",
      "id": "SEOUL-YANGCHEON-MOKDONG-OGEORI-SM01",
      "properties": {
        "parent_market_id": "SEOUL-YANGCHEON-MOKDONG-OGEORI",
        "submarket_id": "SEOUL-YANGCHEON-MOKDONG-OGEORI-SM01",
        "submarket_name": "목동오거리",
        "gu": "양천구",
        "administrative_dong": null,
        "main_station": "목동",
        "main_street": "목동로|신정중앙로",
        "main_anchor": null,
        "boundary_basis": "v1 세부상권 텍스트와 실제 소비동선·역·거리 구분을 분리한 초안",
        "confidence": "D",
        "status": "text_only",
        "checked_at": "2026-08-27"
      },
      "geometry": null
    },
    {
      "type": "Feature",
      "id": "SEOUL-YANGCHEON-MOKDONG-OGEORI-SM02",
      "properties": {
        "parent_market_id": "SEOUL-YANGCHEON-MOKDONG-OGEORI",
        "submarket_id": "SEOUL-YANGCHEON-MOKDONG-OGEORI-SM02",
        "submarket_name": "목동로데오",
        "gu": "양천구",
        "administrative_dong": null,
        "main_station": "목동",
        "main_street": "목동로|신정중앙로",
        "main_anchor": null,
        "boundary_basis": "v1 세부상권 텍스트와 실제 소비동선·역·거리 구분을 분리한 초안",
        "confidence": "D",
        "status": "text_only",
        "checked_at": "2026-08-27"
      },
      "geometry": null
    },
    {
      "type": "Feature",
      "id": "SEOUL-YANGCHEON-MOKDONG-OGEORI-SM03",
      "properties": {
        "parent_market_id": "SEOUL-YANGCHEON-MOKDONG-OGEORI",
        "submarket_id": "SEOUL-YANGCHEON-MOKDONG-OGEORI-SM03",
        "submarket_name": "목동역권",
        "gu": "양천구",
        "administrative_dong": null,
        "main_station": "목동",
        "main_street": "목동로|신정중앙로",
        "main_anchor": null,
        "boundary_basis": "v1 세부상권 텍스트와 실제 소비동선·역·거리 구분을 분리한 초안",
        "confidence": "D",
        "status": "text_only",
        "checked_at": "2026-08-27"
      },
      "geometry": null
    },
    {
      "type": "Feature",
      "id": "SEOUL-YANGCHEON-OMOKGYO-SM01",
      "properties": {
        "parent_market_id": "SEOUL-YANGCHEON-OMOKGYO",
        "submarket_id": "SEOUL-YANGCHEON-OMOKGYO-SM01",
        "submarket_name": "오목교역권",
        "gu": "양천구",
        "administrative_dong": null,
        "main_station": "오목교",
        "main_street": "목동동로|오목로",
        "main_anchor": null,
        "boundary_basis": "v1 세부상권 텍스트와 실제 소비동선·역·거리 구분을 분리한 초안",
        "confidence": "D",
        "status": "text_only",
        "checked_at": "2026-08-27"
      },
      "geometry": null
    },
    {
      "type": "Feature",
      "id": "SEOUL-YANGCHEON-OMOKGYO-SM02",
      "properties": {
        "parent_market_id": "SEOUL-YANGCHEON-OMOKGYO",
        "submarket_id": "SEOUL-YANGCHEON-OMOKGYO-SM02",
        "submarket_name": "목동운동장 남측",
        "gu": "양천구",
        "administrative_dong": null,
        "main_station": "오목교",
        "main_street": "목동동로|오목로",
        "main_anchor": null,
        "boundary_basis": "v1 세부상권 텍스트와 실제 소비동선·역·거리 구분을 분리한 초안",
        "confidence": "D",
        "status": "text_only",
        "checked_at": "2026-08-27"
      },
      "geometry": null
    },
    {
      "type": "Feature",
      "id": "SEOUL-YANGCHEON-MOKDONG-ACADEMY-SM01",
      "properties": {
        "parent_market_id": "SEOUL-YANGCHEON-MOKDONG-ACADEMY",
        "submarket_id": "SEOUL-YANGCHEON-MOKDONG-ACADEMY-SM01",
        "submarket_name": "목동 학원가",
        "gu": "양천구",
        "administrative_dong": null,
        "main_station": "오목교(버스 연계)",
        "main_street": "목동서로|목동동로",
        "main_anchor": null,
        "boundary_basis": "v1 세부상권 텍스트와 실제 소비동선·역·거리 구분을 분리한 초안",
        "confidence": "D",
        "status": "text_only",
        "checked_at": "2026-08-27"
      },
      "geometry": null
    },
    {
      "type": "Feature",
      "id": "SEOUL-YANGCHEON-MOKDONG-ACADEMY-SM02",
      "properties": {
        "parent_market_id": "SEOUL-YANGCHEON-MOKDONG-ACADEMY",
        "submarket_id": "SEOUL-YANGCHEON-MOKDONG-ACADEMY-SM02",
        "submarket_name": "아파트단지",
        "gu": "양천구",
        "administrative_dong": null,
        "main_station": "오목교(버스 연계)",
        "main_street": "목동서로|목동동로",
        "main_anchor": null,
        "boundary_basis": "v1 세부상권 텍스트와 실제 소비동선·역·거리 구분을 분리한 초안",
        "confidence": "D",
        "status": "text_only",
        "checked_at": "2026-08-27"
      },
      "geometry": null
    },
    {
      "type": "Feature",
      "id": "SEOUL-YANGCHEON-SINJEONGNEGEORI-SM01",
      "properties": {
        "parent_market_id": "SEOUL-YANGCHEON-SINJEONGNEGEORI",
        "submarket_id": "SEOUL-YANGCHEON-SINJEONGNEGEORI-SM01",
        "submarket_name": "신정네거리역권",
        "gu": "양천구",
        "administrative_dong": null,
        "main_station": "신정네거리",
        "main_street": "중앙로|신월로",
        "main_anchor": null,
        "boundary_basis": "v1 세부상권 텍스트와 실제 소비동선·역·거리 구분을 분리한 초안",
        "confidence": "D",
        "status": "text_only",
        "checked_at": "2026-08-27"
      },
      "geometry": null
    },
    {
      "type": "Feature",
      "id": "SEOUL-YANGCHEON-SINJEONGNEGEORI-SM02",
      "properties": {
        "parent_market_id": "SEOUL-YANGCHEON-SINJEONGNEGEORI",
        "submarket_id": "SEOUL-YANGCHEON-SINJEONGNEGEORI-SM02",
        "submarket_name": "신정동 주거축",
        "gu": "양천구",
        "administrative_dong": null,
        "main_station": "신정네거리",
        "main_street": "중앙로|신월로",
        "main_anchor": null,
        "boundary_basis": "v1 세부상권 텍스트와 실제 소비동선·역·거리 구분을 분리한 초안",
        "confidence": "D",
        "status": "text_only",
        "checked_at": "2026-08-27"
      },
      "geometry": null
    },
    {
      "type": "Feature",
      "id": "SEOUL-YANGCHEON-SINWOL-SM01",
      "properties": {
        "parent_market_id": "SEOUL-YANGCHEON-SINWOL",
        "submarket_id": "SEOUL-YANGCHEON-SINWOL-SM01",
        "submarket_name": "신월사거리",
        "gu": "양천구",
        "administrative_dong": null,
        "main_station": "까치산(버스 연계)",
        "main_street": "남부순환로|신월로",
        "main_anchor": null,
        "boundary_basis": "v1 세부상권 텍스트와 실제 소비동선·역·거리 구분을 분리한 초안",
        "confidence": "D",
        "status": "text_only",
        "checked_at": "2026-08-27"
      },
      "geometry": null
    },
    {
      "type": "Feature",
      "id": "SEOUL-YANGCHEON-SINWOL-SM02",
      "properties": {
        "parent_market_id": "SEOUL-YANGCHEON-SINWOL",
        "submarket_id": "SEOUL-YANGCHEON-SINWOL-SM02",
        "submarket_name": "서서울호수공원 연결축",
        "gu": "양천구",
        "administrative_dong": null,
        "main_station": "까치산(버스 연계)",
        "main_street": "남부순환로|신월로",
        "main_anchor": null,
        "boundary_basis": "v1 세부상권 텍스트와 실제 소비동선·역·거리 구분을 분리한 초안",
        "confidence": "D",
        "status": "text_only",
        "checked_at": "2026-08-27"
      },
      "geometry": null
    },
    {
      "type": "Feature",
      "id": "SEOUL-GANGSEO-MAGOK-SM01",
      "properties": {
        "parent_market_id": "SEOUL-GANGSEO-MAGOK",
        "submarket_id": "SEOUL-GANGSEO-MAGOK-SM01",
        "submarket_name": "마곡나루역권",
        "gu": "강서구",
        "administrative_dong": null,
        "main_station": "마곡나루|마곡",
        "main_street": "마곡중앙로|공항대로",
        "main_anchor": null,
        "boundary_basis": "v1 세부상권 텍스트와 실제 소비동선·역·거리 구분을 분리한 초안",
        "confidence": "D",
        "status": "text_only",
        "checked_at": "2026-08-27"
      },
      "geometry": null
    },
    {
      "type": "Feature",
      "id": "SEOUL-GANGSEO-MAGOK-SM02",
      "properties": {
        "parent_market_id": "SEOUL-GANGSEO-MAGOK",
        "submarket_id": "SEOUL-GANGSEO-MAGOK-SM02",
        "submarket_name": "서울식물원",
        "gu": "강서구",
        "administrative_dong": null,
        "main_station": "마곡나루|마곡",
        "main_street": "마곡중앙로|공항대로",
        "main_anchor": null,
        "boundary_basis": "v1 세부상권 텍스트와 실제 소비동선·역·거리 구분을 분리한 초안",
        "confidence": "D",
        "status": "text_only",
        "checked_at": "2026-08-27"
      },
      "geometry": null
    },
    {
      "type": "Feature",
      "id": "SEOUL-GANGSEO-BALSAN-SM01",
      "properties": {
        "parent_market_id": "SEOUL-GANGSEO-BALSAN",
        "submarket_id": "SEOUL-GANGSEO-BALSAN-SM01",
        "submarket_name": "발산역권",
        "gu": "강서구",
        "administrative_dong": null,
        "main_station": "발산",
        "main_street": "공항대로|강서로",
        "main_anchor": null,
        "boundary_basis": "v1 세부상권 텍스트와 실제 소비동선·역·거리 구분을 분리한 초안",
        "confidence": "D",
        "status": "text_only",
        "checked_at": "2026-08-27"
      },
      "geometry": null
    },
    {
      "type": "Feature",
      "id": "SEOUL-GANGSEO-BALSAN-SM02",
      "properties": {
        "parent_market_id": "SEOUL-GANGSEO-BALSAN",
        "submarket_id": "SEOUL-GANGSEO-BALSAN-SM02",
        "submarket_name": "마곡 업무지구 동측",
        "gu": "강서구",
        "administrative_dong": null,
        "main_station": "발산",
        "main_street": "공항대로|강서로",
        "main_anchor": null,
        "boundary_basis": "v1 세부상권 텍스트와 실제 소비동선·역·거리 구분을 분리한 초안",
        "confidence": "D",
        "status": "text_only",
        "checked_at": "2026-08-27"
      },
      "geometry": null
    },
    {
      "type": "Feature",
      "id": "SEOUL-GANGSEO-GIMPOAIRPORT-SM01",
      "properties": {
        "parent_market_id": "SEOUL-GANGSEO-GIMPOAIRPORT",
        "submarket_id": "SEOUL-GANGSEO-GIMPOAIRPORT-SM01",
        "submarket_name": "김포공항",
        "gu": "강서구",
        "administrative_dong": null,
        "main_station": "김포공항|송정",
        "main_street": "하늘길|공항대로",
        "main_anchor": null,
        "boundary_basis": "v1 세부상권 텍스트와 실제 소비동선·역·거리 구분을 분리한 초안",
        "confidence": "D",
        "status": "text_only",
        "checked_at": "2026-08-27"
      },
      "geometry": null
    },
    {
      "type": "Feature",
      "id": "SEOUL-GANGSEO-HWAGOK-SM01",
      "properties": {
        "parent_market_id": "SEOUL-GANGSEO-HWAGOK",
        "submarket_id": "SEOUL-GANGSEO-HWAGOK-SM01",
        "submarket_name": "화곡역권",
        "gu": "강서구",
        "administrative_dong": null,
        "main_station": "화곡",
        "main_street": "화곡로|강서로",
        "main_anchor": null,
        "boundary_basis": "v1 세부상권 텍스트와 실제 소비동선·역·거리 구분을 분리한 초안",
        "confidence": "D",
        "status": "text_only",
        "checked_at": "2026-08-27"
      },
      "geometry": null
    },
    {
      "type": "Feature",
      "id": "SEOUL-GANGSEO-HWAGOK-SM02",
      "properties": {
        "parent_market_id": "SEOUL-GANGSEO-HWAGOK",
        "submarket_id": "SEOUL-GANGSEO-HWAGOK-SM02",
        "submarket_name": "강서구청 남측",
        "gu": "강서구",
        "administrative_dong": null,
        "main_station": "화곡",
        "main_street": "화곡로|강서로",
        "main_anchor": null,
        "boundary_basis": "v1 세부상권 텍스트와 실제 소비동선·역·거리 구분을 분리한 초안",
        "confidence": "D",
        "status": "text_only",
        "checked_at": "2026-08-27"
      },
      "geometry": null
    },
    {
      "type": "Feature",
      "id": "SEOUL-GANGSEO-KKACHISAN-SM01",
      "properties": {
        "parent_market_id": "SEOUL-GANGSEO-KKACHISAN",
        "submarket_id": "SEOUL-GANGSEO-KKACHISAN-SM01",
        "submarket_name": "까치산역권",
        "gu": "강서구",
        "administrative_dong": null,
        "main_station": "까치산",
        "main_street": "강서로|곰달래로",
        "main_anchor": null,
        "boundary_basis": "v1 세부상권 텍스트와 실제 소비동선·역·거리 구분을 분리한 초안",
        "confidence": "D",
        "status": "text_only",
        "checked_at": "2026-08-27"
      },
      "geometry": null
    },
    {
      "type": "Feature",
      "id": "SEOUL-GANGSEO-KKACHISAN-SM02",
      "properties": {
        "parent_market_id": "SEOUL-GANGSEO-KKACHISAN",
        "submarket_id": "SEOUL-GANGSEO-KKACHISAN-SM02",
        "submarket_name": "화곡8동 생활축",
        "gu": "강서구",
        "administrative_dong": null,
        "main_station": "까치산",
        "main_street": "강서로|곰달래로",
        "main_anchor": null,
        "boundary_basis": "v1 세부상권 텍스트와 실제 소비동선·역·거리 구분을 분리한 초안",
        "confidence": "D",
        "status": "text_only",
        "checked_at": "2026-08-27"
      },
      "geometry": null
    },
    {
      "type": "Feature",
      "id": "SEOUL-GANGSEO-DEUNGCHON-YEOMCHANG-SM01",
      "properties": {
        "parent_market_id": "SEOUL-GANGSEO-DEUNGCHON-YEOMCHANG",
        "submarket_id": "SEOUL-GANGSEO-DEUNGCHON-YEOMCHANG-SM01",
        "submarket_name": "등촌역권",
        "gu": "강서구",
        "administrative_dong": null,
        "main_station": "등촌|염창|증미",
        "main_street": "공항대로|양천로",
        "main_anchor": null,
        "boundary_basis": "v1 세부상권 텍스트와 실제 소비동선·역·거리 구분을 분리한 초안",
        "confidence": "D",
        "status": "text_only",
        "checked_at": "2026-08-27"
      },
      "geometry": null
    },
    {
      "type": "Feature",
      "id": "SEOUL-GANGSEO-DEUNGCHON-YEOMCHANG-SM02",
      "properties": {
        "parent_market_id": "SEOUL-GANGSEO-DEUNGCHON-YEOMCHANG",
        "submarket_id": "SEOUL-GANGSEO-DEUNGCHON-YEOMCHANG-SM02",
        "submarket_name": "염창역권",
        "gu": "강서구",
        "administrative_dong": null,
        "main_station": "등촌|염창|증미",
        "main_street": "공항대로|양천로",
        "main_anchor": null,
        "boundary_basis": "v1 세부상권 텍스트와 실제 소비동선·역·거리 구분을 분리한 초안",
        "confidence": "D",
        "status": "text_only",
        "checked_at": "2026-08-27"
      },
      "geometry": null
    },
    {
      "type": "Feature",
      "id": "SEOUL-GANGSEO-DEUNGCHON-YEOMCHANG-SM03",
      "properties": {
        "parent_market_id": "SEOUL-GANGSEO-DEUNGCHON-YEOMCHANG",
        "submarket_id": "SEOUL-GANGSEO-DEUNGCHON-YEOMCHANG-SM03",
        "submarket_name": "증미역 업무",
        "gu": "강서구",
        "administrative_dong": null,
        "main_station": "등촌|염창|증미",
        "main_street": "공항대로|양천로",
        "main_anchor": null,
        "boundary_basis": "v1 세부상권 텍스트와 실제 소비동선·역·거리 구분을 분리한 초안",
        "confidence": "D",
        "status": "text_only",
        "checked_at": "2026-08-27"
      },
      "geometry": null
    },
    {
      "type": "Feature",
      "id": "SEOUL-GANGSEO-DEUNGCHON-YEOMCHANG-SM04",
      "properties": {
        "parent_market_id": "SEOUL-GANGSEO-DEUNGCHON-YEOMCHANG",
        "submarket_id": "SEOUL-GANGSEO-DEUNGCHON-YEOMCHANG-SM04",
        "submarket_name": "주거축",
        "gu": "강서구",
        "administrative_dong": null,
        "main_station": "등촌|염창|증미",
        "main_street": "공항대로|양천로",
        "main_anchor": null,
        "boundary_basis": "v1 세부상권 텍스트와 실제 소비동선·역·거리 구분을 분리한 초안",
        "confidence": "D",
        "status": "text_only",
        "checked_at": "2026-08-27"
      },
      "geometry": null
    },
    {
      "type": "Feature",
      "id": "SEOUL-GANGSEO-BANGHWA-SM01",
      "properties": {
        "parent_market_id": "SEOUL-GANGSEO-BANGHWA",
        "submarket_id": "SEOUL-GANGSEO-BANGHWA-SM01",
        "submarket_name": "방화역권",
        "gu": "강서구",
        "administrative_dong": null,
        "main_station": "방화|개화산",
        "main_street": "금낭화로|방화대로",
        "main_anchor": null,
        "boundary_basis": "v1 세부상권 텍스트와 실제 소비동선·역·거리 구분을 분리한 초안",
        "confidence": "D",
        "status": "text_only",
        "checked_at": "2026-08-27"
      },
      "geometry": null
    },
    {
      "type": "Feature",
      "id": "SEOUL-GANGSEO-BANGHWA-SM02",
      "properties": {
        "parent_market_id": "SEOUL-GANGSEO-BANGHWA",
        "submarket_id": "SEOUL-GANGSEO-BANGHWA-SM02",
        "submarket_name": "개화산역권",
        "gu": "강서구",
        "administrative_dong": null,
        "main_station": "방화|개화산",
        "main_street": "금낭화로|방화대로",
        "main_anchor": null,
        "boundary_basis": "v1 세부상권 텍스트와 실제 소비동선·역·거리 구분을 분리한 초안",
        "confidence": "D",
        "status": "text_only",
        "checked_at": "2026-08-27"
      },
      "geometry": null
    },
    {
      "type": "Feature",
      "id": "SEOUL-GURO-GURODIGITAL-SM01",
      "properties": {
        "parent_market_id": "SEOUL-GURO-GURODIGITAL",
        "submarket_id": "SEOUL-GURO-GURODIGITAL-SM01",
        "submarket_name": "구로디지털단지역권",
        "gu": "구로구",
        "administrative_dong": null,
        "main_station": "구로디지털단지",
        "main_street": "디지털로|도림천로",
        "main_anchor": null,
        "boundary_basis": "v1 세부상권 텍스트와 실제 소비동선·역·거리 구분을 분리한 초안",
        "confidence": "D",
        "status": "text_only",
        "checked_at": "2026-08-27"
      },
      "geometry": null
    },
    {
      "type": "Feature",
      "id": "SEOUL-GURO-GURODIGITAL-SM02",
      "properties": {
        "parent_market_id": "SEOUL-GURO-GURODIGITAL",
        "submarket_id": "SEOUL-GURO-GURODIGITAL-SM02",
        "submarket_name": "G밸리 동측",
        "gu": "구로구",
        "administrative_dong": null,
        "main_station": "구로디지털단지",
        "main_street": "디지털로|도림천로",
        "main_anchor": null,
        "boundary_basis": "v1 세부상권 텍스트와 실제 소비동선·역·거리 구분을 분리한 초안",
        "confidence": "D",
        "status": "text_only",
        "checked_at": "2026-08-27"
      },
      "geometry": null
    },
    {
      "type": "Feature",
      "id": "SEOUL-GURO-GURODIGITAL-SM03",
      "properties": {
        "parent_market_id": "SEOUL-GURO-GURODIGITAL",
        "submarket_id": "SEOUL-GURO-GURODIGITAL-SM03",
        "submarket_name": "깔깔거리",
        "gu": "구로구",
        "administrative_dong": null,
        "main_station": "구로디지털단지",
        "main_street": "디지털로|도림천로",
        "main_anchor": null,
        "boundary_basis": "v1 세부상권 텍스트와 실제 소비동선·역·거리 구분을 분리한 초안",
        "confidence": "D",
        "status": "text_only",
        "checked_at": "2026-08-27"
      },
      "geometry": null
    },
    {
      "type": "Feature",
      "id": "SEOUL-GURO-SINDORIM-SM01",
      "properties": {
        "parent_market_id": "SEOUL-GURO-SINDORIM",
        "submarket_id": "SEOUL-GURO-SINDORIM-SM01",
        "submarket_name": "신도림역권",
        "gu": "구로구",
        "administrative_dong": null,
        "main_station": "신도림",
        "main_street": "경인로|새말로",
        "main_anchor": null,
        "boundary_basis": "v1 세부상권 텍스트와 실제 소비동선·역·거리 구분을 분리한 초안",
        "confidence": "D",
        "status": "text_only",
        "checked_at": "2026-08-27"
      },
      "geometry": null
    },
    {
      "type": "Feature",
      "id": "SEOUL-GURO-SINDORIM-SM02",
      "properties": {
        "parent_market_id": "SEOUL-GURO-SINDORIM",
        "submarket_id": "SEOUL-GURO-SINDORIM-SM02",
        "submarket_name": "디큐브시티",
        "gu": "구로구",
        "administrative_dong": null,
        "main_station": "신도림",
        "main_street": "경인로|새말로",
        "main_anchor": null,
        "boundary_basis": "v1 세부상권 텍스트와 실제 소비동선·역·거리 구분을 분리한 초안",
        "confidence": "D",
        "status": "text_only",
        "checked_at": "2026-08-27"
      },
      "geometry": null
    },
    {
      "type": "Feature",
      "id": "SEOUL-GURO-GUROSTN-SM01",
      "properties": {
        "parent_market_id": "SEOUL-GURO-GUROSTN",
        "submarket_id": "SEOUL-GURO-GUROSTN-SM01",
        "submarket_name": "구로역권",
        "gu": "구로구",
        "administrative_dong": null,
        "main_station": "구로",
        "main_street": "경인로|구로중앙로",
        "main_anchor": null,
        "boundary_basis": "v1 세부상권 텍스트와 실제 소비동선·역·거리 구분을 분리한 초안",
        "confidence": "D",
        "status": "text_only",
        "checked_at": "2026-08-27"
      },
      "geometry": null
    },
    {
      "type": "Feature",
      "id": "SEOUL-GURO-GUROSTN-SM02",
      "properties": {
        "parent_market_id": "SEOUL-GURO-GUROSTN",
        "submarket_id": "SEOUL-GURO-GUROSTN-SM02",
        "submarket_name": "AK플라자",
        "gu": "구로구",
        "administrative_dong": null,
        "main_station": "구로",
        "main_street": "경인로|구로중앙로",
        "main_anchor": null,
        "boundary_basis": "v1 세부상권 텍스트와 실제 소비동선·역·거리 구분을 분리한 초안",
        "confidence": "D",
        "status": "text_only",
        "checked_at": "2026-08-27"
      },
      "geometry": null
    },
    {
      "type": "Feature",
      "id": "SEOUL-GURO-GOCHEOK-GAEBONG-SM01",
      "properties": {
        "parent_market_id": "SEOUL-GURO-GOCHEOK-GAEBONG",
        "submarket_id": "SEOUL-GURO-GOCHEOK-GAEBONG-SM01",
        "submarket_name": "개봉역권",
        "gu": "구로구",
        "administrative_dong": null,
        "main_station": "개봉",
        "main_street": "경인로|고척로",
        "main_anchor": null,
        "boundary_basis": "v1 세부상권 텍스트와 실제 소비동선·역·거리 구분을 분리한 초안",
        "confidence": "D",
        "status": "text_only",
        "checked_at": "2026-08-27"
      },
      "geometry": null
    },
    {
      "type": "Feature",
      "id": "SEOUL-GURO-ORYU-ONSU-SM01",
      "properties": {
        "parent_market_id": "SEOUL-GURO-ORYU-ONSU",
        "submarket_id": "SEOUL-GURO-ORYU-ONSU-SM01",
        "submarket_name": "오류동역권",
        "gu": "구로구",
        "administrative_dong": null,
        "main_station": "오류동|온수",
        "main_street": "경인로|부일로",
        "main_anchor": null,
        "boundary_basis": "v1 세부상권 텍스트와 실제 소비동선·역·거리 구분을 분리한 초안",
        "confidence": "D",
        "status": "text_only",
        "checked_at": "2026-08-27"
      },
      "geometry": null
    },
    {
      "type": "Feature",
      "id": "SEOUL-GURO-ORYU-ONSU-SM02",
      "properties": {
        "parent_market_id": "SEOUL-GURO-ORYU-ONSU",
        "submarket_id": "SEOUL-GURO-ORYU-ONSU-SM02",
        "submarket_name": "온수역권",
        "gu": "구로구",
        "administrative_dong": null,
        "main_station": "오류동|온수",
        "main_street": "경인로|부일로",
        "main_anchor": null,
        "boundary_basis": "v1 세부상권 텍스트와 실제 소비동선·역·거리 구분을 분리한 초안",
        "confidence": "D",
        "status": "text_only",
        "checked_at": "2026-08-27"
      },
      "geometry": null
    },
    {
      "type": "Feature",
      "id": "SEOUL-GURO-CHEONWANG-SM01",
      "properties": {
        "parent_market_id": "SEOUL-GURO-CHEONWANG",
        "submarket_id": "SEOUL-GURO-CHEONWANG-SM01",
        "submarket_name": "천왕역권",
        "gu": "구로구",
        "administrative_dong": null,
        "main_station": "천왕",
        "main_street": "오리로|천왕로",
        "main_anchor": null,
        "boundary_basis": "v1 세부상권 텍스트와 실제 소비동선·역·거리 구분을 분리한 초안",
        "confidence": "D",
        "status": "text_only",
        "checked_at": "2026-08-27"
      },
      "geometry": null
    },
    {
      "type": "Feature",
      "id": "SEOUL-GURO-CHEONWANG-SM02",
      "properties": {
        "parent_market_id": "SEOUL-GURO-CHEONWANG",
        "submarket_id": "SEOUL-GURO-CHEONWANG-SM02",
        "submarket_name": "천왕지구",
        "gu": "구로구",
        "administrative_dong": null,
        "main_station": "천왕",
        "main_street": "오리로|천왕로",
        "main_anchor": null,
        "boundary_basis": "v1 세부상권 텍스트와 실제 소비동선·역·거리 구분을 분리한 초안",
        "confidence": "D",
        "status": "text_only",
        "checked_at": "2026-08-27"
      },
      "geometry": null
    },
    {
      "type": "Feature",
      "id": "SEOUL-GURO-CHEONWANG-SM03",
      "properties": {
        "parent_market_id": "SEOUL-GURO-CHEONWANG",
        "submarket_id": "SEOUL-GURO-CHEONWANG-SM03",
        "submarket_name": "항동지구 연결축",
        "gu": "구로구",
        "administrative_dong": null,
        "main_station": "천왕",
        "main_street": "오리로|천왕로",
        "main_anchor": null,
        "boundary_basis": "v1 세부상권 텍스트와 실제 소비동선·역·거리 구분을 분리한 초안",
        "confidence": "D",
        "status": "text_only",
        "checked_at": "2026-08-27"
      },
      "geometry": null
    },
    {
      "type": "Feature",
      "id": "SEOUL-GEUMCHEON-GASANDIGITAL-SM01",
      "properties": {
        "parent_market_id": "SEOUL-GEUMCHEON-GASANDIGITAL",
        "submarket_id": "SEOUL-GEUMCHEON-GASANDIGITAL-SM01",
        "submarket_name": "가산디지털단지역권",
        "gu": "금천구",
        "administrative_dong": null,
        "main_station": "가산디지털단지",
        "main_street": "디지털로|벚꽃로",
        "main_anchor": null,
        "boundary_basis": "v1 세부상권 텍스트와 실제 소비동선·역·거리 구분을 분리한 초안",
        "confidence": "D",
        "status": "text_only",
        "checked_at": "2026-08-27"
      },
      "geometry": null
    },
    {
      "type": "Feature",
      "id": "SEOUL-GEUMCHEON-GASANDIGITAL-SM02",
      "properties": {
        "parent_market_id": "SEOUL-GEUMCHEON-GASANDIGITAL",
        "submarket_id": "SEOUL-GEUMCHEON-GASANDIGITAL-SM02",
        "submarket_name": "G밸리 서측",
        "gu": "금천구",
        "administrative_dong": null,
        "main_station": "가산디지털단지",
        "main_street": "디지털로|벚꽃로",
        "main_anchor": null,
        "boundary_basis": "v1 세부상권 텍스트와 실제 소비동선·역·거리 구분을 분리한 초안",
        "confidence": "D",
        "status": "text_only",
        "checked_at": "2026-08-27"
      },
      "geometry": null
    },
    {
      "type": "Feature",
      "id": "SEOUL-GEUMCHEON-GASANDIGITAL-SM03",
      "properties": {
        "parent_market_id": "SEOUL-GEUMCHEON-GASANDIGITAL",
        "submarket_id": "SEOUL-GEUMCHEON-GASANDIGITAL-SM03",
        "submarket_name": "아울렛단지",
        "gu": "금천구",
        "administrative_dong": null,
        "main_station": "가산디지털단지",
        "main_street": "디지털로|벚꽃로",
        "main_anchor": null,
        "boundary_basis": "v1 세부상권 텍스트와 실제 소비동선·역·거리 구분을 분리한 초안",
        "confidence": "D",
        "status": "text_only",
        "checked_at": "2026-08-27"
      },
      "geometry": null
    },
    {
      "type": "Feature",
      "id": "SEOUL-GEUMCHEON-DOKSAN-SM01",
      "properties": {
        "parent_market_id": "SEOUL-GEUMCHEON-DOKSAN",
        "submarket_id": "SEOUL-GEUMCHEON-DOKSAN-SM01",
        "submarket_name": "독산역권",
        "gu": "금천구",
        "administrative_dong": null,
        "main_station": "독산",
        "main_street": "시흥대로|범안로",
        "main_anchor": null,
        "boundary_basis": "v1 세부상권 텍스트와 실제 소비동선·역·거리 구분을 분리한 초안",
        "confidence": "D",
        "status": "text_only",
        "checked_at": "2026-08-27"
      },
      "geometry": null
    },
    {
      "type": "Feature",
      "id": "SEOUL-GEUMCHEON-DOKSAN-SM02",
      "properties": {
        "parent_market_id": "SEOUL-GEUMCHEON-DOKSAN",
        "submarket_id": "SEOUL-GEUMCHEON-DOKSAN-SM02",
        "submarket_name": "홈플러스축",
        "gu": "금천구",
        "administrative_dong": null,
        "main_station": "독산",
        "main_street": "시흥대로|범안로",
        "main_anchor": null,
        "boundary_basis": "v1 세부상권 텍스트와 실제 소비동선·역·거리 구분을 분리한 초안",
        "confidence": "D",
        "status": "text_only",
        "checked_at": "2026-08-27"
      },
      "geometry": null
    },
    {
      "type": "Feature",
      "id": "SEOUL-GEUMCHEON-SIHEUNG-SAGEORI-SM01",
      "properties": {
        "parent_market_id": "SEOUL-GEUMCHEON-SIHEUNG-SAGEORI",
        "submarket_id": "SEOUL-GEUMCHEON-SIHEUNG-SAGEORI-SM01",
        "submarket_name": "시흥사거리",
        "gu": "금천구",
        "administrative_dong": null,
        "main_station": "금천구청(버스 연계)",
        "main_street": "시흥대로|금하로",
        "main_anchor": null,
        "boundary_basis": "v1 세부상권 텍스트와 실제 소비동선·역·거리 구분을 분리한 초안",
        "confidence": "D",
        "status": "text_only",
        "checked_at": "2026-08-27"
      },
      "geometry": null
    },
    {
      "type": "Feature",
      "id": "SEOUL-GEUMCHEON-SIHEUNG-SAGEORI-SM02",
      "properties": {
        "parent_market_id": "SEOUL-GEUMCHEON-SIHEUNG-SAGEORI",
        "submarket_id": "SEOUL-GEUMCHEON-SIHEUNG-SAGEORI-SM02",
        "submarket_name": "금천구청 남측",
        "gu": "금천구",
        "administrative_dong": null,
        "main_station": "금천구청(버스 연계)",
        "main_street": "시흥대로|금하로",
        "main_anchor": null,
        "boundary_basis": "v1 세부상권 텍스트와 실제 소비동선·역·거리 구분을 분리한 초안",
        "confidence": "D",
        "status": "text_only",
        "checked_at": "2026-08-27"
      },
      "geometry": null
    },
    {
      "type": "Feature",
      "id": "SEOUL-GEUMCHEON-GEUMCHEONGU-OFFICE-SM01",
      "properties": {
        "parent_market_id": "SEOUL-GEUMCHEON-GEUMCHEONGU-OFFICE",
        "submarket_id": "SEOUL-GEUMCHEON-GEUMCHEONGU-OFFICE-SM01",
        "submarket_name": "금천구청역권",
        "gu": "금천구",
        "administrative_dong": null,
        "main_station": "금천구청",
        "main_street": "시흥대로|벚꽃로",
        "main_anchor": null,
        "boundary_basis": "v1 세부상권 텍스트와 실제 소비동선·역·거리 구분을 분리한 초안",
        "confidence": "D",
        "status": "text_only",
        "checked_at": "2026-08-27"
      },
      "geometry": null
    },
    {
      "type": "Feature",
      "id": "SEOUL-GEUMCHEON-GEUMCHEONGU-OFFICE-SM02",
      "properties": {
        "parent_market_id": "SEOUL-GEUMCHEON-GEUMCHEONGU-OFFICE",
        "submarket_id": "SEOUL-GEUMCHEON-GEUMCHEONGU-OFFICE-SM02",
        "submarket_name": "롯데캐슬 주거복합",
        "gu": "금천구",
        "administrative_dong": null,
        "main_station": "금천구청",
        "main_street": "시흥대로|벚꽃로",
        "main_anchor": null,
        "boundary_basis": "v1 세부상권 텍스트와 실제 소비동선·역·거리 구분을 분리한 초안",
        "confidence": "D",
        "status": "text_only",
        "checked_at": "2026-08-27"
      },
      "geometry": null
    },
    {
      "type": "Feature",
      "id": "SEOUL-GEUMCHEON-GEUMCHEONGU-OFFICE-SM03",
      "properties": {
        "parent_market_id": "SEOUL-GEUMCHEON-GEUMCHEONGU-OFFICE",
        "submarket_id": "SEOUL-GEUMCHEON-GEUMCHEONGU-OFFICE-SM03",
        "submarket_name": "안양천",
        "gu": "금천구",
        "administrative_dong": null,
        "main_station": "금천구청",
        "main_street": "시흥대로|벚꽃로",
        "main_anchor": null,
        "boundary_basis": "v1 세부상권 텍스트와 실제 소비동선·역·거리 구분을 분리한 초안",
        "confidence": "D",
        "status": "text_only",
        "checked_at": "2026-08-27"
      },
      "geometry": null
    },
    {
      "type": "Feature",
      "id": "SEOUL-YEONGDEUNGPO-YEOUIDO-SM01",
      "properties": {
        "parent_market_id": "SEOUL-YEONGDEUNGPO-YEOUIDO",
        "submarket_id": "SEOUL-YEONGDEUNGPO-YEOUIDO-SM01",
        "submarket_name": "여의도역권",
        "gu": "영등포구",
        "administrative_dong": null,
        "main_station": "여의도|여의나루",
        "main_street": "국제금융로|여의대로",
        "main_anchor": null,
        "boundary_basis": "v1 세부상권 텍스트와 실제 소비동선·역·거리 구분을 분리한 초안",
        "confidence": "D",
        "status": "text_only",
        "checked_at": "2026-08-27"
      },
      "geometry": null
    },
    {
      "type": "Feature",
      "id": "SEOUL-YEONGDEUNGPO-YEOUIDO-SM02",
      "properties": {
        "parent_market_id": "SEOUL-YEONGDEUNGPO-YEOUIDO",
        "submarket_id": "SEOUL-YEONGDEUNGPO-YEOUIDO-SM02",
        "submarket_name": "금융가",
        "gu": "영등포구",
        "administrative_dong": null,
        "main_station": "여의도|여의나루",
        "main_street": "국제금융로|여의대로",
        "main_anchor": null,
        "boundary_basis": "v1 세부상권 텍스트와 실제 소비동선·역·거리 구분을 분리한 초안",
        "confidence": "D",
        "status": "text_only",
        "checked_at": "2026-08-27"
      },
      "geometry": null
    },
    {
      "type": "Feature",
      "id": "SEOUL-YEONGDEUNGPO-YEONGDEUNGPOSTN-SM01",
      "properties": {
        "parent_market_id": "SEOUL-YEONGDEUNGPO-YEONGDEUNGPOSTN",
        "submarket_id": "SEOUL-YEONGDEUNGPO-YEONGDEUNGPOSTN-SM01",
        "submarket_name": "영등포역권",
        "gu": "영등포구",
        "administrative_dong": null,
        "main_station": "영등포",
        "main_street": "영중로|경인로",
        "main_anchor": null,
        "boundary_basis": "v1 세부상권 텍스트와 실제 소비동선·역·거리 구분을 분리한 초안",
        "confidence": "D",
        "status": "text_only",
        "checked_at": "2026-08-27"
      },
      "geometry": null
    },
    {
      "type": "Feature",
      "id": "SEOUL-YEONGDEUNGPO-YEONGDEUNGPOSTN-SM02",
      "properties": {
        "parent_market_id": "SEOUL-YEONGDEUNGPO-YEONGDEUNGPOSTN",
        "submarket_id": "SEOUL-YEONGDEUNGPO-YEONGDEUNGPOSTN-SM02",
        "submarket_name": "타임스퀘어",
        "gu": "영등포구",
        "administrative_dong": null,
        "main_station": "영등포",
        "main_street": "영중로|경인로",
        "main_anchor": null,
        "boundary_basis": "v1 세부상권 텍스트와 실제 소비동선·역·거리 구분을 분리한 초안",
        "confidence": "D",
        "status": "text_only",
        "checked_at": "2026-08-27"
      },
      "geometry": null
    },
    {
      "type": "Feature",
      "id": "SEOUL-YEONGDEUNGPO-MULLAE-SM01",
      "properties": {
        "parent_market_id": "SEOUL-YEONGDEUNGPO-MULLAE",
        "submarket_id": "SEOUL-YEONGDEUNGPO-MULLAE-SM01",
        "submarket_name": "문래창작촌",
        "gu": "영등포구",
        "administrative_dong": null,
        "main_station": "문래",
        "main_street": "도림로|문래로",
        "main_anchor": null,
        "boundary_basis": "v1 세부상권 텍스트와 실제 소비동선·역·거리 구분을 분리한 초안",
        "confidence": "D",
        "status": "text_only",
        "checked_at": "2026-08-27"
      },
      "geometry": null
    },
    {
      "type": "Feature",
      "id": "SEOUL-YEONGDEUNGPO-MULLAE-SM02",
      "properties": {
        "parent_market_id": "SEOUL-YEONGDEUNGPO-MULLAE",
        "submarket_id": "SEOUL-YEONGDEUNGPO-MULLAE-SM02",
        "submarket_name": "문래역권",
        "gu": "영등포구",
        "administrative_dong": null,
        "main_station": "문래",
        "main_street": "도림로|문래로",
        "main_anchor": null,
        "boundary_basis": "v1 세부상권 텍스트와 실제 소비동선·역·거리 구분을 분리한 초안",
        "confidence": "D",
        "status": "text_only",
        "checked_at": "2026-08-27"
      },
      "geometry": null
    },
    {
      "type": "Feature",
      "id": "SEOUL-YEONGDEUNGPO-MULLAE-SM03",
      "properties": {
        "parent_market_id": "SEOUL-YEONGDEUNGPO-MULLAE",
        "submarket_id": "SEOUL-YEONGDEUNGPO-MULLAE-SM03",
        "submarket_name": "철공소 골목",
        "gu": "영등포구",
        "administrative_dong": null,
        "main_station": "문래",
        "main_street": "도림로|문래로",
        "main_anchor": null,
        "boundary_basis": "v1 세부상권 텍스트와 실제 소비동선·역·거리 구분을 분리한 초안",
        "confidence": "D",
        "status": "text_only",
        "checked_at": "2026-08-27"
      },
      "geometry": null
    },
    {
      "type": "Feature",
      "id": "SEOUL-YEONGDEUNGPO-DANGSAN-SM01",
      "properties": {
        "parent_market_id": "SEOUL-YEONGDEUNGPO-DANGSAN",
        "submarket_id": "SEOUL-YEONGDEUNGPO-DANGSAN-SM01",
        "submarket_name": "당산역권",
        "gu": "영등포구",
        "administrative_dong": null,
        "main_station": "당산",
        "main_street": "양평로|당산로",
        "main_anchor": null,
        "boundary_basis": "v1 세부상권 텍스트와 실제 소비동선·역·거리 구분을 분리한 초안",
        "confidence": "D",
        "status": "text_only",
        "checked_at": "2026-08-27"
      },
      "geometry": null
    },
    {
      "type": "Feature",
      "id": "SEOUL-YEONGDEUNGPO-DANGSAN-SM02",
      "properties": {
        "parent_market_id": "SEOUL-YEONGDEUNGPO-DANGSAN",
        "submarket_id": "SEOUL-YEONGDEUNGPO-DANGSAN-SM02",
        "submarket_name": "당산동 오피스",
        "gu": "영등포구",
        "administrative_dong": null,
        "main_station": "당산",
        "main_street": "양평로|당산로",
        "main_anchor": null,
        "boundary_basis": "v1 세부상권 텍스트와 실제 소비동선·역·거리 구분을 분리한 초안",
        "confidence": "D",
        "status": "text_only",
        "checked_at": "2026-08-27"
      },
      "geometry": null
    },
    {
      "type": "Feature",
      "id": "SEOUL-YEONGDEUNGPO-DANGSAN-SM03",
      "properties": {
        "parent_market_id": "SEOUL-YEONGDEUNGPO-DANGSAN",
        "submarket_id": "SEOUL-YEONGDEUNGPO-DANGSAN-SM03",
        "submarket_name": "한강 연결축",
        "gu": "영등포구",
        "administrative_dong": null,
        "main_station": "당산",
        "main_street": "양평로|당산로",
        "main_anchor": null,
        "boundary_basis": "v1 세부상권 텍스트와 실제 소비동선·역·거리 구분을 분리한 초안",
        "confidence": "D",
        "status": "text_only",
        "checked_at": "2026-08-27"
      },
      "geometry": null
    },
    {
      "type": "Feature",
      "id": "SEOUL-YEONGDEUNGPO-SEONYUDO-YANGPYEONG-SM01",
      "properties": {
        "parent_market_id": "SEOUL-YEONGDEUNGPO-SEONYUDO-YANGPYEONG",
        "submarket_id": "SEOUL-YEONGDEUNGPO-SEONYUDO-YANGPYEONG-SM01",
        "submarket_name": "선유도역권",
        "gu": "영등포구",
        "administrative_dong": null,
        "main_station": "선유도|양평",
        "main_street": "양평로|선유로",
        "main_anchor": null,
        "boundary_basis": "v1 세부상권 텍스트와 실제 소비동선·역·거리 구분을 분리한 초안",
        "confidence": "D",
        "status": "text_only",
        "checked_at": "2026-08-27"
      },
      "geometry": null
    },
    {
      "type": "Feature",
      "id": "SEOUL-YEONGDEUNGPO-SEONYUDO-YANGPYEONG-SM02",
      "properties": {
        "parent_market_id": "SEOUL-YEONGDEUNGPO-SEONYUDO-YANGPYEONG",
        "submarket_id": "SEOUL-YEONGDEUNGPO-SEONYUDO-YANGPYEONG-SM02",
        "submarket_name": "양평동 업무축",
        "gu": "영등포구",
        "administrative_dong": null,
        "main_station": "선유도|양평",
        "main_street": "양평로|선유로",
        "main_anchor": null,
        "boundary_basis": "v1 세부상권 텍스트와 실제 소비동선·역·거리 구분을 분리한 초안",
        "confidence": "D",
        "status": "text_only",
        "checked_at": "2026-08-27"
      },
      "geometry": null
    },
    {
      "type": "Feature",
      "id": "SEOUL-YEONGDEUNGPO-SINGIL-DAERIM-SM01",
      "properties": {
        "parent_market_id": "SEOUL-YEONGDEUNGPO-SINGIL-DAERIM",
        "submarket_id": "SEOUL-YEONGDEUNGPO-SINGIL-DAERIM-SM01",
        "submarket_name": "신길뉴타운",
        "gu": "영등포구",
        "administrative_dong": null,
        "main_station": "신길|대림",
        "main_street": "도신로|도림로",
        "main_anchor": null,
        "boundary_basis": "v1 세부상권 텍스트와 실제 소비동선·역·거리 구분을 분리한 초안",
        "confidence": "D",
        "status": "text_only",
        "checked_at": "2026-08-27"
      },
      "geometry": null
    },
    {
      "type": "Feature",
      "id": "SEOUL-YEONGDEUNGPO-SINGIL-DAERIM-SM02",
      "properties": {
        "parent_market_id": "SEOUL-YEONGDEUNGPO-SINGIL-DAERIM",
        "submarket_id": "SEOUL-YEONGDEUNGPO-SINGIL-DAERIM-SM02",
        "submarket_name": "대림역권",
        "gu": "영등포구",
        "administrative_dong": null,
        "main_station": "신길|대림",
        "main_street": "도신로|도림로",
        "main_anchor": null,
        "boundary_basis": "v1 세부상권 텍스트와 실제 소비동선·역·거리 구분을 분리한 초안",
        "confidence": "D",
        "status": "text_only",
        "checked_at": "2026-08-27"
      },
      "geometry": null
    },
    {
      "type": "Feature",
      "id": "SEOUL-YEONGDEUNGPO-YEONGDEUNGPO-MARKET-SM01",
      "properties": {
        "parent_market_id": "SEOUL-YEONGDEUNGPO-YEONGDEUNGPO-MARKET",
        "submarket_id": "SEOUL-YEONGDEUNGPO-YEONGDEUNGPO-MARKET-SM01",
        "submarket_name": "영등포로터리",
        "gu": "영등포구",
        "administrative_dong": null,
        "main_station": "영등포시장",
        "main_street": "영등포로|영중로",
        "main_anchor": null,
        "boundary_basis": "v1 세부상권 텍스트와 실제 소비동선·역·거리 구분을 분리한 초안",
        "confidence": "D",
        "status": "text_only",
        "checked_at": "2026-08-27"
      },
      "geometry": null
    },
    {
      "type": "Feature",
      "id": "SEOUL-YEONGDEUNGPO-YEONGDEUNGPO-MARKET-SM02",
      "properties": {
        "parent_market_id": "SEOUL-YEONGDEUNGPO-YEONGDEUNGPO-MARKET",
        "submarket_id": "SEOUL-YEONGDEUNGPO-YEONGDEUNGPO-MARKET-SM02",
        "submarket_name": "국회대로 남측",
        "gu": "영등포구",
        "administrative_dong": null,
        "main_station": "영등포시장",
        "main_street": "영등포로|영중로",
        "main_anchor": null,
        "boundary_basis": "v1 세부상권 텍스트와 실제 소비동선·역·거리 구분을 분리한 초안",
        "confidence": "D",
        "status": "text_only",
        "checked_at": "2026-08-27"
      },
      "geometry": null
    },
    {
      "type": "Feature",
      "id": "SEOUL-DONGJAK-SADANG-SM01",
      "properties": {
        "parent_market_id": "SEOUL-DONGJAK-SADANG",
        "submarket_id": "SEOUL-DONGJAK-SADANG-SM01",
        "submarket_name": "사당역권",
        "gu": "동작구",
        "administrative_dong": null,
        "main_station": "사당",
        "main_street": "남부순환로|동작대로",
        "main_anchor": null,
        "boundary_basis": "v1 세부상권 텍스트와 실제 소비동선·역·거리 구분을 분리한 초안",
        "confidence": "D",
        "status": "text_only",
        "checked_at": "2026-08-27"
      },
      "geometry": null
    },
    {
      "type": "Feature",
      "id": "SEOUL-DONGJAK-SADANG-SM02",
      "properties": {
        "parent_market_id": "SEOUL-DONGJAK-SADANG",
        "submarket_id": "SEOUL-DONGJAK-SADANG-SM02",
        "submarket_name": "남현동 먹자골목",
        "gu": "동작구",
        "administrative_dong": null,
        "main_station": "사당",
        "main_street": "남부순환로|동작대로",
        "main_anchor": null,
        "boundary_basis": "v1 세부상권 텍스트와 실제 소비동선·역·거리 구분을 분리한 초안",
        "confidence": "D",
        "status": "text_only",
        "checked_at": "2026-08-27"
      },
      "geometry": null
    },
    {
      "type": "Feature",
      "id": "SEOUL-DONGJAK-SADANG-SM03",
      "properties": {
        "parent_market_id": "SEOUL-DONGJAK-SADANG",
        "submarket_id": "SEOUL-DONGJAK-SADANG-SM03",
        "submarket_name": "관악산 북측",
        "gu": "동작구",
        "administrative_dong": null,
        "main_station": "사당",
        "main_street": "남부순환로|동작대로",
        "main_anchor": null,
        "boundary_basis": "v1 세부상권 텍스트와 실제 소비동선·역·거리 구분을 분리한 초안",
        "confidence": "D",
        "status": "text_only",
        "checked_at": "2026-08-27"
      },
      "geometry": null
    },
    {
      "type": "Feature",
      "id": "SEOUL-DONGJAK-ISU-SM01",
      "properties": {
        "parent_market_id": "SEOUL-DONGJAK-ISU",
        "submarket_id": "SEOUL-DONGJAK-ISU-SM01",
        "submarket_name": "이수역권",
        "gu": "동작구",
        "administrative_dong": null,
        "main_station": "이수|총신대입구",
        "main_street": "동작대로|사당로",
        "main_anchor": null,
        "boundary_basis": "v1 세부상권 텍스트와 실제 소비동선·역·거리 구분을 분리한 초안",
        "confidence": "D",
        "status": "text_only",
        "checked_at": "2026-08-27"
      },
      "geometry": null
    },
    {
      "type": "Feature",
      "id": "SEOUL-DONGJAK-NORYANGJIN-SM01",
      "properties": {
        "parent_market_id": "SEOUL-DONGJAK-NORYANGJIN",
        "submarket_id": "SEOUL-DONGJAK-NORYANGJIN-SM01",
        "submarket_name": "노량진역권",
        "gu": "동작구",
        "administrative_dong": null,
        "main_station": "노량진",
        "main_street": "노량진로|장승배기로",
        "main_anchor": null,
        "boundary_basis": "v1 세부상권 텍스트와 실제 소비동선·역·거리 구분을 분리한 초안",
        "confidence": "D",
        "status": "text_only",
        "checked_at": "2026-08-27"
      },
      "geometry": null
    },
    {
      "type": "Feature",
      "id": "SEOUL-DONGJAK-NORYANGJIN-SM02",
      "properties": {
        "parent_market_id": "SEOUL-DONGJAK-NORYANGJIN",
        "submarket_id": "SEOUL-DONGJAK-NORYANGJIN-SM02",
        "submarket_name": "학원가",
        "gu": "동작구",
        "administrative_dong": null,
        "main_station": "노량진",
        "main_street": "노량진로|장승배기로",
        "main_anchor": null,
        "boundary_basis": "v1 세부상권 텍스트와 실제 소비동선·역·거리 구분을 분리한 초안",
        "confidence": "D",
        "status": "text_only",
        "checked_at": "2026-08-27"
      },
      "geometry": null
    },
    {
      "type": "Feature",
      "id": "SEOUL-DONGJAK-HEUKSEOK-SM01",
      "properties": {
        "parent_market_id": "SEOUL-DONGJAK-HEUKSEOK",
        "submarket_id": "SEOUL-DONGJAK-HEUKSEOK-SM01",
        "submarket_name": "흑석역권",
        "gu": "동작구",
        "administrative_dong": null,
        "main_station": "흑석",
        "main_street": "서달로|현충로",
        "main_anchor": null,
        "boundary_basis": "v1 세부상권 텍스트와 실제 소비동선·역·거리 구분을 분리한 초안",
        "confidence": "D",
        "status": "text_only",
        "checked_at": "2026-08-27"
      },
      "geometry": null
    },
    {
      "type": "Feature",
      "id": "SEOUL-DONGJAK-HEUKSEOK-SM02",
      "properties": {
        "parent_market_id": "SEOUL-DONGJAK-HEUKSEOK",
        "submarket_id": "SEOUL-DONGJAK-HEUKSEOK-SM02",
        "submarket_name": "중앙대",
        "gu": "동작구",
        "administrative_dong": null,
        "main_station": "흑석",
        "main_street": "서달로|현충로",
        "main_anchor": null,
        "boundary_basis": "v1 세부상권 텍스트와 실제 소비동선·역·거리 구분을 분리한 초안",
        "confidence": "D",
        "status": "text_only",
        "checked_at": "2026-08-27"
      },
      "geometry": null
    },
    {
      "type": "Feature",
      "id": "SEOUL-DONGJAK-SANGDO-SM01",
      "properties": {
        "parent_market_id": "SEOUL-DONGJAK-SANGDO",
        "submarket_id": "SEOUL-DONGJAK-SANGDO-SM01",
        "submarket_name": "상도역권",
        "gu": "동작구",
        "administrative_dong": null,
        "main_station": "상도|숭실대입구",
        "main_street": "상도로|사당로",
        "main_anchor": null,
        "boundary_basis": "v1 세부상권 텍스트와 실제 소비동선·역·거리 구분을 분리한 초안",
        "confidence": "D",
        "status": "text_only",
        "checked_at": "2026-08-27"
      },
      "geometry": null
    },
    {
      "type": "Feature",
      "id": "SEOUL-DONGJAK-SANGDO-SM02",
      "properties": {
        "parent_market_id": "SEOUL-DONGJAK-SANGDO",
        "submarket_id": "SEOUL-DONGJAK-SANGDO-SM02",
        "submarket_name": "장승배기역권",
        "gu": "동작구",
        "administrative_dong": null,
        "main_station": "상도|숭실대입구",
        "main_street": "상도로|사당로",
        "main_anchor": null,
        "boundary_basis": "v1 세부상권 텍스트와 실제 소비동선·역·거리 구분을 분리한 초안",
        "confidence": "D",
        "status": "text_only",
        "checked_at": "2026-08-27"
      },
      "geometry": null
    },
    {
      "type": "Feature",
      "id": "SEOUL-DONGJAK-SANGDO-SM03",
      "properties": {
        "parent_market_id": "SEOUL-DONGJAK-SANGDO",
        "submarket_id": "SEOUL-DONGJAK-SANGDO-SM03",
        "submarket_name": "숭실대",
        "gu": "동작구",
        "administrative_dong": null,
        "main_station": "상도|숭실대입구",
        "main_street": "상도로|사당로",
        "main_anchor": null,
        "boundary_basis": "v1 세부상권 텍스트와 실제 소비동선·역·거리 구분을 분리한 초안",
        "confidence": "D",
        "status": "text_only",
        "checked_at": "2026-08-27"
      },
      "geometry": null
    },
    {
      "type": "Feature",
      "id": "SEOUL-DONGJAK-SINDAEBANG-BORAMAE-SM01",
      "properties": {
        "parent_market_id": "SEOUL-DONGJAK-SINDAEBANG-BORAMAE",
        "submarket_id": "SEOUL-DONGJAK-SINDAEBANG-BORAMAE-SM01",
        "submarket_name": "신대방삼거리",
        "gu": "동작구",
        "administrative_dong": null,
        "main_station": "신대방삼거리|보라매",
        "main_street": "보라매로|상도로",
        "main_anchor": null,
        "boundary_basis": "v1 세부상권 텍스트와 실제 소비동선·역·거리 구분을 분리한 초안",
        "confidence": "D",
        "status": "text_only",
        "checked_at": "2026-08-27"
      },
      "geometry": null
    },
    {
      "type": "Feature",
      "id": "SEOUL-DONGJAK-SINDAEBANG-BORAMAE-SM02",
      "properties": {
        "parent_market_id": "SEOUL-DONGJAK-SINDAEBANG-BORAMAE",
        "submarket_id": "SEOUL-DONGJAK-SINDAEBANG-BORAMAE-SM02",
        "submarket_name": "병원업무축",
        "gu": "동작구",
        "administrative_dong": null,
        "main_station": "신대방삼거리|보라매",
        "main_street": "보라매로|상도로",
        "main_anchor": null,
        "boundary_basis": "v1 세부상권 텍스트와 실제 소비동선·역·거리 구분을 분리한 초안",
        "confidence": "D",
        "status": "text_only",
        "checked_at": "2026-08-27"
      },
      "geometry": null
    },
    {
      "type": "Feature",
      "id": "SEOUL-GWANAK-SILLIM-SM01",
      "properties": {
        "parent_market_id": "SEOUL-GWANAK-SILLIM",
        "submarket_id": "SEOUL-GWANAK-SILLIM-SM01",
        "submarket_name": "신림역권",
        "gu": "관악구",
        "administrative_dong": null,
        "main_station": "신림",
        "main_street": "신림로|남부순환로",
        "main_anchor": null,
        "boundary_basis": "v1 세부상권 텍스트와 실제 소비동선·역·거리 구분을 분리한 초안",
        "confidence": "D",
        "status": "text_only",
        "checked_at": "2026-08-27"
      },
      "geometry": null
    },
    {
      "type": "Feature",
      "id": "SEOUL-GWANAK-SILLIM-SM02",
      "properties": {
        "parent_market_id": "SEOUL-GWANAK-SILLIM",
        "submarket_id": "SEOUL-GWANAK-SILLIM-SM02",
        "submarket_name": "별빛거리",
        "gu": "관악구",
        "administrative_dong": null,
        "main_station": "신림",
        "main_street": "신림로|남부순환로",
        "main_anchor": null,
        "boundary_basis": "v1 세부상권 텍스트와 실제 소비동선·역·거리 구분을 분리한 초안",
        "confidence": "D",
        "status": "text_only",
        "checked_at": "2026-08-27"
      },
      "geometry": null
    },
    {
      "type": "Feature",
      "id": "SEOUL-GWANAK-SILLIM-SM03",
      "properties": {
        "parent_market_id": "SEOUL-GWANAK-SILLIM",
        "submarket_id": "SEOUL-GWANAK-SILLIM-SM03",
        "submarket_name": "순대타운",
        "gu": "관악구",
        "administrative_dong": null,
        "main_station": "신림",
        "main_street": "신림로|남부순환로",
        "main_anchor": null,
        "boundary_basis": "v1 세부상권 텍스트와 실제 소비동선·역·거리 구분을 분리한 초안",
        "confidence": "D",
        "status": "text_only",
        "checked_at": "2026-08-27"
      },
      "geometry": null
    },
    {
      "type": "Feature",
      "id": "SEOUL-GWANAK-SNU-SHAROSU-SM01",
      "properties": {
        "parent_market_id": "SEOUL-GWANAK-SNU-SHAROSU",
        "submarket_id": "SEOUL-GWANAK-SNU-SHAROSU-SM01",
        "submarket_name": "서울대입구역권",
        "gu": "관악구",
        "administrative_dong": null,
        "main_station": "서울대입구",
        "main_street": "관악로|남부순환로",
        "main_anchor": null,
        "boundary_basis": "v1 세부상권 텍스트와 실제 소비동선·역·거리 구분을 분리한 초안",
        "confidence": "D",
        "status": "text_only",
        "checked_at": "2026-08-27"
      },
      "geometry": null
    },
    {
      "type": "Feature",
      "id": "SEOUL-GWANAK-SNU-SHAROSU-SM02",
      "properties": {
        "parent_market_id": "SEOUL-GWANAK-SNU-SHAROSU",
        "submarket_id": "SEOUL-GWANAK-SNU-SHAROSU-SM02",
        "submarket_name": "샤로수길",
        "gu": "관악구",
        "administrative_dong": null,
        "main_station": "서울대입구",
        "main_street": "관악로|남부순환로",
        "main_anchor": null,
        "boundary_basis": "v1 세부상권 텍스트와 실제 소비동선·역·거리 구분을 분리한 초안",
        "confidence": "D",
        "status": "text_only",
        "checked_at": "2026-08-27"
      },
      "geometry": null
    },
    {
      "type": "Feature",
      "id": "SEOUL-GWANAK-SNU-SHAROSU-SM03",
      "properties": {
        "parent_market_id": "SEOUL-GWANAK-SNU-SHAROSU",
        "submarket_id": "SEOUL-GWANAK-SNU-SHAROSU-SM03",
        "submarket_name": "관악구청",
        "gu": "관악구",
        "administrative_dong": null,
        "main_station": "서울대입구",
        "main_street": "관악로|남부순환로",
        "main_anchor": null,
        "boundary_basis": "v1 세부상권 텍스트와 실제 소비동선·역·거리 구분을 분리한 초안",
        "confidence": "D",
        "status": "text_only",
        "checked_at": "2026-08-27"
      },
      "geometry": null
    },
    {
      "type": "Feature",
      "id": "SEOUL-GWANAK-NAKSEONGDAE-SM01",
      "properties": {
        "parent_market_id": "SEOUL-GWANAK-NAKSEONGDAE",
        "submarket_id": "SEOUL-GWANAK-NAKSEONGDAE-SM01",
        "submarket_name": "낙성대역권",
        "gu": "관악구",
        "administrative_dong": null,
        "main_station": "낙성대",
        "main_street": "남부순환로|낙성대로",
        "main_anchor": null,
        "boundary_basis": "v1 세부상권 텍스트와 실제 소비동선·역·거리 구분을 분리한 초안",
        "confidence": "D",
        "status": "text_only",
        "checked_at": "2026-08-27"
      },
      "geometry": null
    },
    {
      "type": "Feature",
      "id": "SEOUL-GWANAK-BONGCHEON-SM01",
      "properties": {
        "parent_market_id": "SEOUL-GWANAK-BONGCHEON",
        "submarket_id": "SEOUL-GWANAK-BONGCHEON-SM01",
        "submarket_name": "봉천역권",
        "gu": "관악구",
        "administrative_dong": null,
        "main_station": "봉천",
        "main_street": "남부순환로|봉천로",
        "main_anchor": null,
        "boundary_basis": "v1 세부상권 텍스트와 실제 소비동선·역·거리 구분을 분리한 초안",
        "confidence": "D",
        "status": "text_only",
        "checked_at": "2026-08-27"
      },
      "geometry": null
    },
    {
      "type": "Feature",
      "id": "SEOUL-GWANAK-BONGCHEON-SM02",
      "properties": {
        "parent_market_id": "SEOUL-GWANAK-BONGCHEON",
        "submarket_id": "SEOUL-GWANAK-BONGCHEON-SM02",
        "submarket_name": "은천동 주거축",
        "gu": "관악구",
        "administrative_dong": null,
        "main_station": "봉천",
        "main_street": "남부순환로|봉천로",
        "main_anchor": null,
        "boundary_basis": "v1 세부상권 텍스트와 실제 소비동선·역·거리 구분을 분리한 초안",
        "confidence": "D",
        "status": "text_only",
        "checked_at": "2026-08-27"
      },
      "geometry": null
    },
    {
      "type": "Feature",
      "id": "SEOUL-GWANAK-DAEHAKDONG-GWANAKSAN-SM01",
      "properties": {
        "parent_market_id": "SEOUL-GWANAK-DAEHAKDONG-GWANAKSAN",
        "submarket_id": "SEOUL-GWANAK-DAEHAKDONG-GWANAKSAN-SM01",
        "submarket_name": "대학동 고시촌",
        "gu": "관악구",
        "administrative_dong": null,
        "main_station": "서울대벤처타운",
        "main_street": "신림로|관악산나들길",
        "main_anchor": null,
        "boundary_basis": "v1 세부상권 텍스트와 실제 소비동선·역·거리 구분을 분리한 초안",
        "confidence": "D",
        "status": "text_only",
        "checked_at": "2026-08-27"
      },
      "geometry": null
    },
    {
      "type": "Feature",
      "id": "SEOUL-GWANAK-DAEHAKDONG-GWANAKSAN-SM02",
      "properties": {
        "parent_market_id": "SEOUL-GWANAK-DAEHAKDONG-GWANAKSAN",
        "submarket_id": "SEOUL-GWANAK-DAEHAKDONG-GWANAKSAN-SM02",
        "submarket_name": "관악산 입구",
        "gu": "관악구",
        "administrative_dong": null,
        "main_station": "서울대벤처타운",
        "main_street": "신림로|관악산나들길",
        "main_anchor": null,
        "boundary_basis": "v1 세부상권 텍스트와 실제 소비동선·역·거리 구분을 분리한 초안",
        "confidence": "D",
        "status": "text_only",
        "checked_at": "2026-08-27"
      },
      "geometry": null
    },
    {
      "type": "Feature",
      "id": "SEOUL-GWANAK-SINDAEBANG-NANGOK-SM01",
      "properties": {
        "parent_market_id": "SEOUL-GWANAK-SINDAEBANG-NANGOK",
        "submarket_id": "SEOUL-GWANAK-SINDAEBANG-NANGOK-SM01",
        "submarket_name": "신대방역권",
        "gu": "관악구",
        "administrative_dong": null,
        "main_station": "신대방",
        "main_street": "난곡로|신사로",
        "main_anchor": null,
        "boundary_basis": "v1 세부상권 텍스트와 실제 소비동선·역·거리 구분을 분리한 초안",
        "confidence": "D",
        "status": "text_only",
        "checked_at": "2026-08-27"
      },
      "geometry": null
    },
    {
      "type": "Feature",
      "id": "SEOUL-GWANAK-SINDAEBANG-NANGOK-SM02",
      "properties": {
        "parent_market_id": "SEOUL-GWANAK-SINDAEBANG-NANGOK",
        "submarket_id": "SEOUL-GWANAK-SINDAEBANG-NANGOK-SM02",
        "submarket_name": "난곡사거리",
        "gu": "관악구",
        "administrative_dong": null,
        "main_station": "신대방",
        "main_street": "난곡로|신사로",
        "main_anchor": null,
        "boundary_basis": "v1 세부상권 텍스트와 실제 소비동선·역·거리 구분을 분리한 초안",
        "confidence": "D",
        "status": "text_only",
        "checked_at": "2026-08-27"
      },
      "geometry": null
    },
    {
      "type": "Feature",
      "id": "SEOUL-GWANAK-SINDAEBANG-NANGOK-SM03",
      "properties": {
        "parent_market_id": "SEOUL-GWANAK-SINDAEBANG-NANGOK",
        "submarket_id": "SEOUL-GWANAK-SINDAEBANG-NANGOK-SM03",
        "submarket_name": "도림천 남측",
        "gu": "관악구",
        "administrative_dong": null,
        "main_station": "신대방",
        "main_street": "난곡로|신사로",
        "main_anchor": null,
        "boundary_basis": "v1 세부상권 텍스트와 실제 소비동선·역·거리 구분을 분리한 초안",
        "confidence": "D",
        "status": "text_only",
        "checked_at": "2026-08-27"
      },
      "geometry": null
    },
    {
      "type": "Feature",
      "id": "SEOUL-SEOCHO-GANGNAMSTN-WEST-SM01",
      "properties": {
        "parent_market_id": "SEOUL-SEOCHO-GANGNAMSTN-WEST",
        "submarket_id": "SEOUL-SEOCHO-GANGNAMSTN-WEST-SM01",
        "submarket_name": "강남역 서측",
        "gu": "서초구",
        "administrative_dong": null,
        "main_station": "강남",
        "main_street": "강남대로|서초대로",
        "main_anchor": null,
        "boundary_basis": "v1 세부상권 텍스트와 실제 소비동선·역·거리 구분을 분리한 초안",
        "confidence": "D",
        "status": "text_only",
        "checked_at": "2026-08-27"
      },
      "geometry": null
    },
    {
      "type": "Feature",
      "id": "SEOUL-SEOCHO-GANGNAMSTN-WEST-SM02",
      "properties": {
        "parent_market_id": "SEOUL-SEOCHO-GANGNAMSTN-WEST",
        "submarket_id": "SEOUL-SEOCHO-GANGNAMSTN-WEST-SM02",
        "submarket_name": "서초대로",
        "gu": "서초구",
        "administrative_dong": null,
        "main_station": "강남",
        "main_street": "강남대로|서초대로",
        "main_anchor": null,
        "boundary_basis": "v1 세부상권 텍스트와 실제 소비동선·역·거리 구분을 분리한 초안",
        "confidence": "D",
        "status": "text_only",
        "checked_at": "2026-08-27"
      },
      "geometry": null
    },
    {
      "type": "Feature",
      "id": "SEOUL-SEOCHO-GANGNAMSTN-WEST-SM03",
      "properties": {
        "parent_market_id": "SEOUL-SEOCHO-GANGNAMSTN-WEST",
        "submarket_id": "SEOUL-SEOCHO-GANGNAMSTN-WEST-SM03",
        "submarket_name": "강남대로 남단",
        "gu": "서초구",
        "administrative_dong": null,
        "main_station": "강남",
        "main_street": "강남대로|서초대로",
        "main_anchor": null,
        "boundary_basis": "v1 세부상권 텍스트와 실제 소비동선·역·거리 구분을 분리한 초안",
        "confidence": "D",
        "status": "text_only",
        "checked_at": "2026-08-27"
      },
      "geometry": null
    },
    {
      "type": "Feature",
      "id": "SEOUL-SEOCHO-GYODAE-SM01",
      "properties": {
        "parent_market_id": "SEOUL-SEOCHO-GYODAE",
        "submarket_id": "SEOUL-SEOCHO-GYODAE-SM01",
        "submarket_name": "교대역권",
        "gu": "서초구",
        "administrative_dong": null,
        "main_station": "교대",
        "main_street": "서초대로|반포대로",
        "main_anchor": null,
        "boundary_basis": "v1 세부상권 텍스트와 실제 소비동선·역·거리 구분을 분리한 초안",
        "confidence": "D",
        "status": "text_only",
        "checked_at": "2026-08-27"
      },
      "geometry": null
    },
    {
      "type": "Feature",
      "id": "SEOUL-SEOCHO-GYODAE-SM02",
      "properties": {
        "parent_market_id": "SEOUL-SEOCHO-GYODAE",
        "submarket_id": "SEOUL-SEOCHO-GYODAE-SM02",
        "submarket_name": "법조타운",
        "gu": "서초구",
        "administrative_dong": null,
        "main_station": "교대",
        "main_street": "서초대로|반포대로",
        "main_anchor": null,
        "boundary_basis": "v1 세부상권 텍스트와 실제 소비동선·역·거리 구분을 분리한 초안",
        "confidence": "D",
        "status": "text_only",
        "checked_at": "2026-08-27"
      },
      "geometry": null
    },
    {
      "type": "Feature",
      "id": "SEOUL-SEOCHO-GYODAE-SM03",
      "properties": {
        "parent_market_id": "SEOUL-SEOCHO-GYODAE",
        "submarket_id": "SEOUL-SEOCHO-GYODAE-SM03",
        "submarket_name": "먹자골목",
        "gu": "서초구",
        "administrative_dong": null,
        "main_station": "교대",
        "main_street": "서초대로|반포대로",
        "main_anchor": null,
        "boundary_basis": "v1 세부상권 텍스트와 실제 소비동선·역·거리 구분을 분리한 초안",
        "confidence": "D",
        "status": "text_only",
        "checked_at": "2026-08-27"
      },
      "geometry": null
    },
    {
      "type": "Feature",
      "id": "SEOUL-SEOCHO-SEOCHO-SM01",
      "properties": {
        "parent_market_id": "SEOUL-SEOCHO-SEOCHO",
        "submarket_id": "SEOUL-SEOCHO-SEOCHO-SM01",
        "submarket_name": "서초역권",
        "gu": "서초구",
        "administrative_dong": null,
        "main_station": "서초",
        "main_street": "반포대로|서초대로",
        "main_anchor": null,
        "boundary_basis": "v1 세부상권 텍스트와 실제 소비동선·역·거리 구분을 분리한 초안",
        "confidence": "D",
        "status": "text_only",
        "checked_at": "2026-08-27"
      },
      "geometry": null
    },
    {
      "type": "Feature",
      "id": "SEOUL-SEOCHO-SEOCHO-SM02",
      "properties": {
        "parent_market_id": "SEOUL-SEOCHO-SEOCHO",
        "submarket_id": "SEOUL-SEOCHO-SEOCHO-SM02",
        "submarket_name": "법원 남측",
        "gu": "서초구",
        "administrative_dong": null,
        "main_station": "서초",
        "main_street": "반포대로|서초대로",
        "main_anchor": null,
        "boundary_basis": "v1 세부상권 텍스트와 실제 소비동선·역·거리 구분을 분리한 초안",
        "confidence": "D",
        "status": "text_only",
        "checked_at": "2026-08-27"
      },
      "geometry": null
    },
    {
      "type": "Feature",
      "id": "SEOUL-SEOCHO-BANPO-EXPRESSTERMINAL-SM01",
      "properties": {
        "parent_market_id": "SEOUL-SEOCHO-BANPO-EXPRESSTERMINAL",
        "submarket_id": "SEOUL-SEOCHO-BANPO-EXPRESSTERMINAL-SM01",
        "submarket_name": "센트럴시티",
        "gu": "서초구",
        "administrative_dong": null,
        "main_station": "고속터미널|신반포",
        "main_street": "신반포로|사평대로",
        "main_anchor": null,
        "boundary_basis": "v1 세부상권 텍스트와 실제 소비동선·역·거리 구분을 분리한 초안",
        "confidence": "D",
        "status": "text_only",
        "checked_at": "2026-08-27"
      },
      "geometry": null
    },
    {
      "type": "Feature",
      "id": "SEOUL-SEOCHO-JAMWON-SM01",
      "properties": {
        "parent_market_id": "SEOUL-SEOCHO-JAMWON",
        "submarket_id": "SEOUL-SEOCHO-JAMWON-SM01",
        "submarket_name": "잠원역권",
        "gu": "서초구",
        "administrative_dong": null,
        "main_station": "잠원",
        "main_street": "나루터로|신반포로",
        "main_anchor": null,
        "boundary_basis": "v1 세부상권 텍스트와 실제 소비동선·역·거리 구분을 분리한 초안",
        "confidence": "D",
        "status": "text_only",
        "checked_at": "2026-08-27"
      },
      "geometry": null
    },
    {
      "type": "Feature",
      "id": "SEOUL-SEOCHO-JAMWON-SM02",
      "properties": {
        "parent_market_id": "SEOUL-SEOCHO-JAMWON",
        "submarket_id": "SEOUL-SEOCHO-JAMWON-SM02",
        "submarket_name": "신사역 남측",
        "gu": "서초구",
        "administrative_dong": null,
        "main_station": "잠원",
        "main_street": "나루터로|신반포로",
        "main_anchor": null,
        "boundary_basis": "v1 세부상권 텍스트와 실제 소비동선·역·거리 구분을 분리한 초안",
        "confidence": "D",
        "status": "text_only",
        "checked_at": "2026-08-27"
      },
      "geometry": null
    },
    {
      "type": "Feature",
      "id": "SEOUL-SEOCHO-BANGBAE-SEORAE-SM01",
      "properties": {
        "parent_market_id": "SEOUL-SEOCHO-BANGBAE-SEORAE",
        "submarket_id": "SEOUL-SEOCHO-BANGBAE-SEORAE-SM01",
        "submarket_name": "방배역권",
        "gu": "서초구",
        "administrative_dong": null,
        "main_station": "방배|내방",
        "main_street": "방배로|서래로",
        "main_anchor": null,
        "boundary_basis": "v1 세부상권 텍스트와 실제 소비동선·역·거리 구분을 분리한 초안",
        "confidence": "D",
        "status": "text_only",
        "checked_at": "2026-08-27"
      },
      "geometry": null
    },
    {
      "type": "Feature",
      "id": "SEOUL-SEOCHO-BANGBAE-SEORAE-SM02",
      "properties": {
        "parent_market_id": "SEOUL-SEOCHO-BANGBAE-SEORAE",
        "submarket_id": "SEOUL-SEOCHO-BANGBAE-SEORAE-SM02",
        "submarket_name": "내방역권",
        "gu": "서초구",
        "administrative_dong": null,
        "main_station": "방배|내방",
        "main_street": "방배로|서래로",
        "main_anchor": null,
        "boundary_basis": "v1 세부상권 텍스트와 실제 소비동선·역·거리 구분을 분리한 초안",
        "confidence": "D",
        "status": "text_only",
        "checked_at": "2026-08-27"
      },
      "geometry": null
    },
    {
      "type": "Feature",
      "id": "SEOUL-SEOCHO-BANGBAE-SEORAE-SM03",
      "properties": {
        "parent_market_id": "SEOUL-SEOCHO-BANGBAE-SEORAE",
        "submarket_id": "SEOUL-SEOCHO-BANGBAE-SEORAE-SM03",
        "submarket_name": "서래마을",
        "gu": "서초구",
        "administrative_dong": null,
        "main_station": "방배|내방",
        "main_street": "방배로|서래로",
        "main_anchor": null,
        "boundary_basis": "v1 세부상권 텍스트와 실제 소비동선·역·거리 구분을 분리한 초안",
        "confidence": "D",
        "status": "text_only",
        "checked_at": "2026-08-27"
      },
      "geometry": null
    },
    {
      "type": "Feature",
      "id": "SEOUL-SEOCHO-BANGBAE-SEORAE-SM04",
      "properties": {
        "parent_market_id": "SEOUL-SEOCHO-BANGBAE-SEORAE",
        "submarket_id": "SEOUL-SEOCHO-BANGBAE-SEORAE-SM04",
        "submarket_name": "카페골목",
        "gu": "서초구",
        "administrative_dong": null,
        "main_station": "방배|내방",
        "main_street": "방배로|서래로",
        "main_anchor": null,
        "boundary_basis": "v1 세부상권 텍스트와 실제 소비동선·역·거리 구분을 분리한 초안",
        "confidence": "D",
        "status": "text_only",
        "checked_at": "2026-08-27"
      },
      "geometry": null
    },
    {
      "type": "Feature",
      "id": "SEOUL-SEOCHO-YANGJAE-SM01",
      "properties": {
        "parent_market_id": "SEOUL-SEOCHO-YANGJAE",
        "submarket_id": "SEOUL-SEOCHO-YANGJAE-SM01",
        "submarket_name": "양재역권",
        "gu": "서초구",
        "administrative_dong": null,
        "main_station": "양재|양재시민의숲",
        "main_street": "강남대로|양재천로",
        "main_anchor": null,
        "boundary_basis": "v1 세부상권 텍스트와 실제 소비동선·역·거리 구분을 분리한 초안",
        "confidence": "D",
        "status": "text_only",
        "checked_at": "2026-08-27"
      },
      "geometry": null
    },
    {
      "type": "Feature",
      "id": "SEOUL-SEOCHO-YANGJAE-SM02",
      "properties": {
        "parent_market_id": "SEOUL-SEOCHO-YANGJAE",
        "submarket_id": "SEOUL-SEOCHO-YANGJAE-SM02",
        "submarket_name": "양재시민의숲",
        "gu": "서초구",
        "administrative_dong": null,
        "main_station": "양재|양재시민의숲",
        "main_street": "강남대로|양재천로",
        "main_anchor": null,
        "boundary_basis": "v1 세부상권 텍스트와 실제 소비동선·역·거리 구분을 분리한 초안",
        "confidence": "D",
        "status": "text_only",
        "checked_at": "2026-08-27"
      },
      "geometry": null
    },
    {
      "type": "Feature",
      "id": "SEOUL-SEOCHO-YANGJAE-SM03",
      "properties": {
        "parent_market_id": "SEOUL-SEOCHO-YANGJAE",
        "submarket_id": "SEOUL-SEOCHO-YANGJAE-SM03",
        "submarket_name": "오피스축",
        "gu": "서초구",
        "administrative_dong": null,
        "main_station": "양재|양재시민의숲",
        "main_street": "강남대로|양재천로",
        "main_anchor": null,
        "boundary_basis": "v1 세부상권 텍스트와 실제 소비동선·역·거리 구분을 분리한 초안",
        "confidence": "D",
        "status": "text_only",
        "checked_at": "2026-08-27"
      },
      "geometry": null
    },
    {
      "type": "Feature",
      "id": "SEOUL-SEOCHO-NAEGOK-CHEONGGYESAN-SM01",
      "properties": {
        "parent_market_id": "SEOUL-SEOCHO-NAEGOK-CHEONGGYESAN",
        "submarket_id": "SEOUL-SEOCHO-NAEGOK-CHEONGGYESAN-SM01",
        "submarket_name": "청계산입구역권",
        "gu": "서초구",
        "administrative_dong": null,
        "main_station": "청계산입구",
        "main_street": "청계산로|헌릉로",
        "main_anchor": null,
        "boundary_basis": "v1 세부상권 텍스트와 실제 소비동선·역·거리 구분을 분리한 초안",
        "confidence": "D",
        "status": "text_only",
        "checked_at": "2026-08-27"
      },
      "geometry": null
    },
    {
      "type": "Feature",
      "id": "SEOUL-SEOCHO-NAEGOK-CHEONGGYESAN-SM02",
      "properties": {
        "parent_market_id": "SEOUL-SEOCHO-NAEGOK-CHEONGGYESAN",
        "submarket_id": "SEOUL-SEOCHO-NAEGOK-CHEONGGYESAN-SM02",
        "submarket_name": "내곡지구",
        "gu": "서초구",
        "administrative_dong": null,
        "main_station": "청계산입구",
        "main_street": "청계산로|헌릉로",
        "main_anchor": null,
        "boundary_basis": "v1 세부상권 텍스트와 실제 소비동선·역·거리 구분을 분리한 초안",
        "confidence": "D",
        "status": "text_only",
        "checked_at": "2026-08-27"
      },
      "geometry": null
    },
    {
      "type": "Feature",
      "id": "SEOUL-SEOCHO-NAEGOK-CHEONGGYESAN-SM03",
      "properties": {
        "parent_market_id": "SEOUL-SEOCHO-NAEGOK-CHEONGGYESAN",
        "submarket_id": "SEOUL-SEOCHO-NAEGOK-CHEONGGYESAN-SM03",
        "submarket_name": "헌인릉",
        "gu": "서초구",
        "administrative_dong": null,
        "main_station": "청계산입구",
        "main_street": "청계산로|헌릉로",
        "main_anchor": null,
        "boundary_basis": "v1 세부상권 텍스트와 실제 소비동선·역·거리 구분을 분리한 초안",
        "confidence": "D",
        "status": "text_only",
        "checked_at": "2026-08-27"
      },
      "geometry": null
    },
    {
      "type": "Feature",
      "id": "SEOUL-GANGNAM-GANGNAMSTN-SM01",
      "properties": {
        "parent_market_id": "SEOUL-GANGNAM-GANGNAMSTN",
        "submarket_id": "SEOUL-GANGNAM-GANGNAMSTN-SM01",
        "submarket_name": "강남역 동측",
        "gu": "강남구",
        "administrative_dong": null,
        "main_station": "강남",
        "main_street": "강남대로|테헤란로",
        "main_anchor": null,
        "boundary_basis": "v1 세부상권 텍스트와 실제 소비동선·역·거리 구분을 분리한 초안",
        "confidence": "D",
        "status": "text_only",
        "checked_at": "2026-08-27"
      },
      "geometry": null
    },
    {
      "type": "Feature",
      "id": "SEOUL-GANGNAM-GANGNAMSTN-SM02",
      "properties": {
        "parent_market_id": "SEOUL-GANGNAM-GANGNAMSTN",
        "submarket_id": "SEOUL-GANGNAM-GANGNAMSTN-SM02",
        "submarket_name": "테헤란로 초입",
        "gu": "강남구",
        "administrative_dong": null,
        "main_station": "강남",
        "main_street": "강남대로|테헤란로",
        "main_anchor": null,
        "boundary_basis": "v1 세부상권 텍스트와 실제 소비동선·역·거리 구분을 분리한 초안",
        "confidence": "D",
        "status": "text_only",
        "checked_at": "2026-08-27"
      },
      "geometry": null
    },
    {
      "type": "Feature",
      "id": "SEOUL-GANGNAM-GANGNAMSTN-SM03",
      "properties": {
        "parent_market_id": "SEOUL-GANGNAM-GANGNAMSTN",
        "submarket_id": "SEOUL-GANGNAM-GANGNAMSTN-SM03",
        "submarket_name": "역삼동 먹자축",
        "gu": "강남구",
        "administrative_dong": null,
        "main_station": "강남",
        "main_street": "강남대로|테헤란로",
        "main_anchor": null,
        "boundary_basis": "v1 세부상권 텍스트와 실제 소비동선·역·거리 구분을 분리한 초안",
        "confidence": "D",
        "status": "text_only",
        "checked_at": "2026-08-27"
      },
      "geometry": null
    },
    {
      "type": "Feature",
      "id": "SEOUL-GANGNAM-YEOKSAM-TEHERAN-SM01",
      "properties": {
        "parent_market_id": "SEOUL-GANGNAM-YEOKSAM-TEHERAN",
        "submarket_id": "SEOUL-GANGNAM-YEOKSAM-TEHERAN-SM01",
        "submarket_name": "역삼역권",
        "gu": "강남구",
        "administrative_dong": null,
        "main_station": "역삼",
        "main_street": "테헤란로|논현로",
        "main_anchor": null,
        "boundary_basis": "v1 세부상권 텍스트와 실제 소비동선·역·거리 구분을 분리한 초안",
        "confidence": "D",
        "status": "text_only",
        "checked_at": "2026-08-27"
      },
      "geometry": null
    },
    {
      "type": "Feature",
      "id": "SEOUL-GANGNAM-YEOKSAM-TEHERAN-SM02",
      "properties": {
        "parent_market_id": "SEOUL-GANGNAM-YEOKSAM-TEHERAN",
        "submarket_id": "SEOUL-GANGNAM-YEOKSAM-TEHERAN-SM02",
        "submarket_name": "테헤란로 오피스",
        "gu": "강남구",
        "administrative_dong": null,
        "main_station": "역삼",
        "main_street": "테헤란로|논현로",
        "main_anchor": null,
        "boundary_basis": "v1 세부상권 텍스트와 실제 소비동선·역·거리 구분을 분리한 초안",
        "confidence": "D",
        "status": "text_only",
        "checked_at": "2026-08-27"
      },
      "geometry": null
    },
    {
      "type": "Feature",
      "id": "SEOUL-GANGNAM-YEOKSAM-TEHERAN-SM03",
      "properties": {
        "parent_market_id": "SEOUL-GANGNAM-YEOKSAM-TEHERAN",
        "submarket_id": "SEOUL-GANGNAM-YEOKSAM-TEHERAN-SM03",
        "submarket_name": "강남파이낸스센터",
        "gu": "강남구",
        "administrative_dong": null,
        "main_station": "역삼",
        "main_street": "테헤란로|논현로",
        "main_anchor": null,
        "boundary_basis": "v1 세부상권 텍스트와 실제 소비동선·역·거리 구분을 분리한 초안",
        "confidence": "D",
        "status": "text_only",
        "checked_at": "2026-08-27"
      },
      "geometry": null
    },
    {
      "type": "Feature",
      "id": "SEOUL-GANGNAM-SEOLLEUNG-SM01",
      "properties": {
        "parent_market_id": "SEOUL-GANGNAM-SEOLLEUNG",
        "submarket_id": "SEOUL-GANGNAM-SEOLLEUNG-SM01",
        "submarket_name": "선릉역권",
        "gu": "강남구",
        "administrative_dong": null,
        "main_station": "선릉",
        "main_street": "테헤란로|선릉로",
        "main_anchor": null,
        "boundary_basis": "v1 세부상권 텍스트와 실제 소비동선·역·거리 구분을 분리한 초안",
        "confidence": "D",
        "status": "text_only",
        "checked_at": "2026-08-27"
      },
      "geometry": null
    },
    {
      "type": "Feature",
      "id": "SEOUL-GANGNAM-SEOLLEUNG-SM02",
      "properties": {
        "parent_market_id": "SEOUL-GANGNAM-SEOLLEUNG",
        "submarket_id": "SEOUL-GANGNAM-SEOLLEUNG-SM02",
        "submarket_name": "테헤란로 중부",
        "gu": "강남구",
        "administrative_dong": null,
        "main_station": "선릉",
        "main_street": "테헤란로|선릉로",
        "main_anchor": null,
        "boundary_basis": "v1 세부상권 텍스트와 실제 소비동선·역·거리 구분을 분리한 초안",
        "confidence": "D",
        "status": "text_only",
        "checked_at": "2026-08-27"
      },
      "geometry": null
    },
    {
      "type": "Feature",
      "id": "SEOUL-GANGNAM-SEOLLEUNG-SM03",
      "properties": {
        "parent_market_id": "SEOUL-GANGNAM-SEOLLEUNG",
        "submarket_id": "SEOUL-GANGNAM-SEOLLEUNG-SM03",
        "submarket_name": "선정릉 서측",
        "gu": "강남구",
        "administrative_dong": null,
        "main_station": "선릉",
        "main_street": "테헤란로|선릉로",
        "main_anchor": null,
        "boundary_basis": "v1 세부상권 텍스트와 실제 소비동선·역·거리 구분을 분리한 초안",
        "confidence": "D",
        "status": "text_only",
        "checked_at": "2026-08-27"
      },
      "geometry": null
    },
    {
      "type": "Feature",
      "id": "SEOUL-GANGNAM-SAMSUNG-COEX-SM01",
      "properties": {
        "parent_market_id": "SEOUL-GANGNAM-SAMSUNG-COEX",
        "submarket_id": "SEOUL-GANGNAM-SAMSUNG-COEX-SM01",
        "submarket_name": "삼성역권",
        "gu": "강남구",
        "administrative_dong": null,
        "main_station": "삼성|봉은사",
        "main_street": "영동대로|테헤란로",
        "main_anchor": null,
        "boundary_basis": "v1 세부상권 텍스트와 실제 소비동선·역·거리 구분을 분리한 초안",
        "confidence": "D",
        "status": "text_only",
        "checked_at": "2026-08-27"
      },
      "geometry": null
    },
    {
      "type": "Feature",
      "id": "SEOUL-GANGNAM-SAMSUNG-COEX-SM02",
      "properties": {
        "parent_market_id": "SEOUL-GANGNAM-SAMSUNG-COEX",
        "submarket_id": "SEOUL-GANGNAM-SAMSUNG-COEX-SM02",
        "submarket_name": "봉은사",
        "gu": "강남구",
        "administrative_dong": null,
        "main_station": "삼성|봉은사",
        "main_street": "영동대로|테헤란로",
        "main_anchor": null,
        "boundary_basis": "v1 세부상권 텍스트와 실제 소비동선·역·거리 구분을 분리한 초안",
        "confidence": "D",
        "status": "text_only",
        "checked_at": "2026-08-27"
      },
      "geometry": null
    },
    {
      "type": "Feature",
      "id": "SEOUL-GANGNAM-CHEONGDAM-SM01",
      "properties": {
        "parent_market_id": "SEOUL-GANGNAM-CHEONGDAM",
        "submarket_id": "SEOUL-GANGNAM-CHEONGDAM-SM01",
        "submarket_name": "청담사거리",
        "gu": "강남구",
        "administrative_dong": null,
        "main_station": "청담",
        "main_street": "도산대로|압구정로",
        "main_anchor": null,
        "boundary_basis": "v1 세부상권 텍스트와 실제 소비동선·역·거리 구분을 분리한 초안",
        "confidence": "D",
        "status": "text_only",
        "checked_at": "2026-08-27"
      },
      "geometry": null
    },
    {
      "type": "Feature",
      "id": "SEOUL-GANGNAM-CHEONGDAM-SM02",
      "properties": {
        "parent_market_id": "SEOUL-GANGNAM-CHEONGDAM",
        "submarket_id": "SEOUL-GANGNAM-CHEONGDAM-SM02",
        "submarket_name": "명품거리",
        "gu": "강남구",
        "administrative_dong": null,
        "main_station": "청담",
        "main_street": "도산대로|압구정로",
        "main_anchor": null,
        "boundary_basis": "v1 세부상권 텍스트와 실제 소비동선·역·거리 구분을 분리한 초안",
        "confidence": "D",
        "status": "text_only",
        "checked_at": "2026-08-27"
      },
      "geometry": null
    },
    {
      "type": "Feature",
      "id": "SEOUL-GANGNAM-CHEONGDAM-SM03",
      "properties": {
        "parent_market_id": "SEOUL-GANGNAM-CHEONGDAM",
        "submarket_id": "SEOUL-GANGNAM-CHEONGDAM-SM03",
        "submarket_name": "도산대로 동측",
        "gu": "강남구",
        "administrative_dong": null,
        "main_station": "청담",
        "main_street": "도산대로|압구정로",
        "main_anchor": null,
        "boundary_basis": "v1 세부상권 텍스트와 실제 소비동선·역·거리 구분을 분리한 초안",
        "confidence": "D",
        "status": "text_only",
        "checked_at": "2026-08-27"
      },
      "geometry": null
    },
    {
      "type": "Feature",
      "id": "SEOUL-GANGNAM-APGUJEONG-STATION",
      "properties": {
        "parent_market_id": "SEOUL-GANGNAM-APGUJEONG",
        "submarket_id": "SEOUL-GANGNAM-APGUJEONG-STATION",
        "submarket_name": "압구정역권",
        "gu": "강남구",
        "administrative_dong": null,
        "main_station": "압구정|압구정로데오",
        "main_street": "압구정로|선릉로",
        "main_anchor": null,
        "boundary_basis": "v1 세부상권 텍스트와 실제 소비동선·역·거리 구분을 분리한 초안",
        "confidence": "D",
        "status": "text_only",
        "checked_at": "2026-08-27"
      },
      "geometry": null
    },
    {
      "type": "Feature",
      "id": "SEOUL-GANGNAM-APGUJEONG-RODEO",
      "properties": {
        "parent_market_id": "SEOUL-GANGNAM-APGUJEONG",
        "submarket_id": "SEOUL-GANGNAM-APGUJEONG-RODEO",
        "submarket_name": "압구정로데오",
        "gu": "강남구",
        "administrative_dong": null,
        "main_station": "압구정|압구정로데오",
        "main_street": "압구정로|선릉로",
        "main_anchor": null,
        "boundary_basis": "v1 세부상권 텍스트와 실제 소비동선·역·거리 구분을 분리한 초안",
        "confidence": "D",
        "status": "text_only",
        "checked_at": "2026-08-27"
      },
      "geometry": null
    },
    {
      "type": "Feature",
      "id": "SEOUL-GANGNAM-APGUJEONG-GALLERIA",
      "properties": {
        "parent_market_id": "SEOUL-GANGNAM-APGUJEONG",
        "submarket_id": "SEOUL-GANGNAM-APGUJEONG-GALLERIA",
        "submarket_name": "갤러리아권",
        "gu": "강남구",
        "administrative_dong": null,
        "main_station": "압구정|압구정로데오",
        "main_street": "압구정로|선릉로",
        "main_anchor": null,
        "boundary_basis": "v1 세부상권 텍스트와 실제 소비동선·역·거리 구분을 분리한 초안",
        "confidence": "D",
        "status": "text_only",
        "checked_at": "2026-08-27"
      },
      "geometry": null
    },
    {
      "type": "Feature",
      "id": "SEOUL-GANGNAM-APGUJEONG-DOSANPARK",
      "properties": {
        "parent_market_id": "SEOUL-GANGNAM-APGUJEONG",
        "submarket_id": "SEOUL-GANGNAM-APGUJEONG-DOSANPARK",
        "submarket_name": "도산공원 연결권",
        "gu": "강남구",
        "administrative_dong": null,
        "main_station": "압구정|압구정로데오",
        "main_street": "압구정로|선릉로",
        "main_anchor": null,
        "boundary_basis": "v1 세부상권 텍스트와 실제 소비동선·역·거리 구분을 분리한 초안",
        "confidence": "D",
        "status": "text_only",
        "checked_at": "2026-08-27"
      },
      "geometry": null
    },
    {
      "type": "Feature",
      "id": "SEOUL-GANGNAM-SINSA-GAROSU-SM01",
      "properties": {
        "parent_market_id": "SEOUL-GANGNAM-SINSA-GAROSU",
        "submarket_id": "SEOUL-GANGNAM-SINSA-GAROSU-SM01",
        "submarket_name": "신사역권",
        "gu": "강남구",
        "administrative_dong": null,
        "main_station": "신사",
        "main_street": "도산대로|압구정로|가로수길",
        "main_anchor": null,
        "boundary_basis": "v1 세부상권 텍스트와 실제 소비동선·역·거리 구분을 분리한 초안",
        "confidence": "D",
        "status": "text_only",
        "checked_at": "2026-08-27"
      },
      "geometry": null
    },
    {
      "type": "Feature",
      "id": "SEOUL-GANGNAM-SINSA-GAROSU-SM02",
      "properties": {
        "parent_market_id": "SEOUL-GANGNAM-SINSA-GAROSU",
        "submarket_id": "SEOUL-GANGNAM-SINSA-GAROSU-SM02",
        "submarket_name": "가로수길",
        "gu": "강남구",
        "administrative_dong": null,
        "main_station": "신사",
        "main_street": "도산대로|압구정로|가로수길",
        "main_anchor": null,
        "boundary_basis": "v1 세부상권 텍스트와 실제 소비동선·역·거리 구분을 분리한 초안",
        "confidence": "D",
        "status": "text_only",
        "checked_at": "2026-08-27"
      },
      "geometry": null
    },
    {
      "type": "Feature",
      "id": "SEOUL-GANGNAM-SINSA-GAROSU-SM03",
      "properties": {
        "parent_market_id": "SEOUL-GANGNAM-SINSA-GAROSU",
        "submarket_id": "SEOUL-GANGNAM-SINSA-GAROSU-SM03",
        "submarket_name": "세로수길",
        "gu": "강남구",
        "administrative_dong": null,
        "main_station": "신사",
        "main_street": "도산대로|압구정로|가로수길",
        "main_anchor": null,
        "boundary_basis": "v1 세부상권 텍스트와 실제 소비동선·역·거리 구분을 분리한 초안",
        "confidence": "D",
        "status": "text_only",
        "checked_at": "2026-08-27"
      },
      "geometry": null
    },
    {
      "type": "Feature",
      "id": "SEOUL-GANGNAM-NONHYEON-SM01",
      "properties": {
        "parent_market_id": "SEOUL-GANGNAM-NONHYEON",
        "submarket_id": "SEOUL-GANGNAM-NONHYEON-SM01",
        "submarket_name": "논현역권",
        "gu": "강남구",
        "administrative_dong": null,
        "main_station": "논현|학동",
        "main_street": "강남대로|학동로",
        "main_anchor": null,
        "boundary_basis": "v1 세부상권 텍스트와 실제 소비동선·역·거리 구분을 분리한 초안",
        "confidence": "D",
        "status": "text_only",
        "checked_at": "2026-08-27"
      },
      "geometry": null
    },
    {
      "type": "Feature",
      "id": "SEOUL-GANGNAM-NONHYEON-SM02",
      "properties": {
        "parent_market_id": "SEOUL-GANGNAM-NONHYEON",
        "submarket_id": "SEOUL-GANGNAM-NONHYEON-SM02",
        "submarket_name": "학동역 가구거리",
        "gu": "강남구",
        "administrative_dong": null,
        "main_station": "논현|학동",
        "main_street": "강남대로|학동로",
        "main_anchor": null,
        "boundary_basis": "v1 세부상권 텍스트와 실제 소비동선·역·거리 구분을 분리한 초안",
        "confidence": "D",
        "status": "text_only",
        "checked_at": "2026-08-27"
      },
      "geometry": null
    },
    {
      "type": "Feature",
      "id": "SEOUL-GANGNAM-DAECHI-DOGOK-SM01",
      "properties": {
        "parent_market_id": "SEOUL-GANGNAM-DAECHI-DOGOK",
        "submarket_id": "SEOUL-GANGNAM-DAECHI-DOGOK-SM01",
        "submarket_name": "대치동 학원가",
        "gu": "강남구",
        "administrative_dong": null,
        "main_station": "한티|대치",
        "main_street": "도곡로|남부순환로",
        "main_anchor": null,
        "boundary_basis": "v1 세부상권 텍스트와 실제 소비동선·역·거리 구분을 분리한 초안",
        "confidence": "D",
        "status": "text_only",
        "checked_at": "2026-08-27"
      },
      "geometry": null
    },
    {
      "type": "Feature",
      "id": "SEOUL-GANGNAM-DAECHI-DOGOK-SM02",
      "properties": {
        "parent_market_id": "SEOUL-GANGNAM-DAECHI-DOGOK",
        "submarket_id": "SEOUL-GANGNAM-DAECHI-DOGOK-SM02",
        "submarket_name": "도곡동 주거축",
        "gu": "강남구",
        "administrative_dong": null,
        "main_station": "한티|대치",
        "main_street": "도곡로|남부순환로",
        "main_anchor": null,
        "boundary_basis": "v1 세부상권 텍스트와 실제 소비동선·역·거리 구분을 분리한 초안",
        "confidence": "D",
        "status": "text_only",
        "checked_at": "2026-08-27"
      },
      "geometry": null
    },
    {
      "type": "Feature",
      "id": "SEOUL-GANGNAM-DAECHI-DOGOK-SM03",
      "properties": {
        "parent_market_id": "SEOUL-GANGNAM-DAECHI-DOGOK",
        "submarket_id": "SEOUL-GANGNAM-DAECHI-DOGOK-SM03",
        "submarket_name": "한티역권",
        "gu": "강남구",
        "administrative_dong": null,
        "main_station": "한티|대치",
        "main_street": "도곡로|남부순환로",
        "main_anchor": null,
        "boundary_basis": "v1 세부상권 텍스트와 실제 소비동선·역·거리 구분을 분리한 초안",
        "confidence": "D",
        "status": "text_only",
        "checked_at": "2026-08-27"
      },
      "geometry": null
    },
    {
      "type": "Feature",
      "id": "SEOUL-GANGNAM-SUSEO-SEGOK-SM01",
      "properties": {
        "parent_market_id": "SEOUL-GANGNAM-SUSEO-SEGOK",
        "submarket_id": "SEOUL-GANGNAM-SUSEO-SEGOK-SM01",
        "submarket_name": "수서역권",
        "gu": "강남구",
        "administrative_dong": null,
        "main_station": "수서",
        "main_street": "광평로|밤고개로",
        "main_anchor": null,
        "boundary_basis": "v1 세부상권 텍스트와 실제 소비동선·역·거리 구분을 분리한 초안",
        "confidence": "D",
        "status": "text_only",
        "checked_at": "2026-08-27"
      },
      "geometry": null
    },
    {
      "type": "Feature",
      "id": "SEOUL-GANGNAM-SUSEO-SEGOK-SM02",
      "properties": {
        "parent_market_id": "SEOUL-GANGNAM-SUSEO-SEGOK",
        "submarket_id": "SEOUL-GANGNAM-SUSEO-SEGOK-SM02",
        "submarket_name": "SRT",
        "gu": "강남구",
        "administrative_dong": null,
        "main_station": "수서",
        "main_street": "광평로|밤고개로",
        "main_anchor": null,
        "boundary_basis": "v1 세부상권 텍스트와 실제 소비동선·역·거리 구분을 분리한 초안",
        "confidence": "D",
        "status": "text_only",
        "checked_at": "2026-08-27"
      },
      "geometry": null
    },
    {
      "type": "Feature",
      "id": "SEOUL-GANGNAM-SUSEO-SEGOK-SM03",
      "properties": {
        "parent_market_id": "SEOUL-GANGNAM-SUSEO-SEGOK",
        "submarket_id": "SEOUL-GANGNAM-SUSEO-SEGOK-SM03",
        "submarket_name": "세곡지구",
        "gu": "강남구",
        "administrative_dong": null,
        "main_station": "수서",
        "main_street": "광평로|밤고개로",
        "main_anchor": null,
        "boundary_basis": "v1 세부상권 텍스트와 실제 소비동선·역·거리 구분을 분리한 초안",
        "confidence": "D",
        "status": "text_only",
        "checked_at": "2026-08-27"
      },
      "geometry": null
    },
    {
      "type": "Feature",
      "id": "SEOUL-GANGNAM-SUSEO-SEGOK-SM04",
      "properties": {
        "parent_market_id": "SEOUL-GANGNAM-SUSEO-SEGOK",
        "submarket_id": "SEOUL-GANGNAM-SUSEO-SEGOK-SM04",
        "submarket_name": "대모산 남측",
        "gu": "강남구",
        "administrative_dong": null,
        "main_station": "수서",
        "main_street": "광평로|밤고개로",
        "main_anchor": null,
        "boundary_basis": "v1 세부상권 텍스트와 실제 소비동선·역·거리 구분을 분리한 초안",
        "confidence": "D",
        "status": "text_only",
        "checked_at": "2026-08-27"
      },
      "geometry": null
    },
    {
      "type": "Feature",
      "id": "SEOUL-SONGPA-JAMSIL-SM01",
      "properties": {
        "parent_market_id": "SEOUL-SONGPA-JAMSIL",
        "submarket_id": "SEOUL-SONGPA-JAMSIL-SM01",
        "submarket_name": "잠실역권",
        "gu": "송파구",
        "administrative_dong": null,
        "main_station": "잠실",
        "main_street": "올림픽로|송파대로",
        "main_anchor": null,
        "boundary_basis": "v1 세부상권 텍스트와 실제 소비동선·역·거리 구분을 분리한 초안",
        "confidence": "D",
        "status": "text_only",
        "checked_at": "2026-08-27"
      },
      "geometry": null
    },
    {
      "type": "Feature",
      "id": "SEOUL-SONGPA-JAMSIL-SM02",
      "properties": {
        "parent_market_id": "SEOUL-SONGPA-JAMSIL",
        "submarket_id": "SEOUL-SONGPA-JAMSIL-SM02",
        "submarket_name": "잠실종합운동장 연결축",
        "gu": "송파구",
        "administrative_dong": null,
        "main_station": "잠실",
        "main_street": "올림픽로|송파대로",
        "main_anchor": null,
        "boundary_basis": "v1 세부상권 텍스트와 실제 소비동선·역·거리 구분을 분리한 초안",
        "confidence": "D",
        "status": "text_only",
        "checked_at": "2026-08-27"
      },
      "geometry": null
    },
    {
      "type": "Feature",
      "id": "SEOUL-SONGPA-SONGRIDAN-SM01",
      "properties": {
        "parent_market_id": "SEOUL-SONGPA-SONGRIDAN",
        "submarket_id": "SEOUL-SONGPA-SONGRIDAN-SM01",
        "submarket_name": "석촌호수 동호",
        "gu": "송파구",
        "administrative_dong": null,
        "main_station": "석촌|송파나루",
        "main_street": "백제고분로45길|오금로",
        "main_anchor": null,
        "boundary_basis": "v1 세부상권 텍스트와 실제 소비동선·역·거리 구분을 분리한 초안",
        "confidence": "D",
        "status": "text_only",
        "checked_at": "2026-08-27"
      },
      "geometry": null
    },
    {
      "type": "Feature",
      "id": "SEOUL-SONGPA-SONGRIDAN-SM02",
      "properties": {
        "parent_market_id": "SEOUL-SONGPA-SONGRIDAN",
        "submarket_id": "SEOUL-SONGPA-SONGRIDAN-SM02",
        "submarket_name": "송리단길",
        "gu": "송파구",
        "administrative_dong": null,
        "main_station": "석촌|송파나루",
        "main_street": "백제고분로45길|오금로",
        "main_anchor": null,
        "boundary_basis": "v1 세부상권 텍스트와 실제 소비동선·역·거리 구분을 분리한 초안",
        "confidence": "D",
        "status": "text_only",
        "checked_at": "2026-08-27"
      },
      "geometry": null
    },
    {
      "type": "Feature",
      "id": "SEOUL-SONGPA-SONGRIDAN-SM03",
      "properties": {
        "parent_market_id": "SEOUL-SONGPA-SONGRIDAN",
        "submarket_id": "SEOUL-SONGPA-SONGRIDAN-SM03",
        "submarket_name": "석촌역 북측",
        "gu": "송파구",
        "administrative_dong": null,
        "main_station": "석촌|송파나루",
        "main_street": "백제고분로45길|오금로",
        "main_anchor": null,
        "boundary_basis": "v1 세부상권 텍스트와 실제 소비동선·역·거리 구분을 분리한 초안",
        "confidence": "D",
        "status": "text_only",
        "checked_at": "2026-08-27"
      },
      "geometry": null
    },
    {
      "type": "Feature",
      "id": "SEOUL-SONGPA-BANGI-SM01",
      "properties": {
        "parent_market_id": "SEOUL-SONGPA-BANGI",
        "submarket_id": "SEOUL-SONGPA-BANGI-SM01",
        "submarket_name": "방이먹자골목",
        "gu": "송파구",
        "administrative_dong": null,
        "main_station": "몽촌토성|한성백제",
        "main_street": "오금로|위례성대로",
        "main_anchor": null,
        "boundary_basis": "v1 세부상권 텍스트와 실제 소비동선·역·거리 구분을 분리한 초안",
        "confidence": "D",
        "status": "text_only",
        "checked_at": "2026-08-27"
      },
      "geometry": null
    },
    {
      "type": "Feature",
      "id": "SEOUL-SONGPA-BANGI-SM02",
      "properties": {
        "parent_market_id": "SEOUL-SONGPA-BANGI",
        "submarket_id": "SEOUL-SONGPA-BANGI-SM02",
        "submarket_name": "몽촌토성역권",
        "gu": "송파구",
        "administrative_dong": null,
        "main_station": "몽촌토성|한성백제",
        "main_street": "오금로|위례성대로",
        "main_anchor": null,
        "boundary_basis": "v1 세부상권 텍스트와 실제 소비동선·역·거리 구분을 분리한 초안",
        "confidence": "D",
        "status": "text_only",
        "checked_at": "2026-08-27"
      },
      "geometry": null
    },
    {
      "type": "Feature",
      "id": "SEOUL-SONGPA-BANGI-SM03",
      "properties": {
        "parent_market_id": "SEOUL-SONGPA-BANGI",
        "submarket_id": "SEOUL-SONGPA-BANGI-SM03",
        "submarket_name": "올림픽공원 서측",
        "gu": "송파구",
        "administrative_dong": null,
        "main_station": "몽촌토성|한성백제",
        "main_street": "오금로|위례성대로",
        "main_anchor": null,
        "boundary_basis": "v1 세부상권 텍스트와 실제 소비동선·역·거리 구분을 분리한 초안",
        "confidence": "D",
        "status": "text_only",
        "checked_at": "2026-08-27"
      },
      "geometry": null
    },
    {
      "type": "Feature",
      "id": "SEOUL-SONGPA-MUNJEONG-SM01",
      "properties": {
        "parent_market_id": "SEOUL-SONGPA-MUNJEONG",
        "submarket_id": "SEOUL-SONGPA-MUNJEONG-SM01",
        "submarket_name": "문정법조단지",
        "gu": "송파구",
        "administrative_dong": null,
        "main_station": "문정",
        "main_street": "송파대로|법원로",
        "main_anchor": null,
        "boundary_basis": "v1 세부상권 텍스트와 실제 소비동선·역·거리 구분을 분리한 초안",
        "confidence": "D",
        "status": "text_only",
        "checked_at": "2026-08-27"
      },
      "geometry": null
    },
    {
      "type": "Feature",
      "id": "SEOUL-SONGPA-MUNJEONG-SM02",
      "properties": {
        "parent_market_id": "SEOUL-SONGPA-MUNJEONG",
        "submarket_id": "SEOUL-SONGPA-MUNJEONG-SM02",
        "submarket_name": "문정역권",
        "gu": "송파구",
        "administrative_dong": null,
        "main_station": "문정",
        "main_street": "송파대로|법원로",
        "main_anchor": null,
        "boundary_basis": "v1 세부상권 텍스트와 실제 소비동선·역·거리 구분을 분리한 초안",
        "confidence": "D",
        "status": "text_only",
        "checked_at": "2026-08-27"
      },
      "geometry": null
    },
    {
      "type": "Feature",
      "id": "SEOUL-SONGPA-GARAKMARKET-SM01",
      "properties": {
        "parent_market_id": "SEOUL-SONGPA-GARAKMARKET",
        "submarket_id": "SEOUL-SONGPA-GARAKMARKET-SM01",
        "submarket_name": "가락몰",
        "gu": "송파구",
        "administrative_dong": null,
        "main_station": "가락시장",
        "main_street": "송파대로|양재대로",
        "main_anchor": null,
        "boundary_basis": "v1 세부상권 텍스트와 실제 소비동선·역·거리 구분을 분리한 초안",
        "confidence": "D",
        "status": "text_only",
        "checked_at": "2026-08-27"
      },
      "geometry": null
    },
    {
      "type": "Feature",
      "id": "SEOUL-SONGPA-GARAKMARKET-SM02",
      "properties": {
        "parent_market_id": "SEOUL-SONGPA-GARAKMARKET",
        "submarket_id": "SEOUL-SONGPA-GARAKMARKET-SM02",
        "submarket_name": "가락시장역권",
        "gu": "송파구",
        "administrative_dong": null,
        "main_station": "가락시장",
        "main_street": "송파대로|양재대로",
        "main_anchor": null,
        "boundary_basis": "v1 세부상권 텍스트와 실제 소비동선·역·거리 구분을 분리한 초안",
        "confidence": "D",
        "status": "text_only",
        "checked_at": "2026-08-27"
      },
      "geometry": null
    },
    {
      "type": "Feature",
      "id": "SEOUL-SONGPA-SEOKCHON-SAMJEON-SM01",
      "properties": {
        "parent_market_id": "SEOUL-SONGPA-SEOKCHON-SAMJEON",
        "submarket_id": "SEOUL-SONGPA-SEOKCHON-SAMJEON-SM01",
        "submarket_name": "석촌역권",
        "gu": "송파구",
        "administrative_dong": null,
        "main_station": "석촌|삼전",
        "main_street": "백제고분로|삼학사로",
        "main_anchor": null,
        "boundary_basis": "v1 세부상권 텍스트와 실제 소비동선·역·거리 구분을 분리한 초안",
        "confidence": "D",
        "status": "text_only",
        "checked_at": "2026-08-27"
      },
      "geometry": null
    },
    {
      "type": "Feature",
      "id": "SEOUL-SONGPA-SEOKCHON-SAMJEON-SM02",
      "properties": {
        "parent_market_id": "SEOUL-SONGPA-SEOKCHON-SAMJEON",
        "submarket_id": "SEOUL-SONGPA-SEOKCHON-SAMJEON-SM02",
        "submarket_name": "삼전역권",
        "gu": "송파구",
        "administrative_dong": null,
        "main_station": "석촌|삼전",
        "main_street": "백제고분로|삼학사로",
        "main_anchor": null,
        "boundary_basis": "v1 세부상권 텍스트와 실제 소비동선·역·거리 구분을 분리한 초안",
        "confidence": "D",
        "status": "text_only",
        "checked_at": "2026-08-27"
      },
      "geometry": null
    },
    {
      "type": "Feature",
      "id": "SEOUL-SONGPA-SEOKCHON-SAMJEON-SM03",
      "properties": {
        "parent_market_id": "SEOUL-SONGPA-SEOKCHON-SAMJEON",
        "submarket_id": "SEOUL-SONGPA-SEOKCHON-SAMJEON-SM03",
        "submarket_name": "백제고분로 생활축",
        "gu": "송파구",
        "administrative_dong": null,
        "main_station": "석촌|삼전",
        "main_street": "백제고분로|삼학사로",
        "main_anchor": null,
        "boundary_basis": "v1 세부상권 텍스트와 실제 소비동선·역·거리 구분을 분리한 초안",
        "confidence": "D",
        "status": "text_only",
        "checked_at": "2026-08-27"
      },
      "geometry": null
    },
    {
      "type": "Feature",
      "id": "SEOUL-SONGPA-OLYMPICPARK-SM01",
      "properties": {
        "parent_market_id": "SEOUL-SONGPA-OLYMPICPARK",
        "submarket_id": "SEOUL-SONGPA-OLYMPICPARK-SM01",
        "submarket_name": "올림픽공원",
        "gu": "송파구",
        "administrative_dong": null,
        "main_station": "올림픽공원|한성백제",
        "main_street": "위례성대로|올림픽로",
        "main_anchor": null,
        "boundary_basis": "v1 세부상권 텍스트와 실제 소비동선·역·거리 구분을 분리한 초안",
        "confidence": "D",
        "status": "text_only",
        "checked_at": "2026-08-27"
      },
      "geometry": null
    },
    {
      "type": "Feature",
      "id": "SEOUL-SONGPA-WIRYE-SONGPA-SM01",
      "properties": {
        "parent_market_id": "SEOUL-SONGPA-WIRYE-SONGPA",
        "submarket_id": "SEOUL-SONGPA-WIRYE-SONGPA-SM01",
        "submarket_name": "위례신도시 송파권",
        "gu": "송파구",
        "administrative_dong": null,
        "main_station": "장지(버스 연계)",
        "main_street": "위례광장로|위례순환로",
        "main_anchor": null,
        "boundary_basis": "v1 세부상권 텍스트와 실제 소비동선·역·거리 구분을 분리한 초안",
        "confidence": "D",
        "status": "text_only",
        "checked_at": "2026-08-27"
      },
      "geometry": null
    },
    {
      "type": "Feature",
      "id": "SEOUL-SONGPA-WIRYE-SONGPA-SM02",
      "properties": {
        "parent_market_id": "SEOUL-SONGPA-WIRYE-SONGPA",
        "submarket_id": "SEOUL-SONGPA-WIRYE-SONGPA-SM02",
        "submarket_name": "장지천",
        "gu": "송파구",
        "administrative_dong": null,
        "main_station": "장지(버스 연계)",
        "main_street": "위례광장로|위례순환로",
        "main_anchor": null,
        "boundary_basis": "v1 세부상권 텍스트와 실제 소비동선·역·거리 구분을 분리한 초안",
        "confidence": "D",
        "status": "text_only",
        "checked_at": "2026-08-27"
      },
      "geometry": null
    },
    {
      "type": "Feature",
      "id": "SEOUL-SONGPA-WIRYE-SONGPA-SM03",
      "properties": {
        "parent_market_id": "SEOUL-SONGPA-WIRYE-SONGPA",
        "submarket_id": "SEOUL-SONGPA-WIRYE-SONGPA-SM03",
        "submarket_name": "위례광장",
        "gu": "송파구",
        "administrative_dong": null,
        "main_station": "장지(버스 연계)",
        "main_street": "위례광장로|위례순환로",
        "main_anchor": null,
        "boundary_basis": "v1 세부상권 텍스트와 실제 소비동선·역·거리 구분을 분리한 초안",
        "confidence": "D",
        "status": "text_only",
        "checked_at": "2026-08-27"
      },
      "geometry": null
    },
    {
      "type": "Feature",
      "id": "SEOUL-SONGPA-GEOYEO-MACHEON-SM01",
      "properties": {
        "parent_market_id": "SEOUL-SONGPA-GEOYEO-MACHEON",
        "submarket_id": "SEOUL-SONGPA-GEOYEO-MACHEON-SM01",
        "submarket_name": "거여역권",
        "gu": "송파구",
        "administrative_dong": null,
        "main_station": "거여|마천",
        "main_street": "오금로|마천로",
        "main_anchor": null,
        "boundary_basis": "v1 세부상권 텍스트와 실제 소비동선·역·거리 구분을 분리한 초안",
        "confidence": "D",
        "status": "text_only",
        "checked_at": "2026-08-27"
      },
      "geometry": null
    },
    {
      "type": "Feature",
      "id": "SEOUL-SONGPA-GEOYEO-MACHEON-SM02",
      "properties": {
        "parent_market_id": "SEOUL-SONGPA-GEOYEO-MACHEON",
        "submarket_id": "SEOUL-SONGPA-GEOYEO-MACHEON-SM02",
        "submarket_name": "위례 북측",
        "gu": "송파구",
        "administrative_dong": null,
        "main_station": "거여|마천",
        "main_street": "오금로|마천로",
        "main_anchor": null,
        "boundary_basis": "v1 세부상권 텍스트와 실제 소비동선·역·거리 구분을 분리한 초안",
        "confidence": "D",
        "status": "text_only",
        "checked_at": "2026-08-27"
      },
      "geometry": null
    },
    {
      "type": "Feature",
      "id": "SEOUL-GANGDONG-CHEONHO-SM01",
      "properties": {
        "parent_market_id": "SEOUL-GANGDONG-CHEONHO",
        "submarket_id": "SEOUL-GANGDONG-CHEONHO-SM01",
        "submarket_name": "천호역권",
        "gu": "강동구",
        "administrative_dong": null,
        "main_station": "천호",
        "main_street": "천호대로|구천면로",
        "main_anchor": null,
        "boundary_basis": "v1 세부상권 텍스트와 실제 소비동선·역·거리 구분을 분리한 초안",
        "confidence": "D",
        "status": "text_only",
        "checked_at": "2026-08-27"
      },
      "geometry": null
    },
    {
      "type": "Feature",
      "id": "SEOUL-GANGDONG-CHEONHO-SM02",
      "properties": {
        "parent_market_id": "SEOUL-GANGDONG-CHEONHO",
        "submarket_id": "SEOUL-GANGDONG-CHEONHO-SM02",
        "submarket_name": "로데오거리",
        "gu": "강동구",
        "administrative_dong": null,
        "main_station": "천호",
        "main_street": "천호대로|구천면로",
        "main_anchor": null,
        "boundary_basis": "v1 세부상권 텍스트와 실제 소비동선·역·거리 구분을 분리한 초안",
        "confidence": "D",
        "status": "text_only",
        "checked_at": "2026-08-27"
      },
      "geometry": null
    },
    {
      "type": "Feature",
      "id": "SEOUL-GANGDONG-CHEONHO-SM03",
      "properties": {
        "parent_market_id": "SEOUL-GANGDONG-CHEONHO",
        "submarket_id": "SEOUL-GANGDONG-CHEONHO-SM03",
        "submarket_name": "한강공원 남측",
        "gu": "강동구",
        "administrative_dong": null,
        "main_station": "천호",
        "main_street": "천호대로|구천면로",
        "main_anchor": null,
        "boundary_basis": "v1 세부상권 텍스트와 실제 소비동선·역·거리 구분을 분리한 초안",
        "confidence": "D",
        "status": "text_only",
        "checked_at": "2026-08-27"
      },
      "geometry": null
    },
    {
      "type": "Feature",
      "id": "SEOUL-GANGDONG-GANGDONG-GILDONG-SM01",
      "properties": {
        "parent_market_id": "SEOUL-GANGDONG-GANGDONG-GILDONG",
        "submarket_id": "SEOUL-GANGDONG-GANGDONG-GILDONG-SM01",
        "submarket_name": "강동역권",
        "gu": "강동구",
        "administrative_dong": null,
        "main_station": "강동|길동",
        "main_street": "천호대로|양재대로",
        "main_anchor": null,
        "boundary_basis": "v1 세부상권 텍스트와 실제 소비동선·역·거리 구분을 분리한 초안",
        "confidence": "D",
        "status": "text_only",
        "checked_at": "2026-08-27"
      },
      "geometry": null
    },
    {
      "type": "Feature",
      "id": "SEOUL-GANGDONG-GANGDONG-GILDONG-SM02",
      "properties": {
        "parent_market_id": "SEOUL-GANGDONG-GANGDONG-GILDONG",
        "submarket_id": "SEOUL-GANGDONG-GANGDONG-GILDONG-SM02",
        "submarket_name": "길동사거리",
        "gu": "강동구",
        "administrative_dong": null,
        "main_station": "강동|길동",
        "main_street": "천호대로|양재대로",
        "main_anchor": null,
        "boundary_basis": "v1 세부상권 텍스트와 실제 소비동선·역·거리 구분을 분리한 초안",
        "confidence": "D",
        "status": "text_only",
        "checked_at": "2026-08-27"
      },
      "geometry": null
    },
    {
      "type": "Feature",
      "id": "SEOUL-GANGDONG-GANGDONG-GILDONG-SM03",
      "properties": {
        "parent_market_id": "SEOUL-GANGDONG-GANGDONG-GILDONG",
        "submarket_id": "SEOUL-GANGDONG-GANGDONG-GILDONG-SM03",
        "submarket_name": "길동복조리시장",
        "gu": "강동구",
        "administrative_dong": null,
        "main_station": "강동|길동",
        "main_street": "천호대로|양재대로",
        "main_anchor": null,
        "boundary_basis": "v1 세부상권 텍스트와 실제 소비동선·역·거리 구분을 분리한 초안",
        "confidence": "D",
        "status": "text_only",
        "checked_at": "2026-08-27"
      },
      "geometry": null
    },
    {
      "type": "Feature",
      "id": "SEOUL-GANGDONG-AMSA-SM01",
      "properties": {
        "parent_market_id": "SEOUL-GANGDONG-AMSA",
        "submarket_id": "SEOUL-GANGDONG-AMSA-SM01",
        "submarket_name": "암사역권",
        "gu": "강동구",
        "administrative_dong": null,
        "main_station": "암사",
        "main_street": "올림픽로|고덕로",
        "main_anchor": null,
        "boundary_basis": "v1 세부상권 텍스트와 실제 소비동선·역·거리 구분을 분리한 초안",
        "confidence": "D",
        "status": "text_only",
        "checked_at": "2026-08-27"
      },
      "geometry": null
    },
    {
      "type": "Feature",
      "id": "SEOUL-GANGDONG-AMSA-SM02",
      "properties": {
        "parent_market_id": "SEOUL-GANGDONG-AMSA",
        "submarket_id": "SEOUL-GANGDONG-AMSA-SM02",
        "submarket_name": "선사유적지",
        "gu": "강동구",
        "administrative_dong": null,
        "main_station": "암사",
        "main_street": "올림픽로|고덕로",
        "main_anchor": null,
        "boundary_basis": "v1 세부상권 텍스트와 실제 소비동선·역·거리 구분을 분리한 초안",
        "confidence": "D",
        "status": "text_only",
        "checked_at": "2026-08-27"
      },
      "geometry": null
    },
    {
      "type": "Feature",
      "id": "SEOUL-GANGDONG-AMSA-SM03",
      "properties": {
        "parent_market_id": "SEOUL-GANGDONG-AMSA",
        "submarket_id": "SEOUL-GANGDONG-AMSA-SM03",
        "submarket_name": "한강",
        "gu": "강동구",
        "administrative_dong": null,
        "main_station": "암사",
        "main_street": "올림픽로|고덕로",
        "main_anchor": null,
        "boundary_basis": "v1 세부상권 텍스트와 실제 소비동선·역·거리 구분을 분리한 초안",
        "confidence": "D",
        "status": "text_only",
        "checked_at": "2026-08-27"
      },
      "geometry": null
    },
    {
      "type": "Feature",
      "id": "SEOUL-GANGDONG-GODEOK-SANGIL-SM01",
      "properties": {
        "parent_market_id": "SEOUL-GANGDONG-GODEOK-SANGIL",
        "submarket_id": "SEOUL-GANGDONG-GODEOK-SANGIL-SM01",
        "submarket_name": "고덕역권",
        "gu": "강동구",
        "administrative_dong": null,
        "main_station": "고덕|상일동",
        "main_street": "고덕로|상일로",
        "main_anchor": null,
        "boundary_basis": "v1 세부상권 텍스트와 실제 소비동선·역·거리 구분을 분리한 초안",
        "confidence": "D",
        "status": "text_only",
        "checked_at": "2026-08-27"
      },
      "geometry": null
    },
    {
      "type": "Feature",
      "id": "SEOUL-GANGDONG-GODEOK-SANGIL-SM02",
      "properties": {
        "parent_market_id": "SEOUL-GANGDONG-GODEOK-SANGIL",
        "submarket_id": "SEOUL-GANGDONG-GODEOK-SANGIL-SM02",
        "submarket_name": "상일동역권",
        "gu": "강동구",
        "administrative_dong": null,
        "main_station": "고덕|상일동",
        "main_street": "고덕로|상일로",
        "main_anchor": null,
        "boundary_basis": "v1 세부상권 텍스트와 실제 소비동선·역·거리 구분을 분리한 초안",
        "confidence": "D",
        "status": "text_only",
        "checked_at": "2026-08-27"
      },
      "geometry": null
    },
    {
      "type": "Feature",
      "id": "SEOUL-GANGDONG-GODEOK-SANGIL-SM03",
      "properties": {
        "parent_market_id": "SEOUL-GANGDONG-GODEOK-SANGIL",
        "submarket_id": "SEOUL-GANGDONG-GODEOK-SANGIL-SM03",
        "submarket_name": "고덕비즈밸리",
        "gu": "강동구",
        "administrative_dong": null,
        "main_station": "고덕|상일동",
        "main_street": "고덕로|상일로",
        "main_anchor": null,
        "boundary_basis": "v1 세부상권 텍스트와 실제 소비동선·역·거리 구분을 분리한 초안",
        "confidence": "D",
        "status": "text_only",
        "checked_at": "2026-08-27"
      },
      "geometry": null
    },
    {
      "type": "Feature",
      "id": "SEOUL-GANGDONG-GODEOK-SANGIL-SM04",
      "properties": {
        "parent_market_id": "SEOUL-GANGDONG-GODEOK-SANGIL",
        "submarket_id": "SEOUL-GANGDONG-GODEOK-SANGIL-SM04",
        "submarket_name": "대단지 아파트",
        "gu": "강동구",
        "administrative_dong": null,
        "main_station": "고덕|상일동",
        "main_street": "고덕로|상일로",
        "main_anchor": null,
        "boundary_basis": "v1 세부상권 텍스트와 실제 소비동선·역·거리 구분을 분리한 초안",
        "confidence": "D",
        "status": "text_only",
        "checked_at": "2026-08-27"
      },
      "geometry": null
    },
    {
      "type": "Feature",
      "id": "SEOUL-GANGDONG-DUNCHON-SM01",
      "properties": {
        "parent_market_id": "SEOUL-GANGDONG-DUNCHON",
        "submarket_id": "SEOUL-GANGDONG-DUNCHON-SM01",
        "submarket_name": "둔촌동역권",
        "gu": "강동구",
        "administrative_dong": null,
        "main_station": "둔촌동|중앙보훈병원",
        "main_street": "양재대로|명일로",
        "main_anchor": null,
        "boundary_basis": "v1 세부상권 텍스트와 실제 소비동선·역·거리 구분을 분리한 초안",
        "confidence": "D",
        "status": "text_only",
        "checked_at": "2026-08-27"
      },
      "geometry": null
    },
    {
      "type": "Feature",
      "id": "SEOUL-GANGDONG-DUNCHON-SM02",
      "properties": {
        "parent_market_id": "SEOUL-GANGDONG-DUNCHON",
        "submarket_id": "SEOUL-GANGDONG-DUNCHON-SM02",
        "submarket_name": "올림픽파크포레온",
        "gu": "강동구",
        "administrative_dong": null,
        "main_station": "둔촌동|중앙보훈병원",
        "main_street": "양재대로|명일로",
        "main_anchor": null,
        "boundary_basis": "v1 세부상권 텍스트와 실제 소비동선·역·거리 구분을 분리한 초안",
        "confidence": "D",
        "status": "text_only",
        "checked_at": "2026-08-27"
      },
      "geometry": null
    },
    {
      "type": "Feature",
      "id": "SEOUL-GANGDONG-MYEONGIL-SM01",
      "properties": {
        "parent_market_id": "SEOUL-GANGDONG-MYEONGIL",
        "submarket_id": "SEOUL-GANGDONG-MYEONGIL-SM01",
        "submarket_name": "명일역권",
        "gu": "강동구",
        "administrative_dong": null,
        "main_station": "명일",
        "main_street": "고덕로|구천면로",
        "main_anchor": null,
        "boundary_basis": "v1 세부상권 텍스트와 실제 소비동선·역·거리 구분을 분리한 초안",
        "confidence": "D",
        "status": "text_only",
        "checked_at": "2026-08-27"
      },
      "geometry": null
    },
    {
      "type": "Feature",
      "id": "SEOUL-GANGDONG-MYEONGIL-SM02",
      "properties": {
        "parent_market_id": "SEOUL-GANGDONG-MYEONGIL",
        "submarket_id": "SEOUL-GANGDONG-MYEONGIL-SM02",
        "submarket_name": "명일동 학원가",
        "gu": "강동구",
        "administrative_dong": null,
        "main_station": "명일",
        "main_street": "고덕로|구천면로",
        "main_anchor": null,
        "boundary_basis": "v1 세부상권 텍스트와 실제 소비동선·역·거리 구분을 분리한 초안",
        "confidence": "D",
        "status": "text_only",
        "checked_at": "2026-08-27"
      },
      "geometry": null
    }
  ]
}