{
  "type": "FeatureCollection",
  "name": "FRAMEONE_NODES",
  "features": [
    {
      "type": "Feature",
      "id": "SEOUL-JONGNO-GWANGHWAMUN-JONGNO-SM01-N01",
      "properties": {
        "node_id": "SEOUL-JONGNO-GWANGHWAMUN-JONGNO-SM01-N01",
        "parent_submarket_id": "SEOUL-JONGNO-GWANGHWAMUN-JONGNO-SM01",
        "node_type": "anchor",
        "name": "광화문",
        "address": null,
        "latitude": null,
        "longitude": null,
        "source_id": "SRC-V1-FRAMEONE",
        "field_survey_priority": "S",
        "notes": "좌표·주소 확인 필요; v1 텍스트에서 분리",
        "status": "text_only"
      },
      "geometry": null
    },
    {
      "type": "Feature",
      "id": "SEOUL-JONGNO-GWANGHWAMUN-JONGNO-SM03-N02",
      "properties": {
        "node_id": "SEOUL-JONGNO-GWANGHWAMUN-JONGNO-SM03-N02",
        "parent_submarket_id": "SEOUL-JONGNO-GWANGHWAMUN-JONGNO-SM03",
        "node_type": "anchor",
        "name": "종각",
        "address": null,
        "latitude": null,
        "longitude": null,
        "source_id": "SRC-V1-FRAMEONE",
        "field_survey_priority": "S",
        "notes": "좌표·주소 확인 필요; v1 텍스트에서 분리",
        "status": "text_only"
      },
      "geometry": null
    },
    {
      "type": "Feature",
      "id": "SEOUL-JONGNO-GWANGHWAMUN-JONGNO-SM01-N03",
      "properties": {
        "node_id": "SEOUL-JONGNO-GWANGHWAMUN-JONGNO-SM01-N03",
        "parent_submarket_id": "SEOUL-JONGNO-GWANGHWAMUN-JONGNO-SM01",
        "node_type": "university",
        "name": "세종대로",
        "address": null,
        "latitude": null,
        "longitude": null,
        "source_id": "SRC-V1-FRAMEONE",
        "field_survey_priority": "S",
        "notes": "좌표·주소 확인 필요; v1 텍스트에서 분리",
        "status": "text_only"
      },
      "geometry": null
    },
    {
      "type": "Feature",
      "id": "SEOUL-JONGNO-GWANGHWAMUN-JONGNO-SM01-N04",
      "properties": {
        "node_id": "SEOUL-JONGNO-GWANGHWAMUN-JONGNO-SM01-N04",
        "parent_submarket_id": "SEOUL-JONGNO-GWANGHWAMUN-JONGNO-SM01",
        "node_type": "street",
        "name": "종로",
        "address": null,
        "latitude": null,
        "longitude": null,
        "source_id": "SRC-V1-FRAMEONE",
        "field_survey_priority": "S",
        "notes": "좌표·주소 확인 필요; v1 텍스트에서 분리",
        "status": "text_only"
      },
      "geometry": null
    },
    {
      "type": "Feature",
      "id": "SEOUL-JONGNO-GWANGHWAMUN-JONGNO-SM01-N05",
      "properties": {
        "node_id": "SEOUL-JONGNO-GWANGHWAMUN-JONGNO-SM01-N05",
        "parent_submarket_id": "SEOUL-JONGNO-GWANGHWAMUN-JONGNO-SM01",
        "node_type": "street",
        "name": "청계천로",
        "address": null,
        "latitude": null,
        "longitude": null,
        "source_id": "SRC-V1-FRAMEONE",
        "field_survey_priority": "S",
        "notes": "좌표·주소 확인 필요; v1 텍스트에서 분리",
        "status": "text_only"
      },
      "geometry": null
    },
    {
      "type": "Feature",
      "id": "SEOUL-JONGNO-INSADONG-IKSEON-SM01-N01",
      "properties": {
        "node_id": "SEOUL-JONGNO-INSADONG-IKSEON-SM01-N01",
        "parent_submarket_id": "SEOUL-JONGNO-INSADONG-IKSEON-SM01",
        "node_type": "anchor",
        "name": "안국",
        "address": null,
        "latitude": null,
        "longitude": null,
        "source_id": "SRC-V1-FRAMEONE",
        "field_survey_priority": "A",
        "notes": "좌표·주소 확인 필요; v1 텍스트에서 분리",
        "status": "text_only"
      },
      "geometry": null
    },
    {
      "type": "Feature",
      "id": "SEOUL-JONGNO-INSADONG-IKSEON-SM01-N02",
      "properties": {
        "node_id": "SEOUL-JONGNO-INSADONG-IKSEON-SM01-N02",
        "parent_submarket_id": "SEOUL-JONGNO-INSADONG-IKSEON-SM01",
        "node_type": "street",
        "name": "종로3가",
        "address": null,
        "latitude": null,
        "longitude": null,
        "source_id": "SRC-V1-FRAMEONE",
        "field_survey_priority": "A",
        "notes": "좌표·주소 확인 필요; v1 텍스트에서 분리",
        "status": "text_only"
      },
      "geometry": null
    },
    {
      "type": "Feature",
      "id": "SEOUL-JONGNO-INSADONG-IKSEON-SM01-N03",
      "properties": {
        "node_id": "SEOUL-JONGNO-INSADONG-IKSEON-SM01-N03",
        "parent_submarket_id": "SEOUL-JONGNO-INSADONG-IKSEON-SM01",
        "node_type": "street",
        "name": "인사동길",
        "address": null,
        "latitude": null,
        "longitude": null,
        "source_id": "SRC-V1-FRAMEONE",
        "field_survey_priority": "A",
        "notes": "좌표·주소 확인 필요; v1 텍스트에서 분리",
        "status": "text_only"
      },
      "geometry": null
    },
    {
      "type": "Feature",
      "id": "SEOUL-JONGNO-INSADONG-IKSEON-SM01-N04",
      "properties": {
        "node_id": "SEOUL-JONGNO-INSADONG-IKSEON-SM01-N04",
        "parent_submarket_id": "SEOUL-JONGNO-INSADONG-IKSEON-SM01",
        "node_type": "street",
        "name": "익선동 골목",
        "address": null,
        "latitude": null,
        "longitude": null,
        "source_id": "SRC-V1-FRAMEONE",
        "field_survey_priority": "A",
        "notes": "좌표·주소 확인 필요; v1 텍스트에서 분리",
        "status": "text_only"
      },
      "geometry": null
    },
    {
      "type": "Feature",
      "id": "SEOUL-JONGNO-SAMCHEONG-BUKCHON-SM01-N01",
      "properties": {
        "node_id": "SEOUL-JONGNO-SAMCHEONG-BUKCHON-SM01-N01",
        "parent_submarket_id": "SEOUL-JONGNO-SAMCHEONG-BUKCHON-SM01",
        "node_type": "anchor",
        "name": "안국",
        "address": null,
        "latitude": null,
        "longitude": null,
        "source_id": "SRC-V1-FRAMEONE",
        "field_survey_priority": "C",
        "notes": "좌표·주소 확인 필요; v1 텍스트에서 분리",
        "status": "text_only"
      },
      "geometry": null
    },
    {
      "type": "Feature",
      "id": "SEOUL-JONGNO-SAMCHEONG-BUKCHON-SM01-N02",
      "properties": {
        "node_id": "SEOUL-JONGNO-SAMCHEONG-BUKCHON-SM01-N02",
        "parent_submarket_id": "SEOUL-JONGNO-SAMCHEONG-BUKCHON-SM01",
        "node_type": "street",
        "name": "삼청로",
        "address": null,
        "latitude": null,
        "longitude": null,
        "source_id": "SRC-V1-FRAMEONE",
        "field_survey_priority": "C",
        "notes": "좌표·주소 확인 필요; v1 텍스트에서 분리",
        "status": "text_only"
      },
      "geometry": null
    },
    {
      "type": "Feature",
      "id": "SEOUL-JONGNO-SAMCHEONG-BUKCHON-SM01-N03",
      "properties": {
        "node_id": "SEOUL-JONGNO-SAMCHEONG-BUKCHON-SM01-N03",
        "parent_submarket_id": "SEOUL-JONGNO-SAMCHEONG-BUKCHON-SM01",
        "node_type": "street",
        "name": "북촌로",
        "address": null,
        "latitude": null,
        "longitude": null,
        "source_id": "SRC-V1-FRAMEONE",
        "field_survey_priority": "C",
        "notes": "좌표·주소 확인 필요; v1 텍스트에서 분리",
        "status": "text_only"
      },
      "geometry": null
    },
    {
      "type": "Feature",
      "id": "SEOUL-JONGNO-DAEHANGNO-SM01-N01",
      "properties": {
        "node_id": "SEOUL-JONGNO-DAEHANGNO-SM01-N01",
        "parent_submarket_id": "SEOUL-JONGNO-DAEHANGNO-SM01",
        "node_type": "anchor",
        "name": "혜화",
        "address": null,
        "latitude": null,
        "longitude": null,
        "source_id": "SRC-V1-FRAMEONE",
        "field_survey_priority": "B",
        "notes": "좌표·주소 확인 필요; v1 텍스트에서 분리",
        "status": "text_only"
      },
      "geometry": null
    },
    {
      "type": "Feature",
      "id": "SEOUL-JONGNO-DAEHANGNO-SM01-N02",
      "properties": {
        "node_id": "SEOUL-JONGNO-DAEHANGNO-SM01-N02",
        "parent_submarket_id": "SEOUL-JONGNO-DAEHANGNO-SM01",
        "node_type": "university",
        "name": "대학로",
        "address": null,
        "latitude": null,
        "longitude": null,
        "source_id": "SRC-V1-FRAMEONE",
        "field_survey_priority": "B",
        "notes": "좌표·주소 확인 필요; v1 텍스트에서 분리",
        "status": "text_only"
      },
      "geometry": null
    },
    {
      "type": "Feature",
      "id": "SEOUL-JONGNO-DAEHANGNO-SM01-N03",
      "properties": {
        "node_id": "SEOUL-JONGNO-DAEHANGNO-SM01-N03",
        "parent_submarket_id": "SEOUL-JONGNO-DAEHANGNO-SM01",
        "node_type": "street",
        "name": "동숭길",
        "address": null,
        "latitude": null,
        "longitude": null,
        "source_id": "SRC-V1-FRAMEONE",
        "field_survey_priority": "B",
        "notes": "좌표·주소 확인 필요; v1 텍스트에서 분리",
        "status": "text_only"
      },
      "geometry": null
    },
    {
      "type": "Feature",
      "id": "SEOUL-JONGNO-DAEHANGNO-SM01-N04",
      "properties": {
        "node_id": "SEOUL-JONGNO-DAEHANGNO-SM01-N04",
        "parent_submarket_id": "SEOUL-JONGNO-DAEHANGNO-SM01",
        "node_type": "station",
        "name": "혜화역",
        "address": null,
        "latitude": null,
        "longitude": null,
        "source_id": "SRC-V1-FRAMEONE",
        "field_survey_priority": "B",
        "notes": "좌표·주소 확인 필요; v1 텍스트에서 분리",
        "status": "text_only"
      },
      "geometry": null
    },
    {
      "type": "Feature",
      "id": "SEOUL-JONGNO-DAEHANGNO-SM01-N05",
      "properties": {
        "node_id": "SEOUL-JONGNO-DAEHANGNO-SM01-N05",
        "parent_submarket_id": "SEOUL-JONGNO-DAEHANGNO-SM01",
        "node_type": "park_water_access",
        "name": "마로니에공원",
        "address": null,
        "latitude": null,
        "longitude": null,
        "source_id": "SRC-V1-FRAMEONE",
        "field_survey_priority": "B",
        "notes": "좌표·주소 확인 필요; v1 텍스트에서 분리",
        "status": "text_only"
      },
      "geometry": null
    },
    {
      "type": "Feature",
      "id": "SEOUL-JONGNO-SEOCHON-GYEONGBOK-SM01-N01",
      "properties": {
        "node_id": "SEOUL-JONGNO-SEOCHON-GYEONGBOK-SM01-N01",
        "parent_submarket_id": "SEOUL-JONGNO-SEOCHON-GYEONGBOK-SM01",
        "node_type": "tourism_culture",
        "name": "경복궁",
        "address": null,
        "latitude": null,
        "longitude": null,
        "source_id": "SRC-V1-FRAMEONE",
        "field_survey_priority": "B",
        "notes": "좌표·주소 확인 필요; v1 텍스트에서 분리",
        "status": "text_only"
      },
      "geometry": null
    },
    {
      "type": "Feature",
      "id": "SEOUL-JONGNO-SEOCHON-GYEONGBOK-SM01-N02",
      "properties": {
        "node_id": "SEOUL-JONGNO-SEOCHON-GYEONGBOK-SM01-N02",
        "parent_submarket_id": "SEOUL-JONGNO-SEOCHON-GYEONGBOK-SM01",
        "node_type": "street",
        "name": "자하문로",
        "address": null,
        "latitude": null,
        "longitude": null,
        "source_id": "SRC-V1-FRAMEONE",
        "field_survey_priority": "B",
        "notes": "좌표·주소 확인 필요; v1 텍스트에서 분리",
        "status": "text_only"
      },
      "geometry": null
    },
    {
      "type": "Feature",
      "id": "SEOUL-JONGNO-SEOCHON-GYEONGBOK-SM01-N03",
      "properties": {
        "node_id": "SEOUL-JONGNO-SEOCHON-GYEONGBOK-SM01-N03",
        "parent_submarket_id": "SEOUL-JONGNO-SEOCHON-GYEONGBOK-SM01",
        "node_type": "street",
        "name": "옥인길",
        "address": null,
        "latitude": null,
        "longitude": null,
        "source_id": "SRC-V1-FRAMEONE",
        "field_survey_priority": "B",
        "notes": "좌표·주소 확인 필요; v1 텍스트에서 분리",
        "status": "text_only"
      },
      "geometry": null
    },
    {
      "type": "Feature",
      "id": "SEOUL-JONGNO-SEOCHON-GYEONGBOK-SM01-N04",
      "properties": {
        "node_id": "SEOUL-JONGNO-SEOCHON-GYEONGBOK-SM01-N04",
        "parent_submarket_id": "SEOUL-JONGNO-SEOCHON-GYEONGBOK-SM01",
        "node_type": "traditional_market",
        "name": "통인시장길",
        "address": null,
        "latitude": null,
        "longitude": null,
        "source_id": "SRC-V1-FRAMEONE",
        "field_survey_priority": "B",
        "notes": "좌표·주소 확인 필요; v1 텍스트에서 분리",
        "status": "text_only"
      },
      "geometry": null
    },
    {
      "type": "Feature",
      "id": "SEOUL-JONGNO-SEOCHON-GYEONGBOK-SM01-N05",
      "properties": {
        "node_id": "SEOUL-JONGNO-SEOCHON-GYEONGBOK-SM01-N05",
        "parent_submarket_id": "SEOUL-JONGNO-SEOCHON-GYEONGBOK-SM01",
        "node_type": "traditional_market",
        "name": "통인시장",
        "address": null,
        "latitude": null,
        "longitude": null,
        "source_id": "SRC-V1-FRAMEONE",
        "field_survey_priority": "B",
        "notes": "좌표·주소 확인 필요; v1 텍스트에서 분리",
        "status": "text_only"
      },
      "geometry": null
    },
    {
      "type": "Feature",
      "id": "SEOUL-JONGNO-DONGDAEMUN-CHANGSIN-SM01-N01",
      "properties": {
        "node_id": "SEOUL-JONGNO-DONGDAEMUN-CHANGSIN-SM01-N01",
        "parent_submarket_id": "SEOUL-JONGNO-DONGDAEMUN-CHANGSIN-SM01",
        "node_type": "anchor",
        "name": "동대문",
        "address": null,
        "latitude": null,
        "longitude": null,
        "source_id": "SRC-V1-FRAMEONE",
        "field_survey_priority": "D",
        "notes": "좌표·주소 확인 필요; v1 텍스트에서 분리",
        "status": "text_only"
      },
      "geometry": null
    },
    {
      "type": "Feature",
      "id": "SEOUL-JONGNO-DONGDAEMUN-CHANGSIN-SM01-N02",
      "properties": {
        "node_id": "SEOUL-JONGNO-DONGDAEMUN-CHANGSIN-SM01-N02",
        "parent_submarket_id": "SEOUL-JONGNO-DONGDAEMUN-CHANGSIN-SM01",
        "node_type": "anchor",
        "name": "동묘앞",
        "address": null,
        "latitude": null,
        "longitude": null,
        "source_id": "SRC-V1-FRAMEONE",
        "field_survey_priority": "D",
        "notes": "좌표·주소 확인 필요; v1 텍스트에서 분리",
        "status": "text_only"
      },
      "geometry": null
    },
    {
      "type": "Feature",
      "id": "SEOUL-JONGNO-DONGDAEMUN-CHANGSIN-SM01-N03",
      "properties": {
        "node_id": "SEOUL-JONGNO-DONGDAEMUN-CHANGSIN-SM01-N03",
        "parent_submarket_id": "SEOUL-JONGNO-DONGDAEMUN-CHANGSIN-SM01",
        "node_type": "street",
        "name": "종로",
        "address": null,
        "latitude": null,
        "longitude": null,
        "source_id": "SRC-V1-FRAMEONE",
        "field_survey_priority": "D",
        "notes": "좌표·주소 확인 필요; v1 텍스트에서 분리",
        "status": "text_only"
      },
      "geometry": null
    },
    {
      "type": "Feature",
      "id": "SEOUL-JONGNO-DONGDAEMUN-CHANGSIN-SM01-N04",
      "properties": {
        "node_id": "SEOUL-JONGNO-DONGDAEMUN-CHANGSIN-SM01-N04",
        "parent_submarket_id": "SEOUL-JONGNO-DONGDAEMUN-CHANGSIN-SM01",
        "node_type": "street",
        "name": "창신길",
        "address": null,
        "latitude": null,
        "longitude": null,
        "source_id": "SRC-V1-FRAMEONE",
        "field_survey_priority": "D",
        "notes": "좌표·주소 확인 필요; v1 텍스트에서 분리",
        "status": "text_only"
      },
      "geometry": null
    },
    {
      "type": "Feature",
      "id": "SEOUL-JONGNO-DONGDAEMUN-CHANGSIN-SM01-N05",
      "properties": {
        "node_id": "SEOUL-JONGNO-DONGDAEMUN-CHANGSIN-SM01-N05",
        "parent_submarket_id": "SEOUL-JONGNO-DONGDAEMUN-CHANGSIN-SM01",
        "node_type": "station",
        "name": "동대문역",
        "address": null,
        "latitude": null,
        "longitude": null,
        "source_id": "SRC-V1-FRAMEONE",
        "field_survey_priority": "D",
        "notes": "좌표·주소 확인 필요; v1 텍스트에서 분리",
        "status": "text_only"
      },
      "geometry": null
    },
    {
      "type": "Feature",
      "id": "SEOUL-JONGNO-BUAM-PYEONGCHANG-SM01-N01",
      "properties": {
        "node_id": "SEOUL-JONGNO-BUAM-PYEONGCHANG-SM01-N01",
        "parent_submarket_id": "SEOUL-JONGNO-BUAM-PYEONGCHANG-SM01",
        "node_type": "tourism_culture",
        "name": "경복궁(버스 연계)",
        "address": null,
        "latitude": null,
        "longitude": null,
        "source_id": "SRC-V1-FRAMEONE",
        "field_survey_priority": "C",
        "notes": "좌표·주소 확인 필요; v1 텍스트에서 분리",
        "status": "text_only"
      },
      "geometry": null
    },
    {
      "type": "Feature",
      "id": "SEOUL-JONGNO-BUAM-PYEONGCHANG-SM01-N02",
      "properties": {
        "node_id": "SEOUL-JONGNO-BUAM-PYEONGCHANG-SM01-N02",
        "parent_submarket_id": "SEOUL-JONGNO-BUAM-PYEONGCHANG-SM01",
        "node_type": "street",
        "name": "창의문로",
        "address": null,
        "latitude": null,
        "longitude": null,
        "source_id": "SRC-V1-FRAMEONE",
        "field_survey_priority": "C",
        "notes": "좌표·주소 확인 필요; v1 텍스트에서 분리",
        "status": "text_only"
      },
      "geometry": null
    },
    {
      "type": "Feature",
      "id": "SEOUL-JONGNO-BUAM-PYEONGCHANG-SM01-N03",
      "properties": {
        "node_id": "SEOUL-JONGNO-BUAM-PYEONGCHANG-SM01-N03",
        "parent_submarket_id": "SEOUL-JONGNO-BUAM-PYEONGCHANG-SM01",
        "node_type": "tourism_culture",
        "name": "평창문화로",
        "address": null,
        "latitude": null,
        "longitude": null,
        "source_id": "SRC-V1-FRAMEONE",
        "field_survey_priority": "C",
        "notes": "좌표·주소 확인 필요; v1 텍스트에서 분리",
        "status": "text_only"
      },
      "geometry": null
    },
    {
      "type": "Feature",
      "id": "SEOUL-JUNG-MYEONGDONG-SM01-N01",
      "properties": {
        "node_id": "SEOUL-JUNG-MYEONGDONG-SM01-N01",
        "parent_submarket_id": "SEOUL-JUNG-MYEONGDONG-SM01",
        "node_type": "anchor",
        "name": "명동",
        "address": null,
        "latitude": null,
        "longitude": null,
        "source_id": "SRC-V1-FRAMEONE",
        "field_survey_priority": "A",
        "notes": "좌표·주소 확인 필요; v1 텍스트에서 분리",
        "status": "text_only"
      },
      "geometry": null
    },
    {
      "type": "Feature",
      "id": "SEOUL-JUNG-MYEONGDONG-SM01-N02",
      "properties": {
        "node_id": "SEOUL-JUNG-MYEONGDONG-SM01-N02",
        "parent_submarket_id": "SEOUL-JUNG-MYEONGDONG-SM01",
        "node_type": "street",
        "name": "을지로입구",
        "address": null,
        "latitude": null,
        "longitude": null,
        "source_id": "SRC-V1-FRAMEONE",
        "field_survey_priority": "A",
        "notes": "좌표·주소 확인 필요; v1 텍스트에서 분리",
        "status": "text_only"
      },
      "geometry": null
    },
    {
      "type": "Feature",
      "id": "SEOUL-JUNG-MYEONGDONG-SM01-N03",
      "properties": {
        "node_id": "SEOUL-JUNG-MYEONGDONG-SM01-N03",
        "parent_submarket_id": "SEOUL-JUNG-MYEONGDONG-SM01",
        "node_type": "street",
        "name": "명동길",
        "address": null,
        "latitude": null,
        "longitude": null,
        "source_id": "SRC-V1-FRAMEONE",
        "field_survey_priority": "A",
        "notes": "좌표·주소 확인 필요; v1 텍스트에서 분리",
        "status": "text_only"
      },
      "geometry": null
    },
    {
      "type": "Feature",
      "id": "SEOUL-JUNG-MYEONGDONG-SM01-N04",
      "properties": {
        "node_id": "SEOUL-JUNG-MYEONGDONG-SM01-N04",
        "parent_submarket_id": "SEOUL-JUNG-MYEONGDONG-SM01",
        "node_type": "street",
        "name": "남대문로",
        "address": null,
        "latitude": null,
        "longitude": null,
        "source_id": "SRC-V1-FRAMEONE",
        "field_survey_priority": "A",
        "notes": "좌표·주소 확인 필요; v1 텍스트에서 분리",
        "status": "text_only"
      },
      "geometry": null
    },
    {
      "type": "Feature",
      "id": "SEOUL-JUNG-EULJIRO-SM01-N01",
      "properties": {
        "node_id": "SEOUL-JUNG-EULJIRO-SM01-N01",
        "parent_submarket_id": "SEOUL-JUNG-EULJIRO-SM01",
        "node_type": "street",
        "name": "을지로3가",
        "address": null,
        "latitude": null,
        "longitude": null,
        "source_id": "SRC-V1-FRAMEONE",
        "field_survey_priority": "A",
        "notes": "좌표·주소 확인 필요; v1 텍스트에서 분리",
        "status": "text_only"
      },
      "geometry": null
    },
    {
      "type": "Feature",
      "id": "SEOUL-JUNG-EULJIRO-SM01-N02",
      "properties": {
        "node_id": "SEOUL-JUNG-EULJIRO-SM01-N02",
        "parent_submarket_id": "SEOUL-JUNG-EULJIRO-SM01",
        "node_type": "street",
        "name": "을지로4가",
        "address": null,
        "latitude": null,
        "longitude": null,
        "source_id": "SRC-V1-FRAMEONE",
        "field_survey_priority": "A",
        "notes": "좌표·주소 확인 필요; v1 텍스트에서 분리",
        "status": "text_only"
      },
      "geometry": null
    },
    {
      "type": "Feature",
      "id": "SEOUL-JUNG-EULJIRO-SM01-N03",
      "properties": {
        "node_id": "SEOUL-JUNG-EULJIRO-SM01-N03",
        "parent_submarket_id": "SEOUL-JUNG-EULJIRO-SM01",
        "node_type": "street",
        "name": "을지로",
        "address": null,
        "latitude": null,
        "longitude": null,
        "source_id": "SRC-V1-FRAMEONE",
        "field_survey_priority": "A",
        "notes": "좌표·주소 확인 필요; v1 텍스트에서 분리",
        "status": "text_only"
      },
      "geometry": null
    },
    {
      "type": "Feature",
      "id": "SEOUL-JUNG-EULJIRO-SM01-N04",
      "properties": {
        "node_id": "SEOUL-JUNG-EULJIRO-SM01-N04",
        "parent_submarket_id": "SEOUL-JUNG-EULJIRO-SM01",
        "node_type": "street",
        "name": "수표로",
        "address": null,
        "latitude": null,
        "longitude": null,
        "source_id": "SRC-V1-FRAMEONE",
        "field_survey_priority": "A",
        "notes": "좌표·주소 확인 필요; v1 텍스트에서 분리",
        "status": "text_only"
      },
      "geometry": null
    },
    {
      "type": "Feature",
      "id": "SEOUL-JUNG-EULJIRO-SM02-N05",
      "properties": {
        "node_id": "SEOUL-JUNG-EULJIRO-SM02-N05",
        "parent_submarket_id": "SEOUL-JUNG-EULJIRO-SM02",
        "node_type": "street",
        "name": "세운상가축",
        "address": null,
        "latitude": null,
        "longitude": null,
        "source_id": "SRC-V1-FRAMEONE",
        "field_survey_priority": "A",
        "notes": "좌표·주소 확인 필요; v1 텍스트에서 분리",
        "status": "text_only"
      },
      "geometry": null
    },
    {
      "type": "Feature",
      "id": "SEOUL-JUNG-NAMDAEMUN-SM01-N01",
      "properties": {
        "node_id": "SEOUL-JUNG-NAMDAEMUN-SM01-N01",
        "parent_submarket_id": "SEOUL-JUNG-NAMDAEMUN-SM01",
        "node_type": "anchor",
        "name": "회현",
        "address": null,
        "latitude": null,
        "longitude": null,
        "source_id": "SRC-V1-FRAMEONE",
        "field_survey_priority": "B",
        "notes": "좌표·주소 확인 필요; v1 텍스트에서 분리",
        "status": "text_only"
      },
      "geometry": null
    },
    {
      "type": "Feature",
      "id": "SEOUL-JUNG-NAMDAEMUN-SM01-N02",
      "properties": {
        "node_id": "SEOUL-JUNG-NAMDAEMUN-SM01-N02",
        "parent_submarket_id": "SEOUL-JUNG-NAMDAEMUN-SM01",
        "node_type": "traditional_market",
        "name": "남대문시장길",
        "address": null,
        "latitude": null,
        "longitude": null,
        "source_id": "SRC-V1-FRAMEONE",
        "field_survey_priority": "B",
        "notes": "좌표·주소 확인 필요; v1 텍스트에서 분리",
        "status": "text_only"
      },
      "geometry": null
    },
    {
      "type": "Feature",
      "id": "SEOUL-JUNG-NAMDAEMUN-SM01-N03",
      "properties": {
        "node_id": "SEOUL-JUNG-NAMDAEMUN-SM01-N03",
        "parent_submarket_id": "SEOUL-JUNG-NAMDAEMUN-SM01",
        "node_type": "street",
        "name": "퇴계로",
        "address": null,
        "latitude": null,
        "longitude": null,
        "source_id": "SRC-V1-FRAMEONE",
        "field_survey_priority": "B",
        "notes": "좌표·주소 확인 필요; v1 텍스트에서 분리",
        "status": "text_only"
      },
      "geometry": null
    },
    {
      "type": "Feature",
      "id": "SEOUL-JUNG-NAMDAEMUN-SM01-N04",
      "properties": {
        "node_id": "SEOUL-JUNG-NAMDAEMUN-SM01-N04",
        "parent_submarket_id": "SEOUL-JUNG-NAMDAEMUN-SM01",
        "node_type": "traditional_market",
        "name": "남대문시장",
        "address": null,
        "latitude": null,
        "longitude": null,
        "source_id": "SRC-V1-FRAMEONE",
        "field_survey_priority": "B",
        "notes": "좌표·주소 확인 필요; v1 텍스트에서 분리",
        "status": "text_only"
      },
      "geometry": null
    },
    {
      "type": "Feature",
      "id": "SEOUL-JUNG-NAMDAEMUN-SM01-N05",
      "properties": {
        "node_id": "SEOUL-JUNG-NAMDAEMUN-SM01-N05",
        "parent_submarket_id": "SEOUL-JUNG-NAMDAEMUN-SM01",
        "node_type": "station",
        "name": "회현역",
        "address": null,
        "latitude": null,
        "longitude": null,
        "source_id": "SRC-V1-FRAMEONE",
        "field_survey_priority": "B",
        "notes": "좌표·주소 확인 필요; v1 텍스트에서 분리",
        "status": "text_only"
      },
      "geometry": null
    },
    {
      "type": "Feature",
      "id": "SEOUL-JUNG-DONGDAEMUN-FASHION-SM01-N01",
      "properties": {
        "node_id": "SEOUL-JUNG-DONGDAEMUN-FASHION-SM01-N01",
        "parent_submarket_id": "SEOUL-JUNG-DONGDAEMUN-FASHION-SM01",
        "node_type": "station",
        "name": "동대문역사문화공원",
        "address": null,
        "latitude": null,
        "longitude": null,
        "source_id": "SRC-V1-FRAMEONE",
        "field_survey_priority": "B",
        "notes": "좌표·주소 확인 필요; v1 텍스트에서 분리",
        "status": "text_only"
      },
      "geometry": null
    },
    {
      "type": "Feature",
      "id": "SEOUL-JUNG-DONGDAEMUN-FASHION-SM01-N02",
      "properties": {
        "node_id": "SEOUL-JUNG-DONGDAEMUN-FASHION-SM01-N02",
        "parent_submarket_id": "SEOUL-JUNG-DONGDAEMUN-FASHION-SM01",
        "node_type": "anchor",
        "name": "동대문",
        "address": null,
        "latitude": null,
        "longitude": null,
        "source_id": "SRC-V1-FRAMEONE",
        "field_survey_priority": "B",
        "notes": "좌표·주소 확인 필요; v1 텍스트에서 분리",
        "status": "text_only"
      },
      "geometry": null
    },
    {
      "type": "Feature",
      "id": "SEOUL-JUNG-DONGDAEMUN-FASHION-SM01-N03",
      "properties": {
        "node_id": "SEOUL-JUNG-DONGDAEMUN-FASHION-SM01-N03",
        "parent_submarket_id": "SEOUL-JUNG-DONGDAEMUN-FASHION-SM01",
        "node_type": "street",
        "name": "을지로",
        "address": null,
        "latitude": null,
        "longitude": null,
        "source_id": "SRC-V1-FRAMEONE",
        "field_survey_priority": "B",
        "notes": "좌표·주소 확인 필요; v1 텍스트에서 분리",
        "status": "text_only"
      },
      "geometry": null
    },
    {
      "type": "Feature",
      "id": "SEOUL-JUNG-DONGDAEMUN-FASHION-SM01-N04",
      "properties": {
        "node_id": "SEOUL-JUNG-DONGDAEMUN-FASHION-SM01-N04",
        "parent_submarket_id": "SEOUL-JUNG-DONGDAEMUN-FASHION-SM01",
        "node_type": "street",
        "name": "장충단로",
        "address": null,
        "latitude": null,
        "longitude": null,
        "source_id": "SRC-V1-FRAMEONE",
        "field_survey_priority": "B",
        "notes": "좌표·주소 확인 필요; v1 텍스트에서 분리",
        "status": "text_only"
      },
      "geometry": null
    },
    {
      "type": "Feature",
      "id": "SEOUL-JUNG-DONGDAEMUN-FASHION-SM01-N05",
      "properties": {
        "node_id": "SEOUL-JUNG-DONGDAEMUN-FASHION-SM01-N05",
        "parent_submarket_id": "SEOUL-JUNG-DONGDAEMUN-FASHION-SM01",
        "node_type": "tourism_culture",
        "name": "DDP",
        "address": null,
        "latitude": null,
        "longitude": null,
        "source_id": "SRC-V1-FRAMEONE",
        "field_survey_priority": "B",
        "notes": "좌표·주소 확인 필요; v1 텍스트에서 분리",
        "status": "text_only"
      },
      "geometry": null
    },
    {
      "type": "Feature",
      "id": "SEOUL-JUNG-DONGDAEMUN-FASHION-SM01-N06",
      "properties": {
        "node_id": "SEOUL-JUNG-DONGDAEMUN-FASHION-SM01-N06",
        "parent_submarket_id": "SEOUL-JUNG-DONGDAEMUN-FASHION-SM01",
        "node_type": "anchor",
        "name": "두타",
        "address": null,
        "latitude": null,
        "longitude": null,
        "source_id": "SRC-V1-FRAMEONE",
        "field_survey_priority": "B",
        "notes": "좌표·주소 확인 필요; v1 텍스트에서 분리",
        "status": "text_only"
      },
      "geometry": null
    },
    {
      "type": "Feature",
      "id": "SEOUL-JUNG-DONGDAEMUN-FASHION-SM01-N07",
      "properties": {
        "node_id": "SEOUL-JUNG-DONGDAEMUN-FASHION-SM01-N07",
        "parent_submarket_id": "SEOUL-JUNG-DONGDAEMUN-FASHION-SM01",
        "node_type": "traditional_market",
        "name": "평화시장",
        "address": null,
        "latitude": null,
        "longitude": null,
        "source_id": "SRC-V1-FRAMEONE",
        "field_survey_priority": "B",
        "notes": "좌표·주소 확인 필요; v1 텍스트에서 분리",
        "status": "text_only"
      },
      "geometry": null
    },
    {
      "type": "Feature",
      "id": "SEOUL-JUNG-SEOULSTN-SM01-N01",
      "properties": {
        "node_id": "SEOUL-JUNG-SEOULSTN-SM01-N01",
        "parent_submarket_id": "SEOUL-JUNG-SEOULSTN-SM01",
        "node_type": "station",
        "name": "서울역",
        "address": null,
        "latitude": null,
        "longitude": null,
        "source_id": "SRC-V1-FRAMEONE",
        "field_survey_priority": "C",
        "notes": "좌표·주소 확인 필요; v1 텍스트에서 분리",
        "status": "text_only"
      },
      "geometry": null
    },
    {
      "type": "Feature",
      "id": "SEOUL-JUNG-SEOULSTN-SM01-N02",
      "properties": {
        "node_id": "SEOUL-JUNG-SEOULSTN-SM01-N02",
        "parent_submarket_id": "SEOUL-JUNG-SEOULSTN-SM01",
        "node_type": "university",
        "name": "세종대로",
        "address": null,
        "latitude": null,
        "longitude": null,
        "source_id": "SRC-V1-FRAMEONE",
        "field_survey_priority": "C",
        "notes": "좌표·주소 확인 필요; v1 텍스트에서 분리",
        "status": "text_only"
      },
      "geometry": null
    },
    {
      "type": "Feature",
      "id": "SEOUL-JUNG-SEOULSTN-SM01-N03",
      "properties": {
        "node_id": "SEOUL-JUNG-SEOULSTN-SM01-N03",
        "parent_submarket_id": "SEOUL-JUNG-SEOULSTN-SM01",
        "node_type": "street",
        "name": "통일로",
        "address": null,
        "latitude": null,
        "longitude": null,
        "source_id": "SRC-V1-FRAMEONE",
        "field_survey_priority": "C",
        "notes": "좌표·주소 확인 필요; v1 텍스트에서 분리",
        "status": "text_only"
      },
      "geometry": null
    },
    {
      "type": "Feature",
      "id": "SEOUL-JUNG-SEOULSTN-SM01-N04",
      "properties": {
        "node_id": "SEOUL-JUNG-SEOULSTN-SM01-N04",
        "parent_submarket_id": "SEOUL-JUNG-SEOULSTN-SM01",
        "node_type": "street",
        "name": "퇴계로",
        "address": null,
        "latitude": null,
        "longitude": null,
        "source_id": "SRC-V1-FRAMEONE",
        "field_survey_priority": "C",
        "notes": "좌표·주소 확인 필요; v1 텍스트에서 분리",
        "status": "text_only"
      },
      "geometry": null
    },
    {
      "type": "Feature",
      "id": "SEOUL-JUNG-CITYHALL-BUKCHANG-SM01-N01",
      "properties": {
        "node_id": "SEOUL-JUNG-CITYHALL-BUKCHANG-SM01-N01",
        "parent_submarket_id": "SEOUL-JUNG-CITYHALL-BUKCHANG-SM01",
        "node_type": "anchor",
        "name": "시청",
        "address": null,
        "latitude": null,
        "longitude": null,
        "source_id": "SRC-V1-FRAMEONE",
        "field_survey_priority": "B",
        "notes": "좌표·주소 확인 필요; v1 텍스트에서 분리",
        "status": "text_only"
      },
      "geometry": null
    },
    {
      "type": "Feature",
      "id": "SEOUL-JUNG-CITYHALL-BUKCHANG-SM01-N02",
      "properties": {
        "node_id": "SEOUL-JUNG-CITYHALL-BUKCHANG-SM01-N02",
        "parent_submarket_id": "SEOUL-JUNG-CITYHALL-BUKCHANG-SM01",
        "node_type": "university",
        "name": "세종대로",
        "address": null,
        "latitude": null,
        "longitude": null,
        "source_id": "SRC-V1-FRAMEONE",
        "field_survey_priority": "B",
        "notes": "좌표·주소 확인 필요; v1 텍스트에서 분리",
        "status": "text_only"
      },
      "geometry": null
    },
    {
      "type": "Feature",
      "id": "SEOUL-JUNG-CITYHALL-BUKCHANG-SM01-N03",
      "properties": {
        "node_id": "SEOUL-JUNG-CITYHALL-BUKCHANG-SM01-N03",
        "parent_submarket_id": "SEOUL-JUNG-CITYHALL-BUKCHANG-SM01",
        "node_type": "street",
        "name": "무교로",
        "address": null,
        "latitude": null,
        "longitude": null,
        "source_id": "SRC-V1-FRAMEONE",
        "field_survey_priority": "B",
        "notes": "좌표·주소 확인 필요; v1 텍스트에서 분리",
        "status": "text_only"
      },
      "geometry": null
    },
    {
      "type": "Feature",
      "id": "SEOUL-JUNG-CITYHALL-BUKCHANG-SM03-N04",
      "properties": {
        "node_id": "SEOUL-JUNG-CITYHALL-BUKCHANG-SM03-N04",
        "parent_submarket_id": "SEOUL-JUNG-CITYHALL-BUKCHANG-SM03",
        "node_type": "street",
        "name": "북창동길",
        "address": null,
        "latitude": null,
        "longitude": null,
        "source_id": "SRC-V1-FRAMEONE",
        "field_survey_priority": "B",
        "notes": "좌표·주소 확인 필요; v1 텍스트에서 분리",
        "status": "text_only"
      },
      "geometry": null
    },
    {
      "type": "Feature",
      "id": "SEOUL-JUNG-SINDANG-YAKSU-SM01-N01",
      "properties": {
        "node_id": "SEOUL-JUNG-SINDANG-YAKSU-SM01-N01",
        "parent_submarket_id": "SEOUL-JUNG-SINDANG-YAKSU-SM01",
        "node_type": "anchor",
        "name": "신당",
        "address": null,
        "latitude": null,
        "longitude": null,
        "source_id": "SRC-V1-FRAMEONE",
        "field_survey_priority": "S",
        "notes": "좌표·주소 확인 필요; v1 텍스트에서 분리",
        "status": "text_only"
      },
      "geometry": null
    },
    {
      "type": "Feature",
      "id": "SEOUL-JUNG-SINDANG-YAKSU-SM02-N02",
      "properties": {
        "node_id": "SEOUL-JUNG-SINDANG-YAKSU-SM02-N02",
        "parent_submarket_id": "SEOUL-JUNG-SINDANG-YAKSU-SM02",
        "node_type": "anchor",
        "name": "약수",
        "address": null,
        "latitude": null,
        "longitude": null,
        "source_id": "SRC-V1-FRAMEONE",
        "field_survey_priority": "S",
        "notes": "좌표·주소 확인 필요; v1 텍스트에서 분리",
        "status": "text_only"
      },
      "geometry": null
    },
    {
      "type": "Feature",
      "id": "SEOUL-JUNG-SINDANG-YAKSU-SM01-N03",
      "properties": {
        "node_id": "SEOUL-JUNG-SINDANG-YAKSU-SM01-N03",
        "parent_submarket_id": "SEOUL-JUNG-SINDANG-YAKSU-SM01",
        "node_type": "street",
        "name": "다산로",
        "address": null,
        "latitude": null,
        "longitude": null,
        "source_id": "SRC-V1-FRAMEONE",
        "field_survey_priority": "S",
        "notes": "좌표·주소 확인 필요; v1 텍스트에서 분리",
        "status": "text_only"
      },
      "geometry": null
    },
    {
      "type": "Feature",
      "id": "SEOUL-JUNG-SINDANG-YAKSU-SM01-N04",
      "properties": {
        "node_id": "SEOUL-JUNG-SINDANG-YAKSU-SM01-N04",
        "parent_submarket_id": "SEOUL-JUNG-SINDANG-YAKSU-SM01",
        "node_type": "street",
        "name": "퇴계로",
        "address": null,
        "latitude": null,
        "longitude": null,
        "source_id": "SRC-V1-FRAMEONE",
        "field_survey_priority": "S",
        "notes": "좌표·주소 확인 필요; v1 텍스트에서 분리",
        "status": "text_only"
      },
      "geometry": null
    },
    {
      "type": "Feature",
      "id": "SEOUL-JUNG-SINDANG-YAKSU-SM01-N05",
      "properties": {
        "node_id": "SEOUL-JUNG-SINDANG-YAKSU-SM01-N05",
        "parent_submarket_id": "SEOUL-JUNG-SINDANG-YAKSU-SM01",
        "node_type": "traditional_market",
        "name": "중앙시장",
        "address": null,
        "latitude": null,
        "longitude": null,
        "source_id": "SRC-V1-FRAMEONE",
        "field_survey_priority": "S",
        "notes": "좌표·주소 확인 필요; v1 텍스트에서 분리",
        "status": "text_only"
      },
      "geometry": null
    },
    {
      "type": "Feature",
      "id": "SEOUL-JUNG-SINDANG-YAKSU-SM02-N06",
      "properties": {
        "node_id": "SEOUL-JUNG-SINDANG-YAKSU-SM02-N06",
        "parent_submarket_id": "SEOUL-JUNG-SINDANG-YAKSU-SM02",
        "node_type": "station",
        "name": "약수역",
        "address": null,
        "latitude": null,
        "longitude": null,
        "source_id": "SRC-V1-FRAMEONE",
        "field_survey_priority": "S",
        "notes": "좌표·주소 확인 필요; v1 텍스트에서 분리",
        "status": "text_only"
      },
      "geometry": null
    },
    {
      "type": "Feature",
      "id": "SEOUL-YONGSAN-ITAEWON-SM01-N01",
      "properties": {
        "node_id": "SEOUL-YONGSAN-ITAEWON-SM01-N01",
        "parent_submarket_id": "SEOUL-YONGSAN-ITAEWON-SM01",
        "node_type": "anchor",
        "name": "이태원",
        "address": null,
        "latitude": null,
        "longitude": null,
        "source_id": "SRC-V1-FRAMEONE",
        "field_survey_priority": "A",
        "notes": "좌표·주소 확인 필요; v1 텍스트에서 분리",
        "status": "text_only"
      },
      "geometry": null
    },
    {
      "type": "Feature",
      "id": "SEOUL-YONGSAN-ITAEWON-SM01-N02",
      "properties": {
        "node_id": "SEOUL-YONGSAN-ITAEWON-SM01-N02",
        "parent_submarket_id": "SEOUL-YONGSAN-ITAEWON-SM01",
        "node_type": "street",
        "name": "이태원로",
        "address": null,
        "latitude": null,
        "longitude": null,
        "source_id": "SRC-V1-FRAMEONE",
        "field_survey_priority": "A",
        "notes": "좌표·주소 확인 필요; v1 텍스트에서 분리",
        "status": "text_only"
      },
      "geometry": null
    },
    {
      "type": "Feature",
      "id": "SEOUL-YONGSAN-ITAEWON-SM01-N03",
      "properties": {
        "node_id": "SEOUL-YONGSAN-ITAEWON-SM01-N03",
        "parent_submarket_id": "SEOUL-YONGSAN-ITAEWON-SM01",
        "node_type": "street",
        "name": "보광로",
        "address": null,
        "latitude": null,
        "longitude": null,
        "source_id": "SRC-V1-FRAMEONE",
        "field_survey_priority": "A",
        "notes": "좌표·주소 확인 필요; v1 텍스트에서 분리",
        "status": "text_only"
      },
      "geometry": null
    },
    {
      "type": "Feature",
      "id": "SEOUL-YONGSAN-ITAEWON-SM01-N04",
      "properties": {
        "node_id": "SEOUL-YONGSAN-ITAEWON-SM01-N04",
        "parent_submarket_id": "SEOUL-YONGSAN-ITAEWON-SM01",
        "node_type": "station",
        "name": "이태원역",
        "address": null,
        "latitude": null,
        "longitude": null,
        "source_id": "SRC-V1-FRAMEONE",
        "field_survey_priority": "A",
        "notes": "좌표·주소 확인 필요; v1 텍스트에서 분리",
        "status": "text_only"
      },
      "geometry": null
    },
    {
      "type": "Feature",
      "id": "SEOUL-YONGSAN-HANNAM-SM01-N01",
      "properties": {
        "node_id": "SEOUL-YONGSAN-HANNAM-SM01-N01",
        "parent_submarket_id": "SEOUL-YONGSAN-HANNAM-SM01",
        "node_type": "park_water_access",
        "name": "한강진",
        "address": null,
        "latitude": null,
        "longitude": null,
        "source_id": "SRC-V1-FRAMEONE",
        "field_survey_priority": "A",
        "notes": "좌표·주소 확인 필요; v1 텍스트에서 분리",
        "status": "text_only"
      },
      "geometry": null
    },
    {
      "type": "Feature",
      "id": "SEOUL-YONGSAN-HANNAM-SM01-N02",
      "properties": {
        "node_id": "SEOUL-YONGSAN-HANNAM-SM01-N02",
        "parent_submarket_id": "SEOUL-YONGSAN-HANNAM-SM01",
        "node_type": "street",
        "name": "이태원로",
        "address": null,
        "latitude": null,
        "longitude": null,
        "source_id": "SRC-V1-FRAMEONE",
        "field_survey_priority": "A",
        "notes": "좌표·주소 확인 필요; v1 텍스트에서 분리",
        "status": "text_only"
      },
      "geometry": null
    },
    {
      "type": "Feature",
      "id": "SEOUL-YONGSAN-HANNAM-SM01-N03",
      "properties": {
        "node_id": "SEOUL-YONGSAN-HANNAM-SM01-N03",
        "parent_submarket_id": "SEOUL-YONGSAN-HANNAM-SM01",
        "node_type": "street",
        "name": "독서당로",
        "address": null,
        "latitude": null,
        "longitude": null,
        "source_id": "SRC-V1-FRAMEONE",
        "field_survey_priority": "A",
        "notes": "좌표·주소 확인 필요; v1 텍스트에서 분리",
        "status": "text_only"
      },
      "geometry": null
    },
    {
      "type": "Feature",
      "id": "SEOUL-YONGSAN-HAEBANGCHON-GYEONGNIDAN-SM01-N01",
      "properties": {
        "node_id": "SEOUL-YONGSAN-HAEBANGCHON-GYEONGNIDAN-SM01-N01",
        "parent_submarket_id": "SEOUL-YONGSAN-HAEBANGCHON-GYEONGNIDAN-SM01",
        "node_type": "anchor",
        "name": "녹사평",
        "address": null,
        "latitude": null,
        "longitude": null,
        "source_id": "SRC-V1-FRAMEONE",
        "field_survey_priority": "B",
        "notes": "좌표·주소 확인 필요; v1 텍스트에서 분리",
        "status": "text_only"
      },
      "geometry": null
    },
    {
      "type": "Feature",
      "id": "SEOUL-YONGSAN-HAEBANGCHON-GYEONGNIDAN-SM01-N02",
      "properties": {
        "node_id": "SEOUL-YONGSAN-HAEBANGCHON-GYEONGNIDAN-SM01-N02",
        "parent_submarket_id": "SEOUL-YONGSAN-HAEBANGCHON-GYEONGNIDAN-SM01",
        "node_type": "street",
        "name": "소월로",
        "address": null,
        "latitude": null,
        "longitude": null,
        "source_id": "SRC-V1-FRAMEONE",
        "field_survey_priority": "B",
        "notes": "좌표·주소 확인 필요; v1 텍스트에서 분리",
        "status": "text_only"
      },
      "geometry": null
    },
    {
      "type": "Feature",
      "id": "SEOUL-YONGSAN-HAEBANGCHON-GYEONGNIDAN-SM01-N03",
      "properties": {
        "node_id": "SEOUL-YONGSAN-HAEBANGCHON-GYEONGNIDAN-SM01-N03",
        "parent_submarket_id": "SEOUL-YONGSAN-HAEBANGCHON-GYEONGNIDAN-SM01",
        "node_type": "street",
        "name": "신흥로",
        "address": null,
        "latitude": null,
        "longitude": null,
        "source_id": "SRC-V1-FRAMEONE",
        "field_survey_priority": "B",
        "notes": "좌표·주소 확인 필요; v1 텍스트에서 분리",
        "status": "text_only"
      },
      "geometry": null
    },
    {
      "type": "Feature",
      "id": "SEOUL-YONGSAN-HAEBANGCHON-GYEONGNIDAN-SM01-N04",
      "properties": {
        "node_id": "SEOUL-YONGSAN-HAEBANGCHON-GYEONGNIDAN-SM01-N04",
        "parent_submarket_id": "SEOUL-YONGSAN-HAEBANGCHON-GYEONGNIDAN-SM01",
        "node_type": "street",
        "name": "회나무로",
        "address": null,
        "latitude": null,
        "longitude": null,
        "source_id": "SRC-V1-FRAMEONE",
        "field_survey_priority": "B",
        "notes": "좌표·주소 확인 필요; v1 텍스트에서 분리",
        "status": "text_only"
      },
      "geometry": null
    },
    {
      "type": "Feature",
      "id": "SEOUL-YONGSAN-HAEBANGCHON-GYEONGNIDAN-SM01-N05",
      "properties": {
        "node_id": "SEOUL-YONGSAN-HAEBANGCHON-GYEONGNIDAN-SM01-N05",
        "parent_submarket_id": "SEOUL-YONGSAN-HAEBANGCHON-GYEONGNIDAN-SM01",
        "node_type": "traditional_market",
        "name": "신흥시장",
        "address": null,
        "latitude": null,
        "longitude": null,
        "source_id": "SRC-V1-FRAMEONE",
        "field_survey_priority": "B",
        "notes": "좌표·주소 확인 필요; v1 텍스트에서 분리",
        "status": "text_only"
      },
      "geometry": null
    },
    {
      "type": "Feature",
      "id": "SEOUL-YONGSAN-YONGLIDAN-SINYONGSAN-SM01-N01",
      "properties": {
        "node_id": "SEOUL-YONGSAN-YONGLIDAN-SINYONGSAN-SM01-N01",
        "parent_submarket_id": "SEOUL-YONGSAN-YONGLIDAN-SINYONGSAN-SM01",
        "node_type": "anchor",
        "name": "신용산",
        "address": null,
        "latitude": null,
        "longitude": null,
        "source_id": "SRC-V1-FRAMEONE",
        "field_survey_priority": "A",
        "notes": "좌표·주소 확인 필요; v1 텍스트에서 분리",
        "status": "text_only"
      },
      "geometry": null
    },
    {
      "type": "Feature",
      "id": "SEOUL-YONGSAN-YONGLIDAN-SINYONGSAN-SM03-N02",
      "properties": {
        "node_id": "SEOUL-YONGSAN-YONGLIDAN-SINYONGSAN-SM03-N02",
        "parent_submarket_id": "SEOUL-YONGSAN-YONGLIDAN-SINYONGSAN-SM03",
        "node_type": "anchor",
        "name": "삼각지",
        "address": null,
        "latitude": null,
        "longitude": null,
        "source_id": "SRC-V1-FRAMEONE",
        "field_survey_priority": "A",
        "notes": "좌표·주소 확인 필요; v1 텍스트에서 분리",
        "status": "text_only"
      },
      "geometry": null
    },
    {
      "type": "Feature",
      "id": "SEOUL-YONGSAN-YONGLIDAN-SINYONGSAN-SM01-N03",
      "properties": {
        "node_id": "SEOUL-YONGSAN-YONGLIDAN-SINYONGSAN-SM01-N03",
        "parent_submarket_id": "SEOUL-YONGSAN-YONGLIDAN-SINYONGSAN-SM01",
        "node_type": "park_water_access",
        "name": "한강대로",
        "address": null,
        "latitude": null,
        "longitude": null,
        "source_id": "SRC-V1-FRAMEONE",
        "field_survey_priority": "A",
        "notes": "좌표·주소 확인 필요; v1 텍스트에서 분리",
        "status": "text_only"
      },
      "geometry": null
    },
    {
      "type": "Feature",
      "id": "SEOUL-YONGSAN-YONGLIDAN-SINYONGSAN-SM01-N04",
      "properties": {
        "node_id": "SEOUL-YONGSAN-YONGLIDAN-SINYONGSAN-SM01-N04",
        "parent_submarket_id": "SEOUL-YONGSAN-YONGLIDAN-SINYONGSAN-SM01",
        "node_type": "park_water_access",
        "name": "한강로",
        "address": null,
        "latitude": null,
        "longitude": null,
        "source_id": "SRC-V1-FRAMEONE",
        "field_survey_priority": "A",
        "notes": "좌표·주소 확인 필요; v1 텍스트에서 분리",
        "status": "text_only"
      },
      "geometry": null
    },
    {
      "type": "Feature",
      "id": "SEOUL-YONGSAN-YONGLIDAN-SINYONGSAN-SM03-N05",
      "properties": {
        "node_id": "SEOUL-YONGSAN-YONGLIDAN-SINYONGSAN-SM03-N05",
        "parent_submarket_id": "SEOUL-YONGSAN-YONGLIDAN-SINYONGSAN-SM03",
        "node_type": "station",
        "name": "삼각지역",
        "address": null,
        "latitude": null,
        "longitude": null,
        "source_id": "SRC-V1-FRAMEONE",
        "field_survey_priority": "A",
        "notes": "좌표·주소 확인 필요; v1 텍스트에서 분리",
        "status": "text_only"
      },
      "geometry": null
    },
    {
      "type": "Feature",
      "id": "SEOUL-YONGSAN-YONGSANSTN-SM01-N01",
      "properties": {
        "node_id": "SEOUL-YONGSAN-YONGSANSTN-SM01-N01",
        "parent_submarket_id": "SEOUL-YONGSAN-YONGSANSTN-SM01",
        "node_type": "anchor",
        "name": "용산",
        "address": null,
        "latitude": null,
        "longitude": null,
        "source_id": "SRC-V1-FRAMEONE",
        "field_survey_priority": "B",
        "notes": "좌표·주소 확인 필요; v1 텍스트에서 분리",
        "status": "text_only"
      },
      "geometry": null
    },
    {
      "type": "Feature",
      "id": "SEOUL-YONGSAN-YONGSANSTN-SM01-N02",
      "properties": {
        "node_id": "SEOUL-YONGSAN-YONGSANSTN-SM01-N02",
        "parent_submarket_id": "SEOUL-YONGSAN-YONGSANSTN-SM01",
        "node_type": "park_water_access",
        "name": "한강대로",
        "address": null,
        "latitude": null,
        "longitude": null,
        "source_id": "SRC-V1-FRAMEONE",
        "field_survey_priority": "B",
        "notes": "좌표·주소 확인 필요; v1 텍스트에서 분리",
        "status": "text_only"
      },
      "geometry": null
    },
    {
      "type": "Feature",
      "id": "SEOUL-YONGSAN-YONGSANSTN-SM01-N03",
      "properties": {
        "node_id": "SEOUL-YONGSAN-YONGSANSTN-SM01-N03",
        "parent_submarket_id": "SEOUL-YONGSAN-YONGSANSTN-SM01",
        "node_type": "street",
        "name": "청파로",
        "address": null,
        "latitude": null,
        "longitude": null,
        "source_id": "SRC-V1-FRAMEONE",
        "field_survey_priority": "B",
        "notes": "좌표·주소 확인 필요; v1 텍스트에서 분리",
        "status": "text_only"
      },
      "geometry": null
    },
    {
      "type": "Feature",
      "id": "SEOUL-YONGSAN-YONGSANSTN-SM01-N04",
      "properties": {
        "node_id": "SEOUL-YONGSAN-YONGSANSTN-SM01-N04",
        "parent_submarket_id": "SEOUL-YONGSAN-YONGSANSTN-SM01",
        "node_type": "station",
        "name": "용산역",
        "address": null,
        "latitude": null,
        "longitude": null,
        "source_id": "SRC-V1-FRAMEONE",
        "field_survey_priority": "B",
        "notes": "좌표·주소 확인 필요; v1 텍스트에서 분리",
        "status": "text_only"
      },
      "geometry": null
    },
    {
      "type": "Feature",
      "id": "SEOUL-YONGSAN-YONGSANSTN-SM01-N05",
      "properties": {
        "node_id": "SEOUL-YONGSAN-YONGSANSTN-SM01-N05",
        "parent_submarket_id": "SEOUL-YONGSAN-YONGSANSTN-SM01",
        "node_type": "shopping",
        "name": "아이파크몰",
        "address": null,
        "latitude": null,
        "longitude": null,
        "source_id": "SRC-V1-FRAMEONE",
        "field_survey_priority": "B",
        "notes": "좌표·주소 확인 필요; v1 텍스트에서 분리",
        "status": "text_only"
      },
      "geometry": null
    },
    {
      "type": "Feature",
      "id": "SEOUL-YONGSAN-NAMYEONG-SOOKMYUNG-SM01-N01",
      "properties": {
        "node_id": "SEOUL-YONGSAN-NAMYEONG-SOOKMYUNG-SM01-N01",
        "parent_submarket_id": "SEOUL-YONGSAN-NAMYEONG-SOOKMYUNG-SM01",
        "node_type": "anchor",
        "name": "남영",
        "address": null,
        "latitude": null,
        "longitude": null,
        "source_id": "SRC-V1-FRAMEONE",
        "field_survey_priority": "S",
        "notes": "좌표·주소 확인 필요; v1 텍스트에서 분리",
        "status": "text_only"
      },
      "geometry": null
    },
    {
      "type": "Feature",
      "id": "SEOUL-YONGSAN-NAMYEONG-SOOKMYUNG-SM02-N02",
      "properties": {
        "node_id": "SEOUL-YONGSAN-NAMYEONG-SOOKMYUNG-SM02-N02",
        "parent_submarket_id": "SEOUL-YONGSAN-NAMYEONG-SOOKMYUNG-SM02",
        "node_type": "university",
        "name": "숙대입구",
        "address": null,
        "latitude": null,
        "longitude": null,
        "source_id": "SRC-V1-FRAMEONE",
        "field_survey_priority": "S",
        "notes": "좌표·주소 확인 필요; v1 텍스트에서 분리",
        "status": "text_only"
      },
      "geometry": null
    },
    {
      "type": "Feature",
      "id": "SEOUL-YONGSAN-NAMYEONG-SOOKMYUNG-SM01-N03",
      "properties": {
        "node_id": "SEOUL-YONGSAN-NAMYEONG-SOOKMYUNG-SM01-N03",
        "parent_submarket_id": "SEOUL-YONGSAN-NAMYEONG-SOOKMYUNG-SM01",
        "node_type": "park_water_access",
        "name": "한강대로",
        "address": null,
        "latitude": null,
        "longitude": null,
        "source_id": "SRC-V1-FRAMEONE",
        "field_survey_priority": "S",
        "notes": "좌표·주소 확인 필요; v1 텍스트에서 분리",
        "status": "text_only"
      },
      "geometry": null
    },
    {
      "type": "Feature",
      "id": "SEOUL-YONGSAN-NAMYEONG-SOOKMYUNG-SM01-N04",
      "properties": {
        "node_id": "SEOUL-YONGSAN-NAMYEONG-SOOKMYUNG-SM01-N04",
        "parent_submarket_id": "SEOUL-YONGSAN-NAMYEONG-SOOKMYUNG-SM01",
        "node_type": "street",
        "name": "청파로",
        "address": null,
        "latitude": null,
        "longitude": null,
        "source_id": "SRC-V1-FRAMEONE",
        "field_survey_priority": "S",
        "notes": "좌표·주소 확인 필요; v1 텍스트에서 분리",
        "status": "text_only"
      },
      "geometry": null
    },
    {
      "type": "Feature",
      "id": "SEOUL-YONGSAN-NAMYEONG-SOOKMYUNG-SM01-N05",
      "properties": {
        "node_id": "SEOUL-YONGSAN-NAMYEONG-SOOKMYUNG-SM01-N05",
        "parent_submarket_id": "SEOUL-YONGSAN-NAMYEONG-SOOKMYUNG-SM01",
        "node_type": "station",
        "name": "남영역",
        "address": null,
        "latitude": null,
        "longitude": null,
        "source_id": "SRC-V1-FRAMEONE",
        "field_survey_priority": "S",
        "notes": "좌표·주소 확인 필요; v1 텍스트에서 분리",
        "status": "text_only"
      },
      "geometry": null
    },
    {
      "type": "Feature",
      "id": "SEOUL-YONGSAN-NAMYEONG-SOOKMYUNG-SM01-N06",
      "properties": {
        "node_id": "SEOUL-YONGSAN-NAMYEONG-SOOKMYUNG-SM01-N06",
        "parent_submarket_id": "SEOUL-YONGSAN-NAMYEONG-SOOKMYUNG-SM01",
        "node_type": "university",
        "name": "숙명여대 정문",
        "address": null,
        "latitude": null,
        "longitude": null,
        "source_id": "SRC-V1-FRAMEONE",
        "field_survey_priority": "S",
        "notes": "좌표·주소 확인 필요; v1 텍스트에서 분리",
        "status": "text_only"
      },
      "geometry": null
    },
    {
      "type": "Feature",
      "id": "SEOUL-YONGSAN-HYOCHANG-HUAM-SM01-N01",
      "properties": {
        "node_id": "SEOUL-YONGSAN-HYOCHANG-HUAM-SM01-N01",
        "parent_submarket_id": "SEOUL-YONGSAN-HYOCHANG-HUAM-SM01",
        "node_type": "park_water_access",
        "name": "효창공원앞",
        "address": null,
        "latitude": null,
        "longitude": null,
        "source_id": "SRC-V1-FRAMEONE",
        "field_survey_priority": "B",
        "notes": "좌표·주소 확인 필요; v1 텍스트에서 분리",
        "status": "text_only"
      },
      "geometry": null
    },
    {
      "type": "Feature",
      "id": "SEOUL-YONGSAN-HYOCHANG-HUAM-SM01-N02",
      "properties": {
        "node_id": "SEOUL-YONGSAN-HYOCHANG-HUAM-SM01-N02",
        "parent_submarket_id": "SEOUL-YONGSAN-HYOCHANG-HUAM-SM01",
        "node_type": "station",
        "name": "서울역",
        "address": null,
        "latitude": null,
        "longitude": null,
        "source_id": "SRC-V1-FRAMEONE",
        "field_survey_priority": "B",
        "notes": "좌표·주소 확인 필요; v1 텍스트에서 분리",
        "status": "text_only"
      },
      "geometry": null
    },
    {
      "type": "Feature",
      "id": "SEOUL-YONGSAN-HYOCHANG-HUAM-SM01-N03",
      "properties": {
        "node_id": "SEOUL-YONGSAN-HYOCHANG-HUAM-SM01-N03",
        "parent_submarket_id": "SEOUL-YONGSAN-HYOCHANG-HUAM-SM01",
        "node_type": "street",
        "name": "백범로",
        "address": null,
        "latitude": null,
        "longitude": null,
        "source_id": "SRC-V1-FRAMEONE",
        "field_survey_priority": "B",
        "notes": "좌표·주소 확인 필요; v1 텍스트에서 분리",
        "status": "text_only"
      },
      "geometry": null
    },
    {
      "type": "Feature",
      "id": "SEOUL-YONGSAN-HYOCHANG-HUAM-SM01-N04",
      "properties": {
        "node_id": "SEOUL-YONGSAN-HYOCHANG-HUAM-SM01-N04",
        "parent_submarket_id": "SEOUL-YONGSAN-HYOCHANG-HUAM-SM01",
        "node_type": "street",
        "name": "후암로",
        "address": null,
        "latitude": null,
        "longitude": null,
        "source_id": "SRC-V1-FRAMEONE",
        "field_survey_priority": "B",
        "notes": "좌표·주소 확인 필요; v1 텍스트에서 분리",
        "status": "text_only"
      },
      "geometry": null
    },
    {
      "type": "Feature",
      "id": "SEOUL-YONGSAN-HYOCHANG-HUAM-SM01-N05",
      "properties": {
        "node_id": "SEOUL-YONGSAN-HYOCHANG-HUAM-SM01-N05",
        "parent_submarket_id": "SEOUL-YONGSAN-HYOCHANG-HUAM-SM01",
        "node_type": "traditional_market",
        "name": "후암시장",
        "address": null,
        "latitude": null,
        "longitude": null,
        "source_id": "SRC-V1-FRAMEONE",
        "field_survey_priority": "B",
        "notes": "좌표·주소 확인 필요; v1 텍스트에서 분리",
        "status": "text_only"
      },
      "geometry": null
    },
    {
      "type": "Feature",
      "id": "SEOUL-SEONGDONG-SEONGSU-YEONMUJANG-N01",
      "properties": {
        "node_id": "SEOUL-SEONGDONG-SEONGSU-YEONMUJANG-N01",
        "parent_submarket_id": "SEOUL-SEONGDONG-SEONGSU-YEONMUJANG",
        "node_type": "anchor",
        "name": "성수",
        "address": null,
        "latitude": null,
        "longitude": null,
        "source_id": "SRC-V1-FRAMEONE",
        "field_survey_priority": "S",
        "notes": "좌표·주소 확인 필요; v1 텍스트에서 분리",
        "status": "text_only"
      },
      "geometry": null
    },
    {
      "type": "Feature",
      "id": "SEOUL-SEONGDONG-SEONGSU-YEONMUJANG-N02",
      "properties": {
        "node_id": "SEOUL-SEONGDONG-SEONGSU-YEONMUJANG-N02",
        "parent_submarket_id": "SEOUL-SEONGDONG-SEONGSU-YEONMUJANG",
        "node_type": "anchor",
        "name": "뚝섬",
        "address": null,
        "latitude": null,
        "longitude": null,
        "source_id": "SRC-V1-FRAMEONE",
        "field_survey_priority": "S",
        "notes": "좌표·주소 확인 필요; v1 텍스트에서 분리",
        "status": "text_only"
      },
      "geometry": null
    },
    {
      "type": "Feature",
      "id": "SEOUL-SEONGDONG-SEONGSU-YEONMUJANG-N03",
      "properties": {
        "node_id": "SEOUL-SEONGDONG-SEONGSU-YEONMUJANG-N03",
        "parent_submarket_id": "SEOUL-SEONGDONG-SEONGSU-YEONMUJANG",
        "node_type": "street",
        "name": "연무장길",
        "address": null,
        "latitude": null,
        "longitude": null,
        "source_id": "SRC-V1-FRAMEONE",
        "field_survey_priority": "S",
        "notes": "좌표·주소 확인 필요; v1 텍스트에서 분리",
        "status": "text_only"
      },
      "geometry": null
    },
    {
      "type": "Feature",
      "id": "SEOUL-SEONGDONG-SEONGSU-YEONMUJANG-N04",
      "properties": {
        "node_id": "SEOUL-SEONGDONG-SEONGSU-YEONMUJANG-N04",
        "parent_submarket_id": "SEOUL-SEONGDONG-SEONGSU-YEONMUJANG",
        "node_type": "street",
        "name": "성수이로",
        "address": null,
        "latitude": null,
        "longitude": null,
        "source_id": "SRC-V1-FRAMEONE",
        "field_survey_priority": "S",
        "notes": "좌표·주소 확인 필요; v1 텍스트에서 분리",
        "status": "text_only"
      },
      "geometry": null
    },
    {
      "type": "Feature",
      "id": "SEOUL-SEONGDONG-SEONGSU-YEONMUJANG-N05",
      "properties": {
        "node_id": "SEOUL-SEONGDONG-SEONGSU-YEONMUJANG-N05",
        "parent_submarket_id": "SEOUL-SEONGDONG-SEONGSU-YEONMUJANG",
        "node_type": "street",
        "name": "아차산로",
        "address": null,
        "latitude": null,
        "longitude": null,
        "source_id": "SRC-V1-FRAMEONE",
        "field_survey_priority": "S",
        "notes": "좌표·주소 확인 필요; v1 텍스트에서 분리",
        "status": "text_only"
      },
      "geometry": null
    },
    {
      "type": "Feature",
      "id": "SEOUL-SEONGDONG-SEOULFOREST-SM01-N01",
      "properties": {
        "node_id": "SEOUL-SEONGDONG-SEOULFOREST-SM01-N01",
        "parent_submarket_id": "SEOUL-SEONGDONG-SEOULFOREST-SM01",
        "node_type": "anchor",
        "name": "서울숲",
        "address": null,
        "latitude": null,
        "longitude": null,
        "source_id": "SRC-V1-FRAMEONE",
        "field_survey_priority": "A",
        "notes": "좌표·주소 확인 필요; v1 텍스트에서 분리",
        "status": "text_only"
      },
      "geometry": null
    },
    {
      "type": "Feature",
      "id": "SEOUL-SEONGDONG-SEOULFOREST-SM01-N02",
      "properties": {
        "node_id": "SEOUL-SEONGDONG-SEOULFOREST-SM01-N02",
        "parent_submarket_id": "SEOUL-SEONGDONG-SEOULFOREST-SM01",
        "node_type": "anchor",
        "name": "뚝섬",
        "address": null,
        "latitude": null,
        "longitude": null,
        "source_id": "SRC-V1-FRAMEONE",
        "field_survey_priority": "A",
        "notes": "좌표·주소 확인 필요; v1 텍스트에서 분리",
        "status": "text_only"
      },
      "geometry": null
    },
    {
      "type": "Feature",
      "id": "SEOUL-SEONGDONG-SEOULFOREST-SM01-N03",
      "properties": {
        "node_id": "SEOUL-SEONGDONG-SEOULFOREST-SM01-N03",
        "parent_submarket_id": "SEOUL-SEONGDONG-SEOULFOREST-SM01",
        "node_type": "street",
        "name": "서울숲2길",
        "address": null,
        "latitude": null,
        "longitude": null,
        "source_id": "SRC-V1-FRAMEONE",
        "field_survey_priority": "A",
        "notes": "좌표·주소 확인 필요; v1 텍스트에서 분리",
        "status": "text_only"
      },
      "geometry": null
    },
    {
      "type": "Feature",
      "id": "SEOUL-SEONGDONG-SEOULFOREST-SM01-N04",
      "properties": {
        "node_id": "SEOUL-SEONGDONG-SEOULFOREST-SM01-N04",
        "parent_submarket_id": "SEOUL-SEONGDONG-SEOULFOREST-SM01",
        "node_type": "street",
        "name": "왕십리로",
        "address": null,
        "latitude": null,
        "longitude": null,
        "source_id": "SRC-V1-FRAMEONE",
        "field_survey_priority": "A",
        "notes": "좌표·주소 확인 필요; v1 텍스트에서 분리",
        "status": "text_only"
      },
      "geometry": null
    },
    {
      "type": "Feature",
      "id": "SEOUL-SEONGDONG-WANGSIMNI-SM01-N01",
      "properties": {
        "node_id": "SEOUL-SEONGDONG-WANGSIMNI-SM01-N01",
        "parent_submarket_id": "SEOUL-SEONGDONG-WANGSIMNI-SM01",
        "node_type": "anchor",
        "name": "왕십리",
        "address": null,
        "latitude": null,
        "longitude": null,
        "source_id": "SRC-V1-FRAMEONE",
        "field_survey_priority": "C",
        "notes": "좌표·주소 확인 필요; v1 텍스트에서 분리",
        "status": "text_only"
      },
      "geometry": null
    },
    {
      "type": "Feature",
      "id": "SEOUL-SEONGDONG-WANGSIMNI-SM01-N02",
      "properties": {
        "node_id": "SEOUL-SEONGDONG-WANGSIMNI-SM01-N02",
        "parent_submarket_id": "SEOUL-SEONGDONG-WANGSIMNI-SM01",
        "node_type": "street",
        "name": "왕십리광장로",
        "address": null,
        "latitude": null,
        "longitude": null,
        "source_id": "SRC-V1-FRAMEONE",
        "field_survey_priority": "C",
        "notes": "좌표·주소 확인 필요; v1 텍스트에서 분리",
        "status": "text_only"
      },
      "geometry": null
    },
    {
      "type": "Feature",
      "id": "SEOUL-SEONGDONG-WANGSIMNI-SM01-N03",
      "properties": {
        "node_id": "SEOUL-SEONGDONG-WANGSIMNI-SM01-N03",
        "parent_submarket_id": "SEOUL-SEONGDONG-WANGSIMNI-SM01",
        "node_type": "street",
        "name": "고산자로",
        "address": null,
        "latitude": null,
        "longitude": null,
        "source_id": "SRC-V1-FRAMEONE",
        "field_survey_priority": "C",
        "notes": "좌표·주소 확인 필요; v1 텍스트에서 분리",
        "status": "text_only"
      },
      "geometry": null
    },
    {
      "type": "Feature",
      "id": "SEOUL-SEONGDONG-WANGSIMNI-SM01-N04",
      "properties": {
        "node_id": "SEOUL-SEONGDONG-WANGSIMNI-SM01-N04",
        "parent_submarket_id": "SEOUL-SEONGDONG-WANGSIMNI-SM01",
        "node_type": "station",
        "name": "왕십리역",
        "address": null,
        "latitude": null,
        "longitude": null,
        "source_id": "SRC-V1-FRAMEONE",
        "field_survey_priority": "C",
        "notes": "좌표·주소 확인 필요; v1 텍스트에서 분리",
        "status": "text_only"
      },
      "geometry": null
    },
    {
      "type": "Feature",
      "id": "SEOUL-SEONGDONG-HAENGDANG-HANYANG-SM01-N01",
      "properties": {
        "node_id": "SEOUL-SEONGDONG-HAENGDANG-HANYANG-SM01-N01",
        "parent_submarket_id": "SEOUL-SEONGDONG-HAENGDANG-HANYANG-SM01",
        "node_type": "anchor",
        "name": "한양대",
        "address": null,
        "latitude": null,
        "longitude": null,
        "source_id": "SRC-V1-FRAMEONE",
        "field_survey_priority": "B",
        "notes": "좌표·주소 확인 필요; v1 텍스트에서 분리",
        "status": "text_only"
      },
      "geometry": null
    },
    {
      "type": "Feature",
      "id": "SEOUL-SEONGDONG-HAENGDANG-HANYANG-SM01-N02",
      "properties": {
        "node_id": "SEOUL-SEONGDONG-HAENGDANG-HANYANG-SM01-N02",
        "parent_submarket_id": "SEOUL-SEONGDONG-HAENGDANG-HANYANG-SM01",
        "node_type": "anchor",
        "name": "왕십리",
        "address": null,
        "latitude": null,
        "longitude": null,
        "source_id": "SRC-V1-FRAMEONE",
        "field_survey_priority": "B",
        "notes": "좌표·주소 확인 필요; v1 텍스트에서 분리",
        "status": "text_only"
      },
      "geometry": null
    },
    {
      "type": "Feature",
      "id": "SEOUL-SEONGDONG-HAENGDANG-HANYANG-SM01-N03",
      "properties": {
        "node_id": "SEOUL-SEONGDONG-HAENGDANG-HANYANG-SM01-N03",
        "parent_submarket_id": "SEOUL-SEONGDONG-HAENGDANG-HANYANG-SM01",
        "node_type": "street",
        "name": "왕십리로",
        "address": null,
        "latitude": null,
        "longitude": null,
        "source_id": "SRC-V1-FRAMEONE",
        "field_survey_priority": "B",
        "notes": "좌표·주소 확인 필요; v1 텍스트에서 분리",
        "status": "text_only"
      },
      "geometry": null
    },
    {
      "type": "Feature",
      "id": "SEOUL-SEONGDONG-HAENGDANG-HANYANG-SM01-N04",
      "properties": {
        "node_id": "SEOUL-SEONGDONG-HAENGDANG-HANYANG-SM01-N04",
        "parent_submarket_id": "SEOUL-SEONGDONG-HAENGDANG-HANYANG-SM01",
        "node_type": "street",
        "name": "마조로",
        "address": null,
        "latitude": null,
        "longitude": null,
        "source_id": "SRC-V1-FRAMEONE",
        "field_survey_priority": "B",
        "notes": "좌표·주소 확인 필요; v1 텍스트에서 분리",
        "status": "text_only"
      },
      "geometry": null
    },
    {
      "type": "Feature",
      "id": "SEOUL-SEONGDONG-HAENGDANG-HANYANG-SM01-N05",
      "properties": {
        "node_id": "SEOUL-SEONGDONG-HAENGDANG-HANYANG-SM01-N05",
        "parent_submarket_id": "SEOUL-SEONGDONG-HAENGDANG-HANYANG-SM01",
        "node_type": "university",
        "name": "한양대 정문",
        "address": null,
        "latitude": null,
        "longitude": null,
        "source_id": "SRC-V1-FRAMEONE",
        "field_survey_priority": "B",
        "notes": "좌표·주소 확인 필요; v1 텍스트에서 분리",
        "status": "text_only"
      },
      "geometry": null
    },
    {
      "type": "Feature",
      "id": "SEOUL-SEONGDONG-HAENGDANG-HANYANG-SM01-N06",
      "properties": {
        "node_id": "SEOUL-SEONGDONG-HAENGDANG-HANYANG-SM01-N06",
        "parent_submarket_id": "SEOUL-SEONGDONG-HAENGDANG-HANYANG-SM01",
        "node_type": "traditional_market",
        "name": "행당시장",
        "address": null,
        "latitude": null,
        "longitude": null,
        "source_id": "SRC-V1-FRAMEONE",
        "field_survey_priority": "B",
        "notes": "좌표·주소 확인 필요; v1 텍스트에서 분리",
        "status": "text_only"
      },
      "geometry": null
    },
    {
      "type": "Feature",
      "id": "SEOUL-SEONGDONG-GEUMHO-OKSU-SM01-N01",
      "properties": {
        "node_id": "SEOUL-SEONGDONG-GEUMHO-OKSU-SM01-N01",
        "parent_submarket_id": "SEOUL-SEONGDONG-GEUMHO-OKSU-SM01",
        "node_type": "anchor",
        "name": "금호",
        "address": null,
        "latitude": null,
        "longitude": null,
        "source_id": "SRC-V1-FRAMEONE",
        "field_survey_priority": "B",
        "notes": "좌표·주소 확인 필요; v1 텍스트에서 분리",
        "status": "text_only"
      },
      "geometry": null
    },
    {
      "type": "Feature",
      "id": "SEOUL-SEONGDONG-GEUMHO-OKSU-SM02-N02",
      "properties": {
        "node_id": "SEOUL-SEONGDONG-GEUMHO-OKSU-SM02-N02",
        "parent_submarket_id": "SEOUL-SEONGDONG-GEUMHO-OKSU-SM02",
        "node_type": "anchor",
        "name": "옥수",
        "address": null,
        "latitude": null,
        "longitude": null,
        "source_id": "SRC-V1-FRAMEONE",
        "field_survey_priority": "B",
        "notes": "좌표·주소 확인 필요; v1 텍스트에서 분리",
        "status": "text_only"
      },
      "geometry": null
    },
    {
      "type": "Feature",
      "id": "SEOUL-SEONGDONG-GEUMHO-OKSU-SM01-N03",
      "properties": {
        "node_id": "SEOUL-SEONGDONG-GEUMHO-OKSU-SM01-N03",
        "parent_submarket_id": "SEOUL-SEONGDONG-GEUMHO-OKSU-SM01",
        "node_type": "street",
        "name": "독서당로",
        "address": null,
        "latitude": null,
        "longitude": null,
        "source_id": "SRC-V1-FRAMEONE",
        "field_survey_priority": "B",
        "notes": "좌표·주소 확인 필요; v1 텍스트에서 분리",
        "status": "text_only"
      },
      "geometry": null
    },
    {
      "type": "Feature",
      "id": "SEOUL-SEONGDONG-GEUMHO-OKSU-SM01-N04",
      "properties": {
        "node_id": "SEOUL-SEONGDONG-GEUMHO-OKSU-SM01-N04",
        "parent_submarket_id": "SEOUL-SEONGDONG-GEUMHO-OKSU-SM01",
        "node_type": "street",
        "name": "동호로",
        "address": null,
        "latitude": null,
        "longitude": null,
        "source_id": "SRC-V1-FRAMEONE",
        "field_survey_priority": "B",
        "notes": "좌표·주소 확인 필요; v1 텍스트에서 분리",
        "status": "text_only"
      },
      "geometry": null
    },
    {
      "type": "Feature",
      "id": "SEOUL-SEONGDONG-GEUMHO-OKSU-SM01-N05",
      "properties": {
        "node_id": "SEOUL-SEONGDONG-GEUMHO-OKSU-SM01-N05",
        "parent_submarket_id": "SEOUL-SEONGDONG-GEUMHO-OKSU-SM01",
        "node_type": "station",
        "name": "금호역",
        "address": null,
        "latitude": null,
        "longitude": null,
        "source_id": "SRC-V1-FRAMEONE",
        "field_survey_priority": "B",
        "notes": "좌표·주소 확인 필요; v1 텍스트에서 분리",
        "status": "text_only"
      },
      "geometry": null
    },
    {
      "type": "Feature",
      "id": "SEOUL-SEONGDONG-GEUMHO-OKSU-SM02-N06",
      "properties": {
        "node_id": "SEOUL-SEONGDONG-GEUMHO-OKSU-SM02-N06",
        "parent_submarket_id": "SEOUL-SEONGDONG-GEUMHO-OKSU-SM02",
        "node_type": "station",
        "name": "옥수역",
        "address": null,
        "latitude": null,
        "longitude": null,
        "source_id": "SRC-V1-FRAMEONE",
        "field_survey_priority": "B",
        "notes": "좌표·주소 확인 필요; v1 텍스트에서 분리",
        "status": "text_only"
      },
      "geometry": null
    },
    {
      "type": "Feature",
      "id": "SEOUL-SEONGDONG-MAJANG-SM01-N01",
      "properties": {
        "node_id": "SEOUL-SEONGDONG-MAJANG-SM01-N01",
        "parent_submarket_id": "SEOUL-SEONGDONG-MAJANG-SM01",
        "node_type": "anchor",
        "name": "마장",
        "address": null,
        "latitude": null,
        "longitude": null,
        "source_id": "SRC-V1-FRAMEONE",
        "field_survey_priority": "D",
        "notes": "좌표·주소 확인 필요; v1 텍스트에서 분리",
        "status": "text_only"
      },
      "geometry": null
    },
    {
      "type": "Feature",
      "id": "SEOUL-SEONGDONG-MAJANG-SM01-N02",
      "properties": {
        "node_id": "SEOUL-SEONGDONG-MAJANG-SM01-N02",
        "parent_submarket_id": "SEOUL-SEONGDONG-MAJANG-SM01",
        "node_type": "street",
        "name": "마장로",
        "address": null,
        "latitude": null,
        "longitude": null,
        "source_id": "SRC-V1-FRAMEONE",
        "field_survey_priority": "D",
        "notes": "좌표·주소 확인 필요; v1 텍스트에서 분리",
        "status": "text_only"
      },
      "geometry": null
    },
    {
      "type": "Feature",
      "id": "SEOUL-SEONGDONG-MAJANG-SM01-N03",
      "properties": {
        "node_id": "SEOUL-SEONGDONG-MAJANG-SM01-N03",
        "parent_submarket_id": "SEOUL-SEONGDONG-MAJANG-SM01",
        "node_type": "street",
        "name": "고산자로",
        "address": null,
        "latitude": null,
        "longitude": null,
        "source_id": "SRC-V1-FRAMEONE",
        "field_survey_priority": "D",
        "notes": "좌표·주소 확인 필요; v1 텍스트에서 분리",
        "status": "text_only"
      },
      "geometry": null
    },
    {
      "type": "Feature",
      "id": "SEOUL-SEONGDONG-MAJANG-SM01-N04",
      "properties": {
        "node_id": "SEOUL-SEONGDONG-MAJANG-SM01-N04",
        "parent_submarket_id": "SEOUL-SEONGDONG-MAJANG-SM01",
        "node_type": "traditional_market",
        "name": "마장축산물시장",
        "address": null,
        "latitude": null,
        "longitude": null,
        "source_id": "SRC-V1-FRAMEONE",
        "field_survey_priority": "D",
        "notes": "좌표·주소 확인 필요; v1 텍스트에서 분리",
        "status": "text_only"
      },
      "geometry": null
    },
    {
      "type": "Feature",
      "id": "SEOUL-SEONGDONG-MAJANG-SM01-N05",
      "properties": {
        "node_id": "SEOUL-SEONGDONG-MAJANG-SM01-N05",
        "parent_submarket_id": "SEOUL-SEONGDONG-MAJANG-SM01",
        "node_type": "station",
        "name": "마장역",
        "address": null,
        "latitude": null,
        "longitude": null,
        "source_id": "SRC-V1-FRAMEONE",
        "field_survey_priority": "D",
        "notes": "좌표·주소 확인 필요; v1 텍스트에서 분리",
        "status": "text_only"
      },
      "geometry": null
    },
    {
      "type": "Feature",
      "id": "SEOUL-GWANGJIN-KONKUK-SM01-N01",
      "properties": {
        "node_id": "SEOUL-GWANGJIN-KONKUK-SM01-N01",
        "parent_submarket_id": "SEOUL-GWANGJIN-KONKUK-SM01",
        "node_type": "anchor",
        "name": "건대입구",
        "address": null,
        "latitude": null,
        "longitude": null,
        "source_id": "SRC-V1-FRAMEONE",
        "field_survey_priority": "A",
        "notes": "좌표·주소 확인 필요; v1 텍스트에서 분리",
        "status": "text_only"
      },
      "geometry": null
    },
    {
      "type": "Feature",
      "id": "SEOUL-GWANGJIN-KONKUK-SM01-N02",
      "properties": {
        "node_id": "SEOUL-GWANGJIN-KONKUK-SM01-N02",
        "parent_submarket_id": "SEOUL-GWANGJIN-KONKUK-SM01",
        "node_type": "street",
        "name": "아차산로",
        "address": null,
        "latitude": null,
        "longitude": null,
        "source_id": "SRC-V1-FRAMEONE",
        "field_survey_priority": "A",
        "notes": "좌표·주소 확인 필요; v1 텍스트에서 분리",
        "status": "text_only"
      },
      "geometry": null
    },
    {
      "type": "Feature",
      "id": "SEOUL-GWANGJIN-KONKUK-SM01-N03",
      "properties": {
        "node_id": "SEOUL-GWANGJIN-KONKUK-SM01-N03",
        "parent_submarket_id": "SEOUL-GWANGJIN-KONKUK-SM01",
        "node_type": "street",
        "name": "동일로",
        "address": null,
        "latitude": null,
        "longitude": null,
        "source_id": "SRC-V1-FRAMEONE",
        "field_survey_priority": "A",
        "notes": "좌표·주소 확인 필요; v1 텍스트에서 분리",
        "status": "text_only"
      },
      "geometry": null
    },
    {
      "type": "Feature",
      "id": "SEOUL-GWANGJIN-KONKUK-SM01-N04",
      "properties": {
        "node_id": "SEOUL-GWANGJIN-KONKUK-SM01-N04",
        "parent_submarket_id": "SEOUL-GWANGJIN-KONKUK-SM01",
        "node_type": "street",
        "name": "능동로",
        "address": null,
        "latitude": null,
        "longitude": null,
        "source_id": "SRC-V1-FRAMEONE",
        "field_survey_priority": "A",
        "notes": "좌표·주소 확인 필요; v1 텍스트에서 분리",
        "status": "text_only"
      },
      "geometry": null
    },
    {
      "type": "Feature",
      "id": "SEOUL-GWANGJIN-KONKUK-SM01-N05",
      "properties": {
        "node_id": "SEOUL-GWANGJIN-KONKUK-SM01-N05",
        "parent_submarket_id": "SEOUL-GWANGJIN-KONKUK-SM01",
        "node_type": "station",
        "name": "건대입구역",
        "address": null,
        "latitude": null,
        "longitude": null,
        "source_id": "SRC-V1-FRAMEONE",
        "field_survey_priority": "A",
        "notes": "좌표·주소 확인 필요; v1 텍스트에서 분리",
        "status": "text_only"
      },
      "geometry": null
    },
    {
      "type": "Feature",
      "id": "SEOUL-GWANGJIN-GUI-GANGBYEON-SM01-N01",
      "properties": {
        "node_id": "SEOUL-GWANGJIN-GUI-GANGBYEON-SM01-N01",
        "parent_submarket_id": "SEOUL-GWANGJIN-GUI-GANGBYEON-SM01",
        "node_type": "anchor",
        "name": "구의",
        "address": null,
        "latitude": null,
        "longitude": null,
        "source_id": "SRC-V1-FRAMEONE",
        "field_survey_priority": "B",
        "notes": "좌표·주소 확인 필요; v1 텍스트에서 분리",
        "status": "text_only"
      },
      "geometry": null
    },
    {
      "type": "Feature",
      "id": "SEOUL-GWANGJIN-GUI-GANGBYEON-SM02-N02",
      "properties": {
        "node_id": "SEOUL-GWANGJIN-GUI-GANGBYEON-SM02-N02",
        "parent_submarket_id": "SEOUL-GWANGJIN-GUI-GANGBYEON-SM02",
        "node_type": "anchor",
        "name": "강변",
        "address": null,
        "latitude": null,
        "longitude": null,
        "source_id": "SRC-V1-FRAMEONE",
        "field_survey_priority": "B",
        "notes": "좌표·주소 확인 필요; v1 텍스트에서 분리",
        "status": "text_only"
      },
      "geometry": null
    },
    {
      "type": "Feature",
      "id": "SEOUL-GWANGJIN-GUI-GANGBYEON-SM01-N03",
      "properties": {
        "node_id": "SEOUL-GWANGJIN-GUI-GANGBYEON-SM01-N03",
        "parent_submarket_id": "SEOUL-GWANGJIN-GUI-GANGBYEON-SM01",
        "node_type": "street",
        "name": "아차산로",
        "address": null,
        "latitude": null,
        "longitude": null,
        "source_id": "SRC-V1-FRAMEONE",
        "field_survey_priority": "B",
        "notes": "좌표·주소 확인 필요; v1 텍스트에서 분리",
        "status": "text_only"
      },
      "geometry": null
    },
    {
      "type": "Feature",
      "id": "SEOUL-GWANGJIN-GUI-GANGBYEON-SM02-N04",
      "properties": {
        "node_id": "SEOUL-GWANGJIN-GUI-GANGBYEON-SM02-N04",
        "parent_submarket_id": "SEOUL-GWANGJIN-GUI-GANGBYEON-SM02",
        "node_type": "station",
        "name": "강변역로",
        "address": null,
        "latitude": null,
        "longitude": null,
        "source_id": "SRC-V1-FRAMEONE",
        "field_survey_priority": "B",
        "notes": "좌표·주소 확인 필요; v1 텍스트에서 분리",
        "status": "text_only"
      },
      "geometry": null
    },
    {
      "type": "Feature",
      "id": "SEOUL-GWANGJIN-GUI-GANGBYEON-SM01-N05",
      "properties": {
        "node_id": "SEOUL-GWANGJIN-GUI-GANGBYEON-SM01-N05",
        "parent_submarket_id": "SEOUL-GWANGJIN-GUI-GANGBYEON-SM01",
        "node_type": "station",
        "name": "구의역",
        "address": null,
        "latitude": null,
        "longitude": null,
        "source_id": "SRC-V1-FRAMEONE",
        "field_survey_priority": "B",
        "notes": "좌표·주소 확인 필요; v1 텍스트에서 분리",
        "status": "text_only"
      },
      "geometry": null
    },
    {
      "type": "Feature",
      "id": "SEOUL-GWANGJIN-GUI-GANGBYEON-SM02-N06",
      "properties": {
        "node_id": "SEOUL-GWANGJIN-GUI-GANGBYEON-SM02-N06",
        "parent_submarket_id": "SEOUL-GWANGJIN-GUI-GANGBYEON-SM02",
        "node_type": "station",
        "name": "강변역",
        "address": null,
        "latitude": null,
        "longitude": null,
        "source_id": "SRC-V1-FRAMEONE",
        "field_survey_priority": "B",
        "notes": "좌표·주소 확인 필요; v1 텍스트에서 분리",
        "status": "text_only"
      },
      "geometry": null
    },
    {
      "type": "Feature",
      "id": "SEOUL-GWANGJIN-GUI-GANGBYEON-SM01-N07",
      "properties": {
        "node_id": "SEOUL-GWANGJIN-GUI-GANGBYEON-SM01-N07",
        "parent_submarket_id": "SEOUL-GWANGJIN-GUI-GANGBYEON-SM01",
        "node_type": "shopping",
        "name": "테크노마트",
        "address": null,
        "latitude": null,
        "longitude": null,
        "source_id": "SRC-V1-FRAMEONE",
        "field_survey_priority": "B",
        "notes": "좌표·주소 확인 필요; v1 텍스트에서 분리",
        "status": "text_only"
      },
      "geometry": null
    },
    {
      "type": "Feature",
      "id": "SEOUL-GWANGJIN-GUI-GANGBYEON-SM01-N08",
      "properties": {
        "node_id": "SEOUL-GWANGJIN-GUI-GANGBYEON-SM01-N08",
        "parent_submarket_id": "SEOUL-GWANGJIN-GUI-GANGBYEON-SM01",
        "node_type": "anchor",
        "name": "동서울터미널",
        "address": null,
        "latitude": null,
        "longitude": null,
        "source_id": "SRC-V1-FRAMEONE",
        "field_survey_priority": "B",
        "notes": "좌표·주소 확인 필요; v1 텍스트에서 분리",
        "status": "text_only"
      },
      "geometry": null
    },
    {
      "type": "Feature",
      "id": "SEOUL-GWANGJIN-JAYANG-SM01-N01",
      "properties": {
        "node_id": "SEOUL-GWANGJIN-JAYANG-SM01-N01",
        "parent_submarket_id": "SEOUL-GWANGJIN-JAYANG-SM01",
        "node_type": "anchor",
        "name": "자양",
        "address": null,
        "latitude": null,
        "longitude": null,
        "source_id": "SRC-V1-FRAMEONE",
        "field_survey_priority": "C",
        "notes": "좌표·주소 확인 필요; v1 텍스트에서 분리",
        "status": "text_only"
      },
      "geometry": null
    },
    {
      "type": "Feature",
      "id": "SEOUL-GWANGJIN-JAYANG-SM01-N02",
      "properties": {
        "node_id": "SEOUL-GWANGJIN-JAYANG-SM01-N02",
        "parent_submarket_id": "SEOUL-GWANGJIN-JAYANG-SM01",
        "node_type": "anchor",
        "name": "건대입구",
        "address": null,
        "latitude": null,
        "longitude": null,
        "source_id": "SRC-V1-FRAMEONE",
        "field_survey_priority": "C",
        "notes": "좌표·주소 확인 필요; v1 텍스트에서 분리",
        "status": "text_only"
      },
      "geometry": null
    },
    {
      "type": "Feature",
      "id": "SEOUL-GWANGJIN-JAYANG-SM01-N03",
      "properties": {
        "node_id": "SEOUL-GWANGJIN-JAYANG-SM01-N03",
        "parent_submarket_id": "SEOUL-GWANGJIN-JAYANG-SM01",
        "node_type": "street",
        "name": "자양로",
        "address": null,
        "latitude": null,
        "longitude": null,
        "source_id": "SRC-V1-FRAMEONE",
        "field_survey_priority": "C",
        "notes": "좌표·주소 확인 필요; v1 텍스트에서 분리",
        "status": "text_only"
      },
      "geometry": null
    },
    {
      "type": "Feature",
      "id": "SEOUL-GWANGJIN-JAYANG-SM01-N04",
      "properties": {
        "node_id": "SEOUL-GWANGJIN-JAYANG-SM01-N04",
        "parent_submarket_id": "SEOUL-GWANGJIN-JAYANG-SM01",
        "node_type": "street",
        "name": "뚝섬로",
        "address": null,
        "latitude": null,
        "longitude": null,
        "source_id": "SRC-V1-FRAMEONE",
        "field_survey_priority": "C",
        "notes": "좌표·주소 확인 필요; v1 텍스트에서 분리",
        "status": "text_only"
      },
      "geometry": null
    },
    {
      "type": "Feature",
      "id": "SEOUL-GWANGJIN-JAYANG-SM01-N05",
      "properties": {
        "node_id": "SEOUL-GWANGJIN-JAYANG-SM01-N05",
        "parent_submarket_id": "SEOUL-GWANGJIN-JAYANG-SM01",
        "node_type": "traditional_market",
        "name": "자양전통시장",
        "address": null,
        "latitude": null,
        "longitude": null,
        "source_id": "SRC-V1-FRAMEONE",
        "field_survey_priority": "C",
        "notes": "좌표·주소 확인 필요; v1 텍스트에서 분리",
        "status": "text_only"
      },
      "geometry": null
    },
    {
      "type": "Feature",
      "id": "SEOUL-GWANGJIN-CHILDRENSPARK-SEJONG-SM01-N01",
      "properties": {
        "node_id": "SEOUL-GWANGJIN-CHILDRENSPARK-SEJONG-SM01-N01",
        "parent_submarket_id": "SEOUL-GWANGJIN-CHILDRENSPARK-SEJONG-SM01",
        "node_type": "park_water_access",
        "name": "어린이대공원",
        "address": null,
        "latitude": null,
        "longitude": null,
        "source_id": "SRC-V1-FRAMEONE",
        "field_survey_priority": "S",
        "notes": "좌표·주소 확인 필요; v1 텍스트에서 분리",
        "status": "text_only"
      },
      "geometry": null
    },
    {
      "type": "Feature",
      "id": "SEOUL-GWANGJIN-CHILDRENSPARK-SEJONG-SM02-N02",
      "properties": {
        "node_id": "SEOUL-GWANGJIN-CHILDRENSPARK-SEJONG-SM02-N02",
        "parent_submarket_id": "SEOUL-GWANGJIN-CHILDRENSPARK-SEJONG-SM02",
        "node_type": "street",
        "name": "능동로",
        "address": null,
        "latitude": null,
        "longitude": null,
        "source_id": "SRC-V1-FRAMEONE",
        "field_survey_priority": "S",
        "notes": "좌표·주소 확인 필요; v1 텍스트에서 분리",
        "status": "text_only"
      },
      "geometry": null
    },
    {
      "type": "Feature",
      "id": "SEOUL-GWANGJIN-CHILDRENSPARK-SEJONG-SM01-N03",
      "properties": {
        "node_id": "SEOUL-GWANGJIN-CHILDRENSPARK-SEJONG-SM01-N03",
        "parent_submarket_id": "SEOUL-GWANGJIN-CHILDRENSPARK-SEJONG-SM01",
        "node_type": "street",
        "name": "광나루로",
        "address": null,
        "latitude": null,
        "longitude": null,
        "source_id": "SRC-V1-FRAMEONE",
        "field_survey_priority": "S",
        "notes": "좌표·주소 확인 필요; v1 텍스트에서 분리",
        "status": "text_only"
      },
      "geometry": null
    },
    {
      "type": "Feature",
      "id": "SEOUL-GWANGJIN-GUNJA-JUNGGOK-SM01-N01",
      "properties": {
        "node_id": "SEOUL-GWANGJIN-GUNJA-JUNGGOK-SM01-N01",
        "parent_submarket_id": "SEOUL-GWANGJIN-GUNJA-JUNGGOK-SM01",
        "node_type": "anchor",
        "name": "군자",
        "address": null,
        "latitude": null,
        "longitude": null,
        "source_id": "SRC-V1-FRAMEONE",
        "field_survey_priority": "C",
        "notes": "좌표·주소 확인 필요; v1 텍스트에서 분리",
        "status": "text_only"
      },
      "geometry": null
    },
    {
      "type": "Feature",
      "id": "SEOUL-GWANGJIN-GUNJA-JUNGGOK-SM01-N02",
      "properties": {
        "node_id": "SEOUL-GWANGJIN-GUNJA-JUNGGOK-SM01-N02",
        "parent_submarket_id": "SEOUL-GWANGJIN-GUNJA-JUNGGOK-SM01",
        "node_type": "anchor",
        "name": "중곡",
        "address": null,
        "latitude": null,
        "longitude": null,
        "source_id": "SRC-V1-FRAMEONE",
        "field_survey_priority": "C",
        "notes": "좌표·주소 확인 필요; v1 텍스트에서 분리",
        "status": "text_only"
      },
      "geometry": null
    },
    {
      "type": "Feature",
      "id": "SEOUL-GWANGJIN-GUNJA-JUNGGOK-SM01-N03",
      "properties": {
        "node_id": "SEOUL-GWANGJIN-GUNJA-JUNGGOK-SM01-N03",
        "parent_submarket_id": "SEOUL-GWANGJIN-GUNJA-JUNGGOK-SM01",
        "node_type": "street",
        "name": "천호대로",
        "address": null,
        "latitude": null,
        "longitude": null,
        "source_id": "SRC-V1-FRAMEONE",
        "field_survey_priority": "C",
        "notes": "좌표·주소 확인 필요; v1 텍스트에서 분리",
        "status": "text_only"
      },
      "geometry": null
    },
    {
      "type": "Feature",
      "id": "SEOUL-GWANGJIN-GUNJA-JUNGGOK-SM01-N04",
      "properties": {
        "node_id": "SEOUL-GWANGJIN-GUNJA-JUNGGOK-SM01-N04",
        "parent_submarket_id": "SEOUL-GWANGJIN-GUNJA-JUNGGOK-SM01",
        "node_type": "street",
        "name": "능동로",
        "address": null,
        "latitude": null,
        "longitude": null,
        "source_id": "SRC-V1-FRAMEONE",
        "field_survey_priority": "C",
        "notes": "좌표·주소 확인 필요; v1 텍스트에서 분리",
        "status": "text_only"
      },
      "geometry": null
    },
    {
      "type": "Feature",
      "id": "SEOUL-GWANGJIN-GUNJA-JUNGGOK-SM01-N05",
      "properties": {
        "node_id": "SEOUL-GWANGJIN-GUNJA-JUNGGOK-SM01-N05",
        "parent_submarket_id": "SEOUL-GWANGJIN-GUNJA-JUNGGOK-SM01",
        "node_type": "station",
        "name": "군자역",
        "address": null,
        "latitude": null,
        "longitude": null,
        "source_id": "SRC-V1-FRAMEONE",
        "field_survey_priority": "C",
        "notes": "좌표·주소 확인 필요; v1 텍스트에서 분리",
        "status": "text_only"
      },
      "geometry": null
    },
    {
      "type": "Feature",
      "id": "SEOUL-GWANGJIN-GUNJA-JUNGGOK-SM01-N06",
      "properties": {
        "node_id": "SEOUL-GWANGJIN-GUNJA-JUNGGOK-SM01-N06",
        "parent_submarket_id": "SEOUL-GWANGJIN-GUNJA-JUNGGOK-SM01",
        "node_type": "traditional_market",
        "name": "중곡제일시장",
        "address": null,
        "latitude": null,
        "longitude": null,
        "source_id": "SRC-V1-FRAMEONE",
        "field_survey_priority": "C",
        "notes": "좌표·주소 확인 필요; v1 텍스트에서 분리",
        "status": "text_only"
      },
      "geometry": null
    },
    {
      "type": "Feature",
      "id": "SEOUL-DONGDAEMUN-CHEONGNYANGNI-SM01-N01",
      "properties": {
        "node_id": "SEOUL-DONGDAEMUN-CHEONGNYANGNI-SM01-N01",
        "parent_submarket_id": "SEOUL-DONGDAEMUN-CHEONGNYANGNI-SM01",
        "node_type": "anchor",
        "name": "청량리",
        "address": null,
        "latitude": null,
        "longitude": null,
        "source_id": "SRC-V1-FRAMEONE",
        "field_survey_priority": "C",
        "notes": "좌표·주소 확인 필요; v1 텍스트에서 분리",
        "status": "text_only"
      },
      "geometry": null
    },
    {
      "type": "Feature",
      "id": "SEOUL-DONGDAEMUN-CHEONGNYANGNI-SM01-N02",
      "properties": {
        "node_id": "SEOUL-DONGDAEMUN-CHEONGNYANGNI-SM01-N02",
        "parent_submarket_id": "SEOUL-DONGDAEMUN-CHEONGNYANGNI-SM01",
        "node_type": "street",
        "name": "왕산로",
        "address": null,
        "latitude": null,
        "longitude": null,
        "source_id": "SRC-V1-FRAMEONE",
        "field_survey_priority": "C",
        "notes": "좌표·주소 확인 필요; v1 텍스트에서 분리",
        "status": "text_only"
      },
      "geometry": null
    },
    {
      "type": "Feature",
      "id": "SEOUL-DONGDAEMUN-CHEONGNYANGNI-SM01-N03",
      "properties": {
        "node_id": "SEOUL-DONGDAEMUN-CHEONGNYANGNI-SM01-N03",
        "parent_submarket_id": "SEOUL-DONGDAEMUN-CHEONGNYANGNI-SM01",
        "node_type": "street",
        "name": "홍릉로",
        "address": null,
        "latitude": null,
        "longitude": null,
        "source_id": "SRC-V1-FRAMEONE",
        "field_survey_priority": "C",
        "notes": "좌표·주소 확인 필요; v1 텍스트에서 분리",
        "status": "text_only"
      },
      "geometry": null
    },
    {
      "type": "Feature",
      "id": "SEOUL-DONGDAEMUN-CHEONGNYANGNI-SM01-N04",
      "properties": {
        "node_id": "SEOUL-DONGDAEMUN-CHEONGNYANGNI-SM01-N04",
        "parent_submarket_id": "SEOUL-DONGDAEMUN-CHEONGNYANGNI-SM01",
        "node_type": "station",
        "name": "청량리역",
        "address": null,
        "latitude": null,
        "longitude": null,
        "source_id": "SRC-V1-FRAMEONE",
        "field_survey_priority": "C",
        "notes": "좌표·주소 확인 필요; v1 텍스트에서 분리",
        "status": "text_only"
      },
      "geometry": null
    },
    {
      "type": "Feature",
      "id": "SEOUL-DONGDAEMUN-CHEONGNYANGNI-SM01-N05",
      "properties": {
        "node_id": "SEOUL-DONGDAEMUN-CHEONGNYANGNI-SM01-N05",
        "parent_submarket_id": "SEOUL-DONGDAEMUN-CHEONGNYANGNI-SM01",
        "node_type": "shopping",
        "name": "롯데백화점",
        "address": null,
        "latitude": null,
        "longitude": null,
        "source_id": "SRC-V1-FRAMEONE",
        "field_survey_priority": "C",
        "notes": "좌표·주소 확인 필요; v1 텍스트에서 분리",
        "status": "text_only"
      },
      "geometry": null
    },
    {
      "type": "Feature",
      "id": "SEOUL-DONGDAEMUN-CHEONGNYANGNI-SM01-N06",
      "properties": {
        "node_id": "SEOUL-DONGDAEMUN-CHEONGNYANGNI-SM01-N06",
        "parent_submarket_id": "SEOUL-DONGDAEMUN-CHEONGNYANGNI-SM01",
        "node_type": "traditional_market",
        "name": "청량리시장",
        "address": null,
        "latitude": null,
        "longitude": null,
        "source_id": "SRC-V1-FRAMEONE",
        "field_survey_priority": "C",
        "notes": "좌표·주소 확인 필요; v1 텍스트에서 분리",
        "status": "text_only"
      },
      "geometry": null
    },
    {
      "type": "Feature",
      "id": "SEOUL-DONGDAEMUN-HOEGI-KYUNGHEE-SM01-N01",
      "properties": {
        "node_id": "SEOUL-DONGDAEMUN-HOEGI-KYUNGHEE-SM01-N01",
        "parent_submarket_id": "SEOUL-DONGDAEMUN-HOEGI-KYUNGHEE-SM01",
        "node_type": "anchor",
        "name": "회기",
        "address": null,
        "latitude": null,
        "longitude": null,
        "source_id": "SRC-V1-FRAMEONE",
        "field_survey_priority": "S",
        "notes": "좌표·주소 확인 필요; v1 텍스트에서 분리",
        "status": "text_only"
      },
      "geometry": null
    },
    {
      "type": "Feature",
      "id": "SEOUL-DONGDAEMUN-HOEGI-KYUNGHEE-SM01-N02",
      "properties": {
        "node_id": "SEOUL-DONGDAEMUN-HOEGI-KYUNGHEE-SM01-N02",
        "parent_submarket_id": "SEOUL-DONGDAEMUN-HOEGI-KYUNGHEE-SM01",
        "node_type": "street",
        "name": "회기로",
        "address": null,
        "latitude": null,
        "longitude": null,
        "source_id": "SRC-V1-FRAMEONE",
        "field_survey_priority": "S",
        "notes": "좌표·주소 확인 필요; v1 텍스트에서 분리",
        "status": "text_only"
      },
      "geometry": null
    },
    {
      "type": "Feature",
      "id": "SEOUL-DONGDAEMUN-HOEGI-KYUNGHEE-SM02-N03",
      "properties": {
        "node_id": "SEOUL-DONGDAEMUN-HOEGI-KYUNGHEE-SM02-N03",
        "parent_submarket_id": "SEOUL-DONGDAEMUN-HOEGI-KYUNGHEE-SM02",
        "node_type": "street",
        "name": "경희대로",
        "address": null,
        "latitude": null,
        "longitude": null,
        "source_id": "SRC-V1-FRAMEONE",
        "field_survey_priority": "S",
        "notes": "좌표·주소 확인 필요; v1 텍스트에서 분리",
        "status": "text_only"
      },
      "geometry": null
    },
    {
      "type": "Feature",
      "id": "SEOUL-DONGDAEMUN-HOEGI-KYUNGHEE-SM01-N04",
      "properties": {
        "node_id": "SEOUL-DONGDAEMUN-HOEGI-KYUNGHEE-SM01-N04",
        "parent_submarket_id": "SEOUL-DONGDAEMUN-HOEGI-KYUNGHEE-SM01",
        "node_type": "station",
        "name": "회기역",
        "address": null,
        "latitude": null,
        "longitude": null,
        "source_id": "SRC-V1-FRAMEONE",
        "field_survey_priority": "S",
        "notes": "좌표·주소 확인 필요; v1 텍스트에서 분리",
        "status": "text_only"
      },
      "geometry": null
    },
    {
      "type": "Feature",
      "id": "SEOUL-DONGDAEMUN-HOEGI-KYUNGHEE-SM01-N05",
      "properties": {
        "node_id": "SEOUL-DONGDAEMUN-HOEGI-KYUNGHEE-SM01-N05",
        "parent_submarket_id": "SEOUL-DONGDAEMUN-HOEGI-KYUNGHEE-SM01",
        "node_type": "university",
        "name": "경희대 정문",
        "address": null,
        "latitude": null,
        "longitude": null,
        "source_id": "SRC-V1-FRAMEONE",
        "field_survey_priority": "S",
        "notes": "좌표·주소 확인 필요; v1 텍스트에서 분리",
        "status": "text_only"
      },
      "geometry": null
    },
    {
      "type": "Feature",
      "id": "SEOUL-DONGDAEMUN-HUFS-IMUN-SM01-N01",
      "properties": {
        "node_id": "SEOUL-DONGDAEMUN-HUFS-IMUN-SM01-N01",
        "parent_submarket_id": "SEOUL-DONGDAEMUN-HUFS-IMUN-SM01",
        "node_type": "university",
        "name": "외대앞",
        "address": null,
        "latitude": null,
        "longitude": null,
        "source_id": "SRC-V1-FRAMEONE",
        "field_survey_priority": "B",
        "notes": "좌표·주소 확인 필요; v1 텍스트에서 분리",
        "status": "text_only"
      },
      "geometry": null
    },
    {
      "type": "Feature",
      "id": "SEOUL-DONGDAEMUN-HUFS-IMUN-SM01-N02",
      "properties": {
        "node_id": "SEOUL-DONGDAEMUN-HUFS-IMUN-SM01-N02",
        "parent_submarket_id": "SEOUL-DONGDAEMUN-HUFS-IMUN-SM01",
        "node_type": "street",
        "name": "이문로",
        "address": null,
        "latitude": null,
        "longitude": null,
        "source_id": "SRC-V1-FRAMEONE",
        "field_survey_priority": "B",
        "notes": "좌표·주소 확인 필요; v1 텍스트에서 분리",
        "status": "text_only"
      },
      "geometry": null
    },
    {
      "type": "Feature",
      "id": "SEOUL-DONGDAEMUN-HUFS-IMUN-SM01-N03",
      "properties": {
        "node_id": "SEOUL-DONGDAEMUN-HUFS-IMUN-SM01-N03",
        "parent_submarket_id": "SEOUL-DONGDAEMUN-HUFS-IMUN-SM01",
        "node_type": "street",
        "name": "휘경로",
        "address": null,
        "latitude": null,
        "longitude": null,
        "source_id": "SRC-V1-FRAMEONE",
        "field_survey_priority": "B",
        "notes": "좌표·주소 확인 필요; v1 텍스트에서 분리",
        "status": "text_only"
      },
      "geometry": null
    },
    {
      "type": "Feature",
      "id": "SEOUL-DONGDAEMUN-HUFS-IMUN-SM01-N04",
      "properties": {
        "node_id": "SEOUL-DONGDAEMUN-HUFS-IMUN-SM01-N04",
        "parent_submarket_id": "SEOUL-DONGDAEMUN-HUFS-IMUN-SM01",
        "node_type": "station",
        "name": "외대앞역",
        "address": null,
        "latitude": null,
        "longitude": null,
        "source_id": "SRC-V1-FRAMEONE",
        "field_survey_priority": "B",
        "notes": "좌표·주소 확인 필요; v1 텍스트에서 분리",
        "status": "text_only"
      },
      "geometry": null
    },
    {
      "type": "Feature",
      "id": "SEOUL-DONGDAEMUN-HUFS-IMUN-SM01-N05",
      "properties": {
        "node_id": "SEOUL-DONGDAEMUN-HUFS-IMUN-SM01-N05",
        "parent_submarket_id": "SEOUL-DONGDAEMUN-HUFS-IMUN-SM01",
        "node_type": "university",
        "name": "한국외대 정문",
        "address": null,
        "latitude": null,
        "longitude": null,
        "source_id": "SRC-V1-FRAMEONE",
        "field_survey_priority": "B",
        "notes": "좌표·주소 확인 필요; v1 텍스트에서 분리",
        "status": "text_only"
      },
      "geometry": null
    },
    {
      "type": "Feature",
      "id": "SEOUL-DONGDAEMUN-JANGAN-DAPSIMNI-SM01-N01",
      "properties": {
        "node_id": "SEOUL-DONGDAEMUN-JANGAN-DAPSIMNI-SM01-N01",
        "parent_submarket_id": "SEOUL-DONGDAEMUN-JANGAN-DAPSIMNI-SM01",
        "node_type": "anchor",
        "name": "장한평",
        "address": null,
        "latitude": null,
        "longitude": null,
        "source_id": "SRC-V1-FRAMEONE",
        "field_survey_priority": "B",
        "notes": "좌표·주소 확인 필요; v1 텍스트에서 분리",
        "status": "text_only"
      },
      "geometry": null
    },
    {
      "type": "Feature",
      "id": "SEOUL-DONGDAEMUN-JANGAN-DAPSIMNI-SM02-N02",
      "properties": {
        "node_id": "SEOUL-DONGDAEMUN-JANGAN-DAPSIMNI-SM02-N02",
        "parent_submarket_id": "SEOUL-DONGDAEMUN-JANGAN-DAPSIMNI-SM02",
        "node_type": "anchor",
        "name": "답십리",
        "address": null,
        "latitude": null,
        "longitude": null,
        "source_id": "SRC-V1-FRAMEONE",
        "field_survey_priority": "B",
        "notes": "좌표·주소 확인 필요; v1 텍스트에서 분리",
        "status": "text_only"
      },
      "geometry": null
    },
    {
      "type": "Feature",
      "id": "SEOUL-DONGDAEMUN-JANGAN-DAPSIMNI-SM01-N03",
      "properties": {
        "node_id": "SEOUL-DONGDAEMUN-JANGAN-DAPSIMNI-SM01-N03",
        "parent_submarket_id": "SEOUL-DONGDAEMUN-JANGAN-DAPSIMNI-SM01",
        "node_type": "street",
        "name": "천호대로",
        "address": null,
        "latitude": null,
        "longitude": null,
        "source_id": "SRC-V1-FRAMEONE",
        "field_survey_priority": "B",
        "notes": "좌표·주소 확인 필요; v1 텍스트에서 분리",
        "status": "text_only"
      },
      "geometry": null
    },
    {
      "type": "Feature",
      "id": "SEOUL-DONGDAEMUN-JANGAN-DAPSIMNI-SM01-N04",
      "properties": {
        "node_id": "SEOUL-DONGDAEMUN-JANGAN-DAPSIMNI-SM01-N04",
        "parent_submarket_id": "SEOUL-DONGDAEMUN-JANGAN-DAPSIMNI-SM01",
        "node_type": "street",
        "name": "장한로",
        "address": null,
        "latitude": null,
        "longitude": null,
        "source_id": "SRC-V1-FRAMEONE",
        "field_survey_priority": "B",
        "notes": "좌표·주소 확인 필요; v1 텍스트에서 분리",
        "status": "text_only"
      },
      "geometry": null
    },
    {
      "type": "Feature",
      "id": "SEOUL-DONGDAEMUN-JANGAN-DAPSIMNI-SM02-N05",
      "properties": {
        "node_id": "SEOUL-DONGDAEMUN-JANGAN-DAPSIMNI-SM02-N05",
        "parent_submarket_id": "SEOUL-DONGDAEMUN-JANGAN-DAPSIMNI-SM02",
        "node_type": "station",
        "name": "답십리역",
        "address": null,
        "latitude": null,
        "longitude": null,
        "source_id": "SRC-V1-FRAMEONE",
        "field_survey_priority": "B",
        "notes": "좌표·주소 확인 필요; v1 텍스트에서 분리",
        "status": "text_only"
      },
      "geometry": null
    },
    {
      "type": "Feature",
      "id": "SEOUL-DONGDAEMUN-JEONNONG-SM01-N01",
      "properties": {
        "node_id": "SEOUL-DONGDAEMUN-JEONNONG-SM01-N01",
        "parent_submarket_id": "SEOUL-DONGDAEMUN-JEONNONG-SM01",
        "node_type": "anchor",
        "name": "청량리",
        "address": null,
        "latitude": null,
        "longitude": null,
        "source_id": "SRC-V1-FRAMEONE",
        "field_survey_priority": "B",
        "notes": "좌표·주소 확인 필요; v1 텍스트에서 분리",
        "status": "text_only"
      },
      "geometry": null
    },
    {
      "type": "Feature",
      "id": "SEOUL-DONGDAEMUN-JEONNONG-SM01-N02",
      "properties": {
        "node_id": "SEOUL-DONGDAEMUN-JEONNONG-SM01-N02",
        "parent_submarket_id": "SEOUL-DONGDAEMUN-JEONNONG-SM01",
        "node_type": "street",
        "name": "전농로",
        "address": null,
        "latitude": null,
        "longitude": null,
        "source_id": "SRC-V1-FRAMEONE",
        "field_survey_priority": "B",
        "notes": "좌표·주소 확인 필요; v1 텍스트에서 분리",
        "status": "text_only"
      },
      "geometry": null
    },
    {
      "type": "Feature",
      "id": "SEOUL-DONGDAEMUN-JEONNONG-SM01-N03",
      "properties": {
        "node_id": "SEOUL-DONGDAEMUN-JEONNONG-SM01-N03",
        "parent_submarket_id": "SEOUL-DONGDAEMUN-JEONNONG-SM01",
        "node_type": "street",
        "name": "답십리로",
        "address": null,
        "latitude": null,
        "longitude": null,
        "source_id": "SRC-V1-FRAMEONE",
        "field_survey_priority": "B",
        "notes": "좌표·주소 확인 필요; v1 텍스트에서 분리",
        "status": "text_only"
      },
      "geometry": null
    },
    {
      "type": "Feature",
      "id": "SEOUL-DONGDAEMUN-JEGI-YONGDU-SINSEOL-SM01-N01",
      "properties": {
        "node_id": "SEOUL-DONGDAEMUN-JEGI-YONGDU-SINSEOL-SM01-N01",
        "parent_submarket_id": "SEOUL-DONGDAEMUN-JEGI-YONGDU-SINSEOL-SM01",
        "node_type": "anchor",
        "name": "제기동",
        "address": null,
        "latitude": null,
        "longitude": null,
        "source_id": "SRC-V1-FRAMEONE",
        "field_survey_priority": "C",
        "notes": "좌표·주소 확인 필요; v1 텍스트에서 분리",
        "status": "text_only"
      },
      "geometry": null
    },
    {
      "type": "Feature",
      "id": "SEOUL-DONGDAEMUN-JEGI-YONGDU-SINSEOL-SM01-N02",
      "properties": {
        "node_id": "SEOUL-DONGDAEMUN-JEGI-YONGDU-SINSEOL-SM01-N02",
        "parent_submarket_id": "SEOUL-DONGDAEMUN-JEGI-YONGDU-SINSEOL-SM01",
        "node_type": "anchor",
        "name": "용두",
        "address": null,
        "latitude": null,
        "longitude": null,
        "source_id": "SRC-V1-FRAMEONE",
        "field_survey_priority": "C",
        "notes": "좌표·주소 확인 필요; v1 텍스트에서 분리",
        "status": "text_only"
      },
      "geometry": null
    },
    {
      "type": "Feature",
      "id": "SEOUL-DONGDAEMUN-JEGI-YONGDU-SINSEOL-SM01-N03",
      "properties": {
        "node_id": "SEOUL-DONGDAEMUN-JEGI-YONGDU-SINSEOL-SM01-N03",
        "parent_submarket_id": "SEOUL-DONGDAEMUN-JEGI-YONGDU-SINSEOL-SM01",
        "node_type": "anchor",
        "name": "신설동",
        "address": null,
        "latitude": null,
        "longitude": null,
        "source_id": "SRC-V1-FRAMEONE",
        "field_survey_priority": "C",
        "notes": "좌표·주소 확인 필요; v1 텍스트에서 분리",
        "status": "text_only"
      },
      "geometry": null
    },
    {
      "type": "Feature",
      "id": "SEOUL-DONGDAEMUN-JEGI-YONGDU-SINSEOL-SM01-N04",
      "properties": {
        "node_id": "SEOUL-DONGDAEMUN-JEGI-YONGDU-SINSEOL-SM01-N04",
        "parent_submarket_id": "SEOUL-DONGDAEMUN-JEGI-YONGDU-SINSEOL-SM01",
        "node_type": "street",
        "name": "왕산로",
        "address": null,
        "latitude": null,
        "longitude": null,
        "source_id": "SRC-V1-FRAMEONE",
        "field_survey_priority": "C",
        "notes": "좌표·주소 확인 필요; v1 텍스트에서 분리",
        "status": "text_only"
      },
      "geometry": null
    },
    {
      "type": "Feature",
      "id": "SEOUL-DONGDAEMUN-JEGI-YONGDU-SINSEOL-SM01-N05",
      "properties": {
        "node_id": "SEOUL-DONGDAEMUN-JEGI-YONGDU-SINSEOL-SM01-N05",
        "parent_submarket_id": "SEOUL-DONGDAEMUN-JEGI-YONGDU-SINSEOL-SM01",
        "node_type": "street",
        "name": "무학로",
        "address": null,
        "latitude": null,
        "longitude": null,
        "source_id": "SRC-V1-FRAMEONE",
        "field_survey_priority": "C",
        "notes": "좌표·주소 확인 필요; v1 텍스트에서 분리",
        "status": "text_only"
      },
      "geometry": null
    },
    {
      "type": "Feature",
      "id": "SEOUL-DONGDAEMUN-JEGI-YONGDU-SINSEOL-SM01-N06",
      "properties": {
        "node_id": "SEOUL-DONGDAEMUN-JEGI-YONGDU-SINSEOL-SM01-N06",
        "parent_submarket_id": "SEOUL-DONGDAEMUN-JEGI-YONGDU-SINSEOL-SM01",
        "node_type": "traditional_market",
        "name": "경동시장",
        "address": null,
        "latitude": null,
        "longitude": null,
        "source_id": "SRC-V1-FRAMEONE",
        "field_survey_priority": "C",
        "notes": "좌표·주소 확인 필요; v1 텍스트에서 분리",
        "status": "text_only"
      },
      "geometry": null
    },
    {
      "type": "Feature",
      "id": "SEOUL-DONGDAEMUN-JEGI-YONGDU-SINSEOL-SM01-N07",
      "properties": {
        "node_id": "SEOUL-DONGDAEMUN-JEGI-YONGDU-SINSEOL-SM01-N07",
        "parent_submarket_id": "SEOUL-DONGDAEMUN-JEGI-YONGDU-SINSEOL-SM01",
        "node_type": "traditional_market",
        "name": "서울약령시장",
        "address": null,
        "latitude": null,
        "longitude": null,
        "source_id": "SRC-V1-FRAMEONE",
        "field_survey_priority": "C",
        "notes": "좌표·주소 확인 필요; v1 텍스트에서 분리",
        "status": "text_only"
      },
      "geometry": null
    },
    {
      "type": "Feature",
      "id": "SEOUL-DONGDAEMUN-JEGI-YONGDU-SINSEOL-SM01-N08",
      "properties": {
        "node_id": "SEOUL-DONGDAEMUN-JEGI-YONGDU-SINSEOL-SM01-N08",
        "parent_submarket_id": "SEOUL-DONGDAEMUN-JEGI-YONGDU-SINSEOL-SM01",
        "node_type": "station",
        "name": "신설동역",
        "address": null,
        "latitude": null,
        "longitude": null,
        "source_id": "SRC-V1-FRAMEONE",
        "field_survey_priority": "C",
        "notes": "좌표·주소 확인 필요; v1 텍스트에서 분리",
        "status": "text_only"
      },
      "geometry": null
    },
    {
      "type": "Feature",
      "id": "SEOUL-JUNGNANG-SANGBONG-SM01-N01",
      "properties": {
        "node_id": "SEOUL-JUNGNANG-SANGBONG-SM01-N01",
        "parent_submarket_id": "SEOUL-JUNGNANG-SANGBONG-SM01",
        "node_type": "anchor",
        "name": "상봉",
        "address": null,
        "latitude": null,
        "longitude": null,
        "source_id": "SRC-V1-FRAMEONE",
        "field_survey_priority": "C",
        "notes": "좌표·주소 확인 필요; v1 텍스트에서 분리",
        "status": "text_only"
      },
      "geometry": null
    },
    {
      "type": "Feature",
      "id": "SEOUL-JUNGNANG-SANGBONG-SM01-N02",
      "properties": {
        "node_id": "SEOUL-JUNGNANG-SANGBONG-SM01-N02",
        "parent_submarket_id": "SEOUL-JUNGNANG-SANGBONG-SM01",
        "node_type": "street",
        "name": "망우로",
        "address": null,
        "latitude": null,
        "longitude": null,
        "source_id": "SRC-V1-FRAMEONE",
        "field_survey_priority": "C",
        "notes": "좌표·주소 확인 필요; v1 텍스트에서 분리",
        "status": "text_only"
      },
      "geometry": null
    },
    {
      "type": "Feature",
      "id": "SEOUL-JUNGNANG-SANGBONG-SM01-N03",
      "properties": {
        "node_id": "SEOUL-JUNGNANG-SANGBONG-SM01-N03",
        "parent_submarket_id": "SEOUL-JUNGNANG-SANGBONG-SM01",
        "node_type": "street",
        "name": "상봉로",
        "address": null,
        "latitude": null,
        "longitude": null,
        "source_id": "SRC-V1-FRAMEONE",
        "field_survey_priority": "C",
        "notes": "좌표·주소 확인 필요; v1 텍스트에서 분리",
        "status": "text_only"
      },
      "geometry": null
    },
    {
      "type": "Feature",
      "id": "SEOUL-JUNGNANG-SANGBONG-SM01-N04",
      "properties": {
        "node_id": "SEOUL-JUNGNANG-SANGBONG-SM01-N04",
        "parent_submarket_id": "SEOUL-JUNGNANG-SANGBONG-SM01",
        "node_type": "station",
        "name": "상봉역",
        "address": null,
        "latitude": null,
        "longitude": null,
        "source_id": "SRC-V1-FRAMEONE",
        "field_survey_priority": "C",
        "notes": "좌표·주소 확인 필요; v1 텍스트에서 분리",
        "status": "text_only"
      },
      "geometry": null
    },
    {
      "type": "Feature",
      "id": "SEOUL-JUNGNANG-SANGBONG-SM01-N05",
      "properties": {
        "node_id": "SEOUL-JUNGNANG-SANGBONG-SM01-N05",
        "parent_submarket_id": "SEOUL-JUNGNANG-SANGBONG-SM01",
        "node_type": "anchor",
        "name": "코스트코",
        "address": null,
        "latitude": null,
        "longitude": null,
        "source_id": "SRC-V1-FRAMEONE",
        "field_survey_priority": "C",
        "notes": "좌표·주소 확인 필요; v1 텍스트에서 분리",
        "status": "text_only"
      },
      "geometry": null
    },
    {
      "type": "Feature",
      "id": "SEOUL-JUNGNANG-MANGU-SM01-N01",
      "properties": {
        "node_id": "SEOUL-JUNGNANG-MANGU-SM01-N01",
        "parent_submarket_id": "SEOUL-JUNGNANG-MANGU-SM01",
        "node_type": "anchor",
        "name": "망우",
        "address": null,
        "latitude": null,
        "longitude": null,
        "source_id": "SRC-V1-FRAMEONE",
        "field_survey_priority": "C",
        "notes": "좌표·주소 확인 필요; v1 텍스트에서 분리",
        "status": "text_only"
      },
      "geometry": null
    },
    {
      "type": "Feature",
      "id": "SEOUL-JUNGNANG-MANGU-SM01-N02",
      "properties": {
        "node_id": "SEOUL-JUNGNANG-MANGU-SM01-N02",
        "parent_submarket_id": "SEOUL-JUNGNANG-MANGU-SM01",
        "node_type": "street",
        "name": "망우로",
        "address": null,
        "latitude": null,
        "longitude": null,
        "source_id": "SRC-V1-FRAMEONE",
        "field_survey_priority": "C",
        "notes": "좌표·주소 확인 필요; v1 텍스트에서 분리",
        "status": "text_only"
      },
      "geometry": null
    },
    {
      "type": "Feature",
      "id": "SEOUL-JUNGNANG-MANGU-SM01-N03",
      "properties": {
        "node_id": "SEOUL-JUNGNANG-MANGU-SM01-N03",
        "parent_submarket_id": "SEOUL-JUNGNANG-MANGU-SM01",
        "node_type": "street",
        "name": "용마산로",
        "address": null,
        "latitude": null,
        "longitude": null,
        "source_id": "SRC-V1-FRAMEONE",
        "field_survey_priority": "C",
        "notes": "좌표·주소 확인 필요; v1 텍스트에서 분리",
        "status": "text_only"
      },
      "geometry": null
    },
    {
      "type": "Feature",
      "id": "SEOUL-JUNGNANG-MANGU-SM01-N04",
      "properties": {
        "node_id": "SEOUL-JUNGNANG-MANGU-SM01-N04",
        "parent_submarket_id": "SEOUL-JUNGNANG-MANGU-SM01",
        "node_type": "station",
        "name": "망우역",
        "address": null,
        "latitude": null,
        "longitude": null,
        "source_id": "SRC-V1-FRAMEONE",
        "field_survey_priority": "C",
        "notes": "좌표·주소 확인 필요; v1 텍스트에서 분리",
        "status": "text_only"
      },
      "geometry": null
    },
    {
      "type": "Feature",
      "id": "SEOUL-JUNGNANG-MANGU-SM01-N05",
      "properties": {
        "node_id": "SEOUL-JUNGNANG-MANGU-SM01-N05",
        "parent_submarket_id": "SEOUL-JUNGNANG-MANGU-SM01",
        "node_type": "traditional_market",
        "name": "우림시장",
        "address": null,
        "latitude": null,
        "longitude": null,
        "source_id": "SRC-V1-FRAMEONE",
        "field_survey_priority": "C",
        "notes": "좌표·주소 확인 필요; v1 텍스트에서 분리",
        "status": "text_only"
      },
      "geometry": null
    },
    {
      "type": "Feature",
      "id": "SEOUL-JUNGNANG-MYEONMOK-SAGAJEONG-SM01-N01",
      "properties": {
        "node_id": "SEOUL-JUNGNANG-MYEONMOK-SAGAJEONG-SM01-N01",
        "parent_submarket_id": "SEOUL-JUNGNANG-MYEONMOK-SAGAJEONG-SM01",
        "node_type": "anchor",
        "name": "사가정",
        "address": null,
        "latitude": null,
        "longitude": null,
        "source_id": "SRC-V1-FRAMEONE",
        "field_survey_priority": "B",
        "notes": "좌표·주소 확인 필요; v1 텍스트에서 분리",
        "status": "text_only"
      },
      "geometry": null
    },
    {
      "type": "Feature",
      "id": "SEOUL-JUNGNANG-MYEONMOK-SAGAJEONG-SM01-N02",
      "properties": {
        "node_id": "SEOUL-JUNGNANG-MYEONMOK-SAGAJEONG-SM01-N02",
        "parent_submarket_id": "SEOUL-JUNGNANG-MYEONMOK-SAGAJEONG-SM01",
        "node_type": "anchor",
        "name": "면목",
        "address": null,
        "latitude": null,
        "longitude": null,
        "source_id": "SRC-V1-FRAMEONE",
        "field_survey_priority": "B",
        "notes": "좌표·주소 확인 필요; v1 텍스트에서 분리",
        "status": "text_only"
      },
      "geometry": null
    },
    {
      "type": "Feature",
      "id": "SEOUL-JUNGNANG-MYEONMOK-SAGAJEONG-SM01-N03",
      "properties": {
        "node_id": "SEOUL-JUNGNANG-MYEONMOK-SAGAJEONG-SM01-N03",
        "parent_submarket_id": "SEOUL-JUNGNANG-MYEONMOK-SAGAJEONG-SM01",
        "node_type": "street",
        "name": "사가정로",
        "address": null,
        "latitude": null,
        "longitude": null,
        "source_id": "SRC-V1-FRAMEONE",
        "field_survey_priority": "B",
        "notes": "좌표·주소 확인 필요; v1 텍스트에서 분리",
        "status": "text_only"
      },
      "geometry": null
    },
    {
      "type": "Feature",
      "id": "SEOUL-JUNGNANG-MYEONMOK-SAGAJEONG-SM01-N04",
      "properties": {
        "node_id": "SEOUL-JUNGNANG-MYEONMOK-SAGAJEONG-SM01-N04",
        "parent_submarket_id": "SEOUL-JUNGNANG-MYEONMOK-SAGAJEONG-SM01",
        "node_type": "street",
        "name": "면목로",
        "address": null,
        "latitude": null,
        "longitude": null,
        "source_id": "SRC-V1-FRAMEONE",
        "field_survey_priority": "B",
        "notes": "좌표·주소 확인 필요; v1 텍스트에서 분리",
        "status": "text_only"
      },
      "geometry": null
    },
    {
      "type": "Feature",
      "id": "SEOUL-JUNGNANG-MYEONMOK-SAGAJEONG-SM01-N05",
      "properties": {
        "node_id": "SEOUL-JUNGNANG-MYEONMOK-SAGAJEONG-SM01-N05",
        "parent_submarket_id": "SEOUL-JUNGNANG-MYEONMOK-SAGAJEONG-SM01",
        "node_type": "station",
        "name": "사가정역",
        "address": null,
        "latitude": null,
        "longitude": null,
        "source_id": "SRC-V1-FRAMEONE",
        "field_survey_priority": "B",
        "notes": "좌표·주소 확인 필요; v1 텍스트에서 분리",
        "status": "text_only"
      },
      "geometry": null
    },
    {
      "type": "Feature",
      "id": "SEOUL-JUNGNANG-MYEONMOK-SAGAJEONG-SM01-N06",
      "properties": {
        "node_id": "SEOUL-JUNGNANG-MYEONMOK-SAGAJEONG-SM01-N06",
        "parent_submarket_id": "SEOUL-JUNGNANG-MYEONMOK-SAGAJEONG-SM01",
        "node_type": "traditional_market",
        "name": "면목시장",
        "address": null,
        "latitude": null,
        "longitude": null,
        "source_id": "SRC-V1-FRAMEONE",
        "field_survey_priority": "B",
        "notes": "좌표·주소 확인 필요; v1 텍스트에서 분리",
        "status": "text_only"
      },
      "geometry": null
    },
    {
      "type": "Feature",
      "id": "SEOUL-JUNGNANG-SINNAE-SM01-N01",
      "properties": {
        "node_id": "SEOUL-JUNGNANG-SINNAE-SM01-N01",
        "parent_submarket_id": "SEOUL-JUNGNANG-SINNAE-SM01",
        "node_type": "anchor",
        "name": "신내",
        "address": null,
        "latitude": null,
        "longitude": null,
        "source_id": "SRC-V1-FRAMEONE",
        "field_survey_priority": "S",
        "notes": "좌표·주소 확인 필요; v1 텍스트에서 분리",
        "status": "text_only"
      },
      "geometry": null
    },
    {
      "type": "Feature",
      "id": "SEOUL-JUNGNANG-SINNAE-SM01-N02",
      "properties": {
        "node_id": "SEOUL-JUNGNANG-SINNAE-SM01-N02",
        "parent_submarket_id": "SEOUL-JUNGNANG-SINNAE-SM01",
        "node_type": "anchor",
        "name": "봉화산",
        "address": null,
        "latitude": null,
        "longitude": null,
        "source_id": "SRC-V1-FRAMEONE",
        "field_survey_priority": "S",
        "notes": "좌표·주소 확인 필요; v1 텍스트에서 분리",
        "status": "text_only"
      },
      "geometry": null
    },
    {
      "type": "Feature",
      "id": "SEOUL-JUNGNANG-SINNAE-SM01-N03",
      "properties": {
        "node_id": "SEOUL-JUNGNANG-SINNAE-SM01-N03",
        "parent_submarket_id": "SEOUL-JUNGNANG-SINNAE-SM01",
        "node_type": "street",
        "name": "신내로",
        "address": null,
        "latitude": null,
        "longitude": null,
        "source_id": "SRC-V1-FRAMEONE",
        "field_survey_priority": "S",
        "notes": "좌표·주소 확인 필요; v1 텍스트에서 분리",
        "status": "text_only"
      },
      "geometry": null
    },
    {
      "type": "Feature",
      "id": "SEOUL-JUNGNANG-SINNAE-SM01-N04",
      "properties": {
        "node_id": "SEOUL-JUNGNANG-SINNAE-SM01-N04",
        "parent_submarket_id": "SEOUL-JUNGNANG-SINNAE-SM01",
        "node_type": "street",
        "name": "봉화산로",
        "address": null,
        "latitude": null,
        "longitude": null,
        "source_id": "SRC-V1-FRAMEONE",
        "field_survey_priority": "S",
        "notes": "좌표·주소 확인 필요; v1 텍스트에서 분리",
        "status": "text_only"
      },
      "geometry": null
    },
    {
      "type": "Feature",
      "id": "SEOUL-JUNGNANG-SINNAE-SM01-N05",
      "properties": {
        "node_id": "SEOUL-JUNGNANG-SINNAE-SM01-N05",
        "parent_submarket_id": "SEOUL-JUNGNANG-SINNAE-SM01",
        "node_type": "station",
        "name": "신내역",
        "address": null,
        "latitude": null,
        "longitude": null,
        "source_id": "SRC-V1-FRAMEONE",
        "field_survey_priority": "S",
        "notes": "좌표·주소 확인 필요; v1 텍스트에서 분리",
        "status": "text_only"
      },
      "geometry": null
    },
    {
      "type": "Feature",
      "id": "SEOUL-JUNGNANG-JUNGHWA-SM01-N01",
      "properties": {
        "node_id": "SEOUL-JUNGNANG-JUNGHWA-SM01-N01",
        "parent_submarket_id": "SEOUL-JUNGNANG-JUNGHWA-SM01",
        "node_type": "anchor",
        "name": "중화",
        "address": null,
        "latitude": null,
        "longitude": null,
        "source_id": "SRC-V1-FRAMEONE",
        "field_survey_priority": "D",
        "notes": "좌표·주소 확인 필요; v1 텍스트에서 분리",
        "status": "text_only"
      },
      "geometry": null
    },
    {
      "type": "Feature",
      "id": "SEOUL-JUNGNANG-JUNGHWA-SM01-N02",
      "properties": {
        "node_id": "SEOUL-JUNGNANG-JUNGHWA-SM01-N02",
        "parent_submarket_id": "SEOUL-JUNGNANG-JUNGHWA-SM01",
        "node_type": "street",
        "name": "동일로",
        "address": null,
        "latitude": null,
        "longitude": null,
        "source_id": "SRC-V1-FRAMEONE",
        "field_survey_priority": "D",
        "notes": "좌표·주소 확인 필요; v1 텍스트에서 분리",
        "status": "text_only"
      },
      "geometry": null
    },
    {
      "type": "Feature",
      "id": "SEOUL-JUNGNANG-JUNGHWA-SM02-N03",
      "properties": {
        "node_id": "SEOUL-JUNGNANG-JUNGHWA-SM02-N03",
        "parent_submarket_id": "SEOUL-JUNGNANG-JUNGHWA-SM02",
        "node_type": "street",
        "name": "중랑천로",
        "address": null,
        "latitude": null,
        "longitude": null,
        "source_id": "SRC-V1-FRAMEONE",
        "field_survey_priority": "D",
        "notes": "좌표·주소 확인 필요; v1 텍스트에서 분리",
        "status": "text_only"
      },
      "geometry": null
    },
    {
      "type": "Feature",
      "id": "SEOUL-JUNGNANG-JUNGHWA-SM01-N04",
      "properties": {
        "node_id": "SEOUL-JUNGNANG-JUNGHWA-SM01-N04",
        "parent_submarket_id": "SEOUL-JUNGNANG-JUNGHWA-SM01",
        "node_type": "station",
        "name": "중화역",
        "address": null,
        "latitude": null,
        "longitude": null,
        "source_id": "SRC-V1-FRAMEONE",
        "field_survey_priority": "D",
        "notes": "좌표·주소 확인 필요; v1 텍스트에서 분리",
        "status": "text_only"
      },
      "geometry": null
    },
    {
      "type": "Feature",
      "id": "SEOUL-SEONGBUK-SUNGSHIN-SM01-N01",
      "properties": {
        "node_id": "SEOUL-SEONGBUK-SUNGSHIN-SM01-N01",
        "parent_submarket_id": "SEOUL-SEONGBUK-SUNGSHIN-SM01",
        "node_type": "anchor",
        "name": "성신여대입구",
        "address": null,
        "latitude": null,
        "longitude": null,
        "source_id": "SRC-V1-FRAMEONE",
        "field_survey_priority": "A",
        "notes": "좌표·주소 확인 필요; v1 텍스트에서 분리",
        "status": "text_only"
      },
      "geometry": null
    },
    {
      "type": "Feature",
      "id": "SEOUL-SEONGBUK-SUNGSHIN-SM01-N02",
      "properties": {
        "node_id": "SEOUL-SEONGBUK-SUNGSHIN-SM01-N02",
        "parent_submarket_id": "SEOUL-SEONGBUK-SUNGSHIN-SM01",
        "node_type": "street",
        "name": "동소문로",
        "address": null,
        "latitude": null,
        "longitude": null,
        "source_id": "SRC-V1-FRAMEONE",
        "field_survey_priority": "A",
        "notes": "좌표·주소 확인 필요; v1 텍스트에서 분리",
        "status": "text_only"
      },
      "geometry": null
    },
    {
      "type": "Feature",
      "id": "SEOUL-SEONGBUK-SUNGSHIN-SM01-N03",
      "properties": {
        "node_id": "SEOUL-SEONGBUK-SUNGSHIN-SM01-N03",
        "parent_submarket_id": "SEOUL-SEONGBUK-SUNGSHIN-SM01",
        "node_type": "street",
        "name": "보문로",
        "address": null,
        "latitude": null,
        "longitude": null,
        "source_id": "SRC-V1-FRAMEONE",
        "field_survey_priority": "A",
        "notes": "좌표·주소 확인 필요; v1 텍스트에서 분리",
        "status": "text_only"
      },
      "geometry": null
    },
    {
      "type": "Feature",
      "id": "SEOUL-SEONGBUK-SUNGSHIN-SM01-N04",
      "properties": {
        "node_id": "SEOUL-SEONGBUK-SUNGSHIN-SM01-N04",
        "parent_submarket_id": "SEOUL-SEONGBUK-SUNGSHIN-SM01",
        "node_type": "station",
        "name": "성신여대입구역",
        "address": null,
        "latitude": null,
        "longitude": null,
        "source_id": "SRC-V1-FRAMEONE",
        "field_survey_priority": "A",
        "notes": "좌표·주소 확인 필요; v1 텍스트에서 분리",
        "status": "text_only"
      },
      "geometry": null
    },
    {
      "type": "Feature",
      "id": "SEOUL-SEONGBUK-SUNGSHIN-SM01-N05",
      "properties": {
        "node_id": "SEOUL-SEONGBUK-SUNGSHIN-SM01-N05",
        "parent_submarket_id": "SEOUL-SEONGBUK-SUNGSHIN-SM01",
        "node_type": "traditional_market",
        "name": "돈암시장",
        "address": null,
        "latitude": null,
        "longitude": null,
        "source_id": "SRC-V1-FRAMEONE",
        "field_survey_priority": "A",
        "notes": "좌표·주소 확인 필요; v1 텍스트에서 분리",
        "status": "text_only"
      },
      "geometry": null
    },
    {
      "type": "Feature",
      "id": "SEOUL-SEONGBUK-ANAM-KOREAUNIV-SM01-N01",
      "properties": {
        "node_id": "SEOUL-SEONGBUK-ANAM-KOREAUNIV-SM01-N01",
        "parent_submarket_id": "SEOUL-SEONGBUK-ANAM-KOREAUNIV-SM01",
        "node_type": "anchor",
        "name": "안암",
        "address": null,
        "latitude": null,
        "longitude": null,
        "source_id": "SRC-V1-FRAMEONE",
        "field_survey_priority": "A",
        "notes": "좌표·주소 확인 필요; v1 텍스트에서 분리",
        "status": "text_only"
      },
      "geometry": null
    },
    {
      "type": "Feature",
      "id": "SEOUL-SEONGBUK-ANAM-KOREAUNIV-SM01-N02",
      "properties": {
        "node_id": "SEOUL-SEONGBUK-ANAM-KOREAUNIV-SM01-N02",
        "parent_submarket_id": "SEOUL-SEONGBUK-ANAM-KOREAUNIV-SM01",
        "node_type": "anchor",
        "name": "고려대",
        "address": null,
        "latitude": null,
        "longitude": null,
        "source_id": "SRC-V1-FRAMEONE",
        "field_survey_priority": "A",
        "notes": "좌표·주소 확인 필요; v1 텍스트에서 분리",
        "status": "text_only"
      },
      "geometry": null
    },
    {
      "type": "Feature",
      "id": "SEOUL-SEONGBUK-ANAM-KOREAUNIV-SM01-N03",
      "properties": {
        "node_id": "SEOUL-SEONGBUK-ANAM-KOREAUNIV-SM01-N03",
        "parent_submarket_id": "SEOUL-SEONGBUK-ANAM-KOREAUNIV-SM01",
        "node_type": "street",
        "name": "안암로",
        "address": null,
        "latitude": null,
        "longitude": null,
        "source_id": "SRC-V1-FRAMEONE",
        "field_survey_priority": "A",
        "notes": "좌표·주소 확인 필요; v1 텍스트에서 분리",
        "status": "text_only"
      },
      "geometry": null
    },
    {
      "type": "Feature",
      "id": "SEOUL-SEONGBUK-ANAM-KOREAUNIV-SM01-N04",
      "properties": {
        "node_id": "SEOUL-SEONGBUK-ANAM-KOREAUNIV-SM01-N04",
        "parent_submarket_id": "SEOUL-SEONGBUK-ANAM-KOREAUNIV-SM01",
        "node_type": "street",
        "name": "개운사길",
        "address": null,
        "latitude": null,
        "longitude": null,
        "source_id": "SRC-V1-FRAMEONE",
        "field_survey_priority": "A",
        "notes": "좌표·주소 확인 필요; v1 텍스트에서 분리",
        "status": "text_only"
      },
      "geometry": null
    },
    {
      "type": "Feature",
      "id": "SEOUL-SEONGBUK-ANAM-KOREAUNIV-SM01-N05",
      "properties": {
        "node_id": "SEOUL-SEONGBUK-ANAM-KOREAUNIV-SM01-N05",
        "parent_submarket_id": "SEOUL-SEONGBUK-ANAM-KOREAUNIV-SM01",
        "node_type": "university",
        "name": "고려대 정문",
        "address": null,
        "latitude": null,
        "longitude": null,
        "source_id": "SRC-V1-FRAMEONE",
        "field_survey_priority": "A",
        "notes": "좌표·주소 확인 필요; v1 텍스트에서 분리",
        "status": "text_only"
      },
      "geometry": null
    },
    {
      "type": "Feature",
      "id": "SEOUL-SEONGBUK-ANAM-KOREAUNIV-SM01-N06",
      "properties": {
        "node_id": "SEOUL-SEONGBUK-ANAM-KOREAUNIV-SM01-N06",
        "parent_submarket_id": "SEOUL-SEONGBUK-ANAM-KOREAUNIV-SM01",
        "node_type": "station",
        "name": "안암역",
        "address": null,
        "latitude": null,
        "longitude": null,
        "source_id": "SRC-V1-FRAMEONE",
        "field_survey_priority": "A",
        "notes": "좌표·주소 확인 필요; v1 텍스트에서 분리",
        "status": "text_only"
      },
      "geometry": null
    },
    {
      "type": "Feature",
      "id": "SEOUL-SEONGBUK-ANAM-KOREAUNIV-SM01-N07",
      "properties": {
        "node_id": "SEOUL-SEONGBUK-ANAM-KOREAUNIV-SM01-N07",
        "parent_submarket_id": "SEOUL-SEONGBUK-ANAM-KOREAUNIV-SM01",
        "node_type": "university",
        "name": "고대병원",
        "address": null,
        "latitude": null,
        "longitude": null,
        "source_id": "SRC-V1-FRAMEONE",
        "field_survey_priority": "A",
        "notes": "좌표·주소 확인 필요; v1 텍스트에서 분리",
        "status": "text_only"
      },
      "geometry": null
    },
    {
      "type": "Feature",
      "id": "SEOUL-SEONGBUK-GIREUM-SM01-N01",
      "properties": {
        "node_id": "SEOUL-SEONGBUK-GIREUM-SM01-N01",
        "parent_submarket_id": "SEOUL-SEONGBUK-GIREUM-SM01",
        "node_type": "street",
        "name": "길음",
        "address": null,
        "latitude": null,
        "longitude": null,
        "source_id": "SRC-V1-FRAMEONE",
        "field_survey_priority": "S",
        "notes": "좌표·주소 확인 필요; v1 텍스트에서 분리",
        "status": "text_only"
      },
      "geometry": null
    },
    {
      "type": "Feature",
      "id": "SEOUL-SEONGBUK-GIREUM-SM01-N02",
      "properties": {
        "node_id": "SEOUL-SEONGBUK-GIREUM-SM01-N02",
        "parent_submarket_id": "SEOUL-SEONGBUK-GIREUM-SM01",
        "node_type": "street",
        "name": "동소문로",
        "address": null,
        "latitude": null,
        "longitude": null,
        "source_id": "SRC-V1-FRAMEONE",
        "field_survey_priority": "S",
        "notes": "좌표·주소 확인 필요; v1 텍스트에서 분리",
        "status": "text_only"
      },
      "geometry": null
    },
    {
      "type": "Feature",
      "id": "SEOUL-SEONGBUK-GIREUM-SM01-N03",
      "properties": {
        "node_id": "SEOUL-SEONGBUK-GIREUM-SM01-N03",
        "parent_submarket_id": "SEOUL-SEONGBUK-GIREUM-SM01",
        "node_type": "street",
        "name": "삼양로",
        "address": null,
        "latitude": null,
        "longitude": null,
        "source_id": "SRC-V1-FRAMEONE",
        "field_survey_priority": "S",
        "notes": "좌표·주소 확인 필요; v1 텍스트에서 분리",
        "status": "text_only"
      },
      "geometry": null
    },
    {
      "type": "Feature",
      "id": "SEOUL-SEONGBUK-GIREUM-SM01-N04",
      "properties": {
        "node_id": "SEOUL-SEONGBUK-GIREUM-SM01-N04",
        "parent_submarket_id": "SEOUL-SEONGBUK-GIREUM-SM01",
        "node_type": "station",
        "name": "길음역",
        "address": null,
        "latitude": null,
        "longitude": null,
        "source_id": "SRC-V1-FRAMEONE",
        "field_survey_priority": "S",
        "notes": "좌표·주소 확인 필요; v1 텍스트에서 분리",
        "status": "text_only"
      },
      "geometry": null
    },
    {
      "type": "Feature",
      "id": "SEOUL-SEONGBUK-HANSUNG-SEONGBUK-SM01-N01",
      "properties": {
        "node_id": "SEOUL-SEONGBUK-HANSUNG-SEONGBUK-SM01-N01",
        "parent_submarket_id": "SEOUL-SEONGBUK-HANSUNG-SEONGBUK-SM01",
        "node_type": "anchor",
        "name": "한성대입구",
        "address": null,
        "latitude": null,
        "longitude": null,
        "source_id": "SRC-V1-FRAMEONE",
        "field_survey_priority": "B",
        "notes": "좌표·주소 확인 필요; v1 텍스트에서 분리",
        "status": "text_only"
      },
      "geometry": null
    },
    {
      "type": "Feature",
      "id": "SEOUL-SEONGBUK-HANSUNG-SEONGBUK-SM01-N02",
      "properties": {
        "node_id": "SEOUL-SEONGBUK-HANSUNG-SEONGBUK-SM01-N02",
        "parent_submarket_id": "SEOUL-SEONGBUK-HANSUNG-SEONGBUK-SM01",
        "node_type": "street",
        "name": "성북로",
        "address": null,
        "latitude": null,
        "longitude": null,
        "source_id": "SRC-V1-FRAMEONE",
        "field_survey_priority": "B",
        "notes": "좌표·주소 확인 필요; v1 텍스트에서 분리",
        "status": "text_only"
      },
      "geometry": null
    },
    {
      "type": "Feature",
      "id": "SEOUL-SEONGBUK-HANSUNG-SEONGBUK-SM01-N03",
      "properties": {
        "node_id": "SEOUL-SEONGBUK-HANSUNG-SEONGBUK-SM01-N03",
        "parent_submarket_id": "SEOUL-SEONGBUK-HANSUNG-SEONGBUK-SM01",
        "node_type": "street",
        "name": "동소문로",
        "address": null,
        "latitude": null,
        "longitude": null,
        "source_id": "SRC-V1-FRAMEONE",
        "field_survey_priority": "B",
        "notes": "좌표·주소 확인 필요; v1 텍스트에서 분리",
        "status": "text_only"
      },
      "geometry": null
    },
    {
      "type": "Feature",
      "id": "SEOUL-SEONGBUK-HANSUNG-SEONGBUK-SM01-N04",
      "properties": {
        "node_id": "SEOUL-SEONGBUK-HANSUNG-SEONGBUK-SM01-N04",
        "parent_submarket_id": "SEOUL-SEONGBUK-HANSUNG-SEONGBUK-SM01",
        "node_type": "station",
        "name": "한성대입구역",
        "address": null,
        "latitude": null,
        "longitude": null,
        "source_id": "SRC-V1-FRAMEONE",
        "field_survey_priority": "B",
        "notes": "좌표·주소 확인 필요; v1 텍스트에서 분리",
        "status": "text_only"
      },
      "geometry": null
    },
    {
      "type": "Feature",
      "id": "SEOUL-SEONGBUK-SEOKGYE-JANGWI-SM01-N01",
      "properties": {
        "node_id": "SEOUL-SEONGBUK-SEOKGYE-JANGWI-SM01-N01",
        "parent_submarket_id": "SEOUL-SEONGBUK-SEOKGYE-JANGWI-SM01",
        "node_type": "anchor",
        "name": "석계",
        "address": null,
        "latitude": null,
        "longitude": null,
        "source_id": "SRC-V1-FRAMEONE",
        "field_survey_priority": "A",
        "notes": "좌표·주소 확인 필요; v1 텍스트에서 분리",
        "status": "text_only"
      },
      "geometry": null
    },
    {
      "type": "Feature",
      "id": "SEOUL-SEONGBUK-SEOKGYE-JANGWI-SM03-N02",
      "properties": {
        "node_id": "SEOUL-SEONGBUK-SEOKGYE-JANGWI-SM03-N02",
        "parent_submarket_id": "SEOUL-SEONGBUK-SEOKGYE-JANGWI-SM03",
        "node_type": "anchor",
        "name": "돌곶이",
        "address": null,
        "latitude": null,
        "longitude": null,
        "source_id": "SRC-V1-FRAMEONE",
        "field_survey_priority": "A",
        "notes": "좌표·주소 확인 필요; v1 텍스트에서 분리",
        "status": "text_only"
      },
      "geometry": null
    },
    {
      "type": "Feature",
      "id": "SEOUL-SEONGBUK-SEOKGYE-JANGWI-SM01-N03",
      "properties": {
        "node_id": "SEOUL-SEONGBUK-SEOKGYE-JANGWI-SM01-N03",
        "parent_submarket_id": "SEOUL-SEONGBUK-SEOKGYE-JANGWI-SM01",
        "node_type": "street",
        "name": "화랑로",
        "address": null,
        "latitude": null,
        "longitude": null,
        "source_id": "SRC-V1-FRAMEONE",
        "field_survey_priority": "A",
        "notes": "좌표·주소 확인 필요; v1 텍스트에서 분리",
        "status": "text_only"
      },
      "geometry": null
    },
    {
      "type": "Feature",
      "id": "SEOUL-SEONGBUK-SEOKGYE-JANGWI-SM01-N04",
      "properties": {
        "node_id": "SEOUL-SEONGBUK-SEOKGYE-JANGWI-SM01-N04",
        "parent_submarket_id": "SEOUL-SEONGBUK-SEOKGYE-JANGWI-SM01",
        "node_type": "street",
        "name": "한천로",
        "address": null,
        "latitude": null,
        "longitude": null,
        "source_id": "SRC-V1-FRAMEONE",
        "field_survey_priority": "A",
        "notes": "좌표·주소 확인 필요; v1 텍스트에서 분리",
        "status": "text_only"
      },
      "geometry": null
    },
    {
      "type": "Feature",
      "id": "SEOUL-SEONGBUK-SEOKGYE-JANGWI-SM01-N05",
      "properties": {
        "node_id": "SEOUL-SEONGBUK-SEOKGYE-JANGWI-SM01-N05",
        "parent_submarket_id": "SEOUL-SEONGBUK-SEOKGYE-JANGWI-SM01",
        "node_type": "station",
        "name": "석계역",
        "address": null,
        "latitude": null,
        "longitude": null,
        "source_id": "SRC-V1-FRAMEONE",
        "field_survey_priority": "A",
        "notes": "좌표·주소 확인 필요; v1 텍스트에서 분리",
        "status": "text_only"
      },
      "geometry": null
    },
    {
      "type": "Feature",
      "id": "SEOUL-SEONGBUK-SEOKGYE-JANGWI-SM03-N06",
      "properties": {
        "node_id": "SEOUL-SEONGBUK-SEOKGYE-JANGWI-SM03-N06",
        "parent_submarket_id": "SEOUL-SEONGBUK-SEOKGYE-JANGWI-SM03",
        "node_type": "station",
        "name": "돌곶이역",
        "address": null,
        "latitude": null,
        "longitude": null,
        "source_id": "SRC-V1-FRAMEONE",
        "field_survey_priority": "A",
        "notes": "좌표·주소 확인 필요; v1 텍스트에서 분리",
        "status": "text_only"
      },
      "geometry": null
    },
    {
      "type": "Feature",
      "id": "SEOUL-SEONGBUK-JEONGNEUNG-SM01-N01",
      "properties": {
        "node_id": "SEOUL-SEONGBUK-JEONGNEUNG-SM01-N01",
        "parent_submarket_id": "SEOUL-SEONGBUK-JEONGNEUNG-SM01",
        "node_type": "anchor",
        "name": "정릉",
        "address": null,
        "latitude": null,
        "longitude": null,
        "source_id": "SRC-V1-FRAMEONE",
        "field_survey_priority": "C",
        "notes": "좌표·주소 확인 필요; v1 텍스트에서 분리",
        "status": "text_only"
      },
      "geometry": null
    },
    {
      "type": "Feature",
      "id": "SEOUL-SEONGBUK-JEONGNEUNG-SM01-N02",
      "properties": {
        "node_id": "SEOUL-SEONGBUK-JEONGNEUNG-SM01-N02",
        "parent_submarket_id": "SEOUL-SEONGBUK-JEONGNEUNG-SM01",
        "node_type": "street",
        "name": "정릉로",
        "address": null,
        "latitude": null,
        "longitude": null,
        "source_id": "SRC-V1-FRAMEONE",
        "field_survey_priority": "C",
        "notes": "좌표·주소 확인 필요; v1 텍스트에서 분리",
        "status": "text_only"
      },
      "geometry": null
    },
    {
      "type": "Feature",
      "id": "SEOUL-SEONGBUK-JEONGNEUNG-SM01-N03",
      "properties": {
        "node_id": "SEOUL-SEONGBUK-JEONGNEUNG-SM01-N03",
        "parent_submarket_id": "SEOUL-SEONGBUK-JEONGNEUNG-SM01",
        "node_type": "street",
        "name": "보국문로",
        "address": null,
        "latitude": null,
        "longitude": null,
        "source_id": "SRC-V1-FRAMEONE",
        "field_survey_priority": "C",
        "notes": "좌표·주소 확인 필요; v1 텍스트에서 분리",
        "status": "text_only"
      },
      "geometry": null
    },
    {
      "type": "Feature",
      "id": "SEOUL-SEONGBUK-JEONGNEUNG-SM01-N04",
      "properties": {
        "node_id": "SEOUL-SEONGBUK-JEONGNEUNG-SM01-N04",
        "parent_submarket_id": "SEOUL-SEONGBUK-JEONGNEUNG-SM01",
        "node_type": "traditional_market",
        "name": "정릉시장",
        "address": null,
        "latitude": null,
        "longitude": null,
        "source_id": "SRC-V1-FRAMEONE",
        "field_survey_priority": "C",
        "notes": "좌표·주소 확인 필요; v1 텍스트에서 분리",
        "status": "text_only"
      },
      "geometry": null
    },
    {
      "type": "Feature",
      "id": "SEOUL-GANGBUK-SUYU-SM01-N01",
      "properties": {
        "node_id": "SEOUL-GANGBUK-SUYU-SM01-N01",
        "parent_submarket_id": "SEOUL-GANGBUK-SUYU-SM01",
        "node_type": "anchor",
        "name": "수유",
        "address": null,
        "latitude": null,
        "longitude": null,
        "source_id": "SRC-V1-FRAMEONE",
        "field_survey_priority": "B",
        "notes": "좌표·주소 확인 필요; v1 텍스트에서 분리",
        "status": "text_only"
      },
      "geometry": null
    },
    {
      "type": "Feature",
      "id": "SEOUL-GANGBUK-SUYU-SM01-N02",
      "properties": {
        "node_id": "SEOUL-GANGBUK-SUYU-SM01-N02",
        "parent_submarket_id": "SEOUL-GANGBUK-SUYU-SM01",
        "node_type": "street",
        "name": "도봉로",
        "address": null,
        "latitude": null,
        "longitude": null,
        "source_id": "SRC-V1-FRAMEONE",
        "field_survey_priority": "B",
        "notes": "좌표·주소 확인 필요; v1 텍스트에서 분리",
        "status": "text_only"
      },
      "geometry": null
    },
    {
      "type": "Feature",
      "id": "SEOUL-GANGBUK-SUYU-SM01-N03",
      "properties": {
        "node_id": "SEOUL-GANGBUK-SUYU-SM01-N03",
        "parent_submarket_id": "SEOUL-GANGBUK-SUYU-SM01",
        "node_type": "street",
        "name": "노해로",
        "address": null,
        "latitude": null,
        "longitude": null,
        "source_id": "SRC-V1-FRAMEONE",
        "field_survey_priority": "B",
        "notes": "좌표·주소 확인 필요; v1 텍스트에서 분리",
        "status": "text_only"
      },
      "geometry": null
    },
    {
      "type": "Feature",
      "id": "SEOUL-GANGBUK-SUYU-SM01-N04",
      "properties": {
        "node_id": "SEOUL-GANGBUK-SUYU-SM01-N04",
        "parent_submarket_id": "SEOUL-GANGBUK-SUYU-SM01",
        "node_type": "station",
        "name": "수유역",
        "address": null,
        "latitude": null,
        "longitude": null,
        "source_id": "SRC-V1-FRAMEONE",
        "field_survey_priority": "B",
        "notes": "좌표·주소 확인 필요; v1 텍스트에서 분리",
        "status": "text_only"
      },
      "geometry": null
    },
    {
      "type": "Feature",
      "id": "SEOUL-GANGBUK-MIASAGEORI-SM01-N01",
      "properties": {
        "node_id": "SEOUL-GANGBUK-MIASAGEORI-SM01-N01",
        "parent_submarket_id": "SEOUL-GANGBUK-MIASAGEORI-SM01",
        "node_type": "intersection",
        "name": "미아사거리",
        "address": null,
        "latitude": null,
        "longitude": null,
        "source_id": "SRC-V1-FRAMEONE",
        "field_survey_priority": "A",
        "notes": "좌표·주소 확인 필요; v1 텍스트에서 분리",
        "status": "text_only"
      },
      "geometry": null
    },
    {
      "type": "Feature",
      "id": "SEOUL-GANGBUK-MIASAGEORI-SM01-N02",
      "properties": {
        "node_id": "SEOUL-GANGBUK-MIASAGEORI-SM01-N02",
        "parent_submarket_id": "SEOUL-GANGBUK-MIASAGEORI-SM01",
        "node_type": "street",
        "name": "도봉로",
        "address": null,
        "latitude": null,
        "longitude": null,
        "source_id": "SRC-V1-FRAMEONE",
        "field_survey_priority": "A",
        "notes": "좌표·주소 확인 필요; v1 텍스트에서 분리",
        "status": "text_only"
      },
      "geometry": null
    },
    {
      "type": "Feature",
      "id": "SEOUL-GANGBUK-MIASAGEORI-SM01-N03",
      "properties": {
        "node_id": "SEOUL-GANGBUK-MIASAGEORI-SM01-N03",
        "parent_submarket_id": "SEOUL-GANGBUK-MIASAGEORI-SM01",
        "node_type": "street",
        "name": "월계로",
        "address": null,
        "latitude": null,
        "longitude": null,
        "source_id": "SRC-V1-FRAMEONE",
        "field_survey_priority": "A",
        "notes": "좌표·주소 확인 필요; v1 텍스트에서 분리",
        "status": "text_only"
      },
      "geometry": null
    },
    {
      "type": "Feature",
      "id": "SEOUL-GANGBUK-MIASAGEORI-SM01-N04",
      "properties": {
        "node_id": "SEOUL-GANGBUK-MIASAGEORI-SM01-N04",
        "parent_submarket_id": "SEOUL-GANGBUK-MIASAGEORI-SM01",
        "node_type": "station",
        "name": "미아사거리역",
        "address": null,
        "latitude": null,
        "longitude": null,
        "source_id": "SRC-V1-FRAMEONE",
        "field_survey_priority": "A",
        "notes": "좌표·주소 확인 필요; v1 텍스트에서 분리",
        "status": "text_only"
      },
      "geometry": null
    },
    {
      "type": "Feature",
      "id": "SEOUL-GANGBUK-MIASAGEORI-SM01-N05",
      "properties": {
        "node_id": "SEOUL-GANGBUK-MIASAGEORI-SM01-N05",
        "parent_submarket_id": "SEOUL-GANGBUK-MIASAGEORI-SM01",
        "node_type": "shopping",
        "name": "롯데백화점",
        "address": null,
        "latitude": null,
        "longitude": null,
        "source_id": "SRC-V1-FRAMEONE",
        "field_survey_priority": "A",
        "notes": "좌표·주소 확인 필요; v1 텍스트에서 분리",
        "status": "text_only"
      },
      "geometry": null
    },
    {
      "type": "Feature",
      "id": "SEOUL-GANGBUK-MIA-BEON-SM01-N01",
      "properties": {
        "node_id": "SEOUL-GANGBUK-MIA-BEON-SM01-N01",
        "parent_submarket_id": "SEOUL-GANGBUK-MIA-BEON-SM01",
        "node_type": "anchor",
        "name": "미아",
        "address": null,
        "latitude": null,
        "longitude": null,
        "source_id": "SRC-V1-FRAMEONE",
        "field_survey_priority": "C",
        "notes": "좌표·주소 확인 필요; v1 텍스트에서 분리",
        "status": "text_only"
      },
      "geometry": null
    },
    {
      "type": "Feature",
      "id": "SEOUL-GANGBUK-MIA-BEON-SM01-N02",
      "properties": {
        "node_id": "SEOUL-GANGBUK-MIA-BEON-SM01-N02",
        "parent_submarket_id": "SEOUL-GANGBUK-MIA-BEON-SM01",
        "node_type": "street",
        "name": "도봉로",
        "address": null,
        "latitude": null,
        "longitude": null,
        "source_id": "SRC-V1-FRAMEONE",
        "field_survey_priority": "C",
        "notes": "좌표·주소 확인 필요; v1 텍스트에서 분리",
        "status": "text_only"
      },
      "geometry": null
    },
    {
      "type": "Feature",
      "id": "SEOUL-GANGBUK-MIA-BEON-SM01-N03",
      "properties": {
        "node_id": "SEOUL-GANGBUK-MIA-BEON-SM01-N03",
        "parent_submarket_id": "SEOUL-GANGBUK-MIA-BEON-SM01",
        "node_type": "street",
        "name": "오현로",
        "address": null,
        "latitude": null,
        "longitude": null,
        "source_id": "SRC-V1-FRAMEONE",
        "field_survey_priority": "C",
        "notes": "좌표·주소 확인 필요; v1 텍스트에서 분리",
        "status": "text_only"
      },
      "geometry": null
    },
    {
      "type": "Feature",
      "id": "SEOUL-GANGBUK-MIA-BEON-SM01-N04",
      "properties": {
        "node_id": "SEOUL-GANGBUK-MIA-BEON-SM01-N04",
        "parent_submarket_id": "SEOUL-GANGBUK-MIA-BEON-SM01",
        "node_type": "station",
        "name": "미아역",
        "address": null,
        "latitude": null,
        "longitude": null,
        "source_id": "SRC-V1-FRAMEONE",
        "field_survey_priority": "C",
        "notes": "좌표·주소 확인 필요; v1 텍스트에서 분리",
        "status": "text_only"
      },
      "geometry": null
    },
    {
      "type": "Feature",
      "id": "SEOUL-GANGBUK-UI-BUKHANSAN-SM01-N01",
      "properties": {
        "node_id": "SEOUL-GANGBUK-UI-BUKHANSAN-SM01-N01",
        "parent_submarket_id": "SEOUL-GANGBUK-UI-BUKHANSAN-SM01",
        "node_type": "anchor",
        "name": "북한산우이",
        "address": null,
        "latitude": null,
        "longitude": null,
        "source_id": "SRC-V1-FRAMEONE",
        "field_survey_priority": "S",
        "notes": "좌표·주소 확인 필요; v1 텍스트에서 분리",
        "status": "text_only"
      },
      "geometry": null
    },
    {
      "type": "Feature",
      "id": "SEOUL-GANGBUK-UI-BUKHANSAN-SM01-N02",
      "properties": {
        "node_id": "SEOUL-GANGBUK-UI-BUKHANSAN-SM01-N02",
        "parent_submarket_id": "SEOUL-GANGBUK-UI-BUKHANSAN-SM01",
        "node_type": "park_water_access",
        "name": "솔밭공원",
        "address": null,
        "latitude": null,
        "longitude": null,
        "source_id": "SRC-V1-FRAMEONE",
        "field_survey_priority": "S",
        "notes": "좌표·주소 확인 필요; v1 텍스트에서 분리",
        "status": "text_only"
      },
      "geometry": null
    },
    {
      "type": "Feature",
      "id": "SEOUL-GANGBUK-UI-BUKHANSAN-SM01-N03",
      "properties": {
        "node_id": "SEOUL-GANGBUK-UI-BUKHANSAN-SM01-N03",
        "parent_submarket_id": "SEOUL-GANGBUK-UI-BUKHANSAN-SM01",
        "node_type": "street",
        "name": "삼양로",
        "address": null,
        "latitude": null,
        "longitude": null,
        "source_id": "SRC-V1-FRAMEONE",
        "field_survey_priority": "S",
        "notes": "좌표·주소 확인 필요; v1 텍스트에서 분리",
        "status": "text_only"
      },
      "geometry": null
    },
    {
      "type": "Feature",
      "id": "SEOUL-GANGBUK-UI-BUKHANSAN-SM01-N04",
      "properties": {
        "node_id": "SEOUL-GANGBUK-UI-BUKHANSAN-SM01-N04",
        "parent_submarket_id": "SEOUL-GANGBUK-UI-BUKHANSAN-SM01",
        "node_type": "street",
        "name": "우이동길",
        "address": null,
        "latitude": null,
        "longitude": null,
        "source_id": "SRC-V1-FRAMEONE",
        "field_survey_priority": "S",
        "notes": "좌표·주소 확인 필요; v1 텍스트에서 분리",
        "status": "text_only"
      },
      "geometry": null
    },
    {
      "type": "Feature",
      "id": "SEOUL-GANGBUK-UI-BUKHANSAN-SM01-N05",
      "properties": {
        "node_id": "SEOUL-GANGBUK-UI-BUKHANSAN-SM01-N05",
        "parent_submarket_id": "SEOUL-GANGBUK-UI-BUKHANSAN-SM01",
        "node_type": "station",
        "name": "북한산우이역",
        "address": null,
        "latitude": null,
        "longitude": null,
        "source_id": "SRC-V1-FRAMEONE",
        "field_survey_priority": "S",
        "notes": "좌표·주소 확인 필요; v1 텍스트에서 분리",
        "status": "text_only"
      },
      "geometry": null
    },
    {
      "type": "Feature",
      "id": "SEOUL-DOBONG-CHANGDONG-SM01-N01",
      "properties": {
        "node_id": "SEOUL-DOBONG-CHANGDONG-SM01-N01",
        "parent_submarket_id": "SEOUL-DOBONG-CHANGDONG-SM01",
        "node_type": "anchor",
        "name": "창동",
        "address": null,
        "latitude": null,
        "longitude": null,
        "source_id": "SRC-V1-FRAMEONE",
        "field_survey_priority": "S",
        "notes": "좌표·주소 확인 필요; v1 텍스트에서 분리",
        "status": "text_only"
      },
      "geometry": null
    },
    {
      "type": "Feature",
      "id": "SEOUL-DOBONG-CHANGDONG-SM01-N02",
      "properties": {
        "node_id": "SEOUL-DOBONG-CHANGDONG-SM01-N02",
        "parent_submarket_id": "SEOUL-DOBONG-CHANGDONG-SM01",
        "node_type": "street",
        "name": "도봉로",
        "address": null,
        "latitude": null,
        "longitude": null,
        "source_id": "SRC-V1-FRAMEONE",
        "field_survey_priority": "S",
        "notes": "좌표·주소 확인 필요; v1 텍스트에서 분리",
        "status": "text_only"
      },
      "geometry": null
    },
    {
      "type": "Feature",
      "id": "SEOUL-DOBONG-CHANGDONG-SM01-N03",
      "properties": {
        "node_id": "SEOUL-DOBONG-CHANGDONG-SM01-N03",
        "parent_submarket_id": "SEOUL-DOBONG-CHANGDONG-SM01",
        "node_type": "street",
        "name": "노해로",
        "address": null,
        "latitude": null,
        "longitude": null,
        "source_id": "SRC-V1-FRAMEONE",
        "field_survey_priority": "S",
        "notes": "좌표·주소 확인 필요; v1 텍스트에서 분리",
        "status": "text_only"
      },
      "geometry": null
    },
    {
      "type": "Feature",
      "id": "SEOUL-DOBONG-CHANGDONG-SM01-N04",
      "properties": {
        "node_id": "SEOUL-DOBONG-CHANGDONG-SM01-N04",
        "parent_submarket_id": "SEOUL-DOBONG-CHANGDONG-SM01",
        "node_type": "station",
        "name": "창동역",
        "address": null,
        "latitude": null,
        "longitude": null,
        "source_id": "SRC-V1-FRAMEONE",
        "field_survey_priority": "S",
        "notes": "좌표·주소 확인 필요; v1 텍스트에서 분리",
        "status": "text_only"
      },
      "geometry": null
    },
    {
      "type": "Feature",
      "id": "SEOUL-DOBONG-SSANGMUN-SM01-N01",
      "properties": {
        "node_id": "SEOUL-DOBONG-SSANGMUN-SM01-N01",
        "parent_submarket_id": "SEOUL-DOBONG-SSANGMUN-SM01",
        "node_type": "anchor",
        "name": "쌍문",
        "address": null,
        "latitude": null,
        "longitude": null,
        "source_id": "SRC-V1-FRAMEONE",
        "field_survey_priority": "B",
        "notes": "좌표·주소 확인 필요; v1 텍스트에서 분리",
        "status": "text_only"
      },
      "geometry": null
    },
    {
      "type": "Feature",
      "id": "SEOUL-DOBONG-SSANGMUN-SM01-N02",
      "properties": {
        "node_id": "SEOUL-DOBONG-SSANGMUN-SM01-N02",
        "parent_submarket_id": "SEOUL-DOBONG-SSANGMUN-SM01",
        "node_type": "street",
        "name": "도봉로",
        "address": null,
        "latitude": null,
        "longitude": null,
        "source_id": "SRC-V1-FRAMEONE",
        "field_survey_priority": "B",
        "notes": "좌표·주소 확인 필요; v1 텍스트에서 분리",
        "status": "text_only"
      },
      "geometry": null
    },
    {
      "type": "Feature",
      "id": "SEOUL-DOBONG-SSANGMUN-SM01-N03",
      "properties": {
        "node_id": "SEOUL-DOBONG-SSANGMUN-SM01-N03",
        "parent_submarket_id": "SEOUL-DOBONG-SSANGMUN-SM01",
        "node_type": "street",
        "name": "노해로",
        "address": null,
        "latitude": null,
        "longitude": null,
        "source_id": "SRC-V1-FRAMEONE",
        "field_survey_priority": "B",
        "notes": "좌표·주소 확인 필요; v1 텍스트에서 분리",
        "status": "text_only"
      },
      "geometry": null
    },
    {
      "type": "Feature",
      "id": "SEOUL-DOBONG-SSANGMUN-SM01-N04",
      "properties": {
        "node_id": "SEOUL-DOBONG-SSANGMUN-SM01-N04",
        "parent_submarket_id": "SEOUL-DOBONG-SSANGMUN-SM01",
        "node_type": "station",
        "name": "쌍문역",
        "address": null,
        "latitude": null,
        "longitude": null,
        "source_id": "SRC-V1-FRAMEONE",
        "field_survey_priority": "B",
        "notes": "좌표·주소 확인 필요; v1 텍스트에서 분리",
        "status": "text_only"
      },
      "geometry": null
    },
    {
      "type": "Feature",
      "id": "SEOUL-DOBONG-BANGHAK-SM01-N01",
      "properties": {
        "node_id": "SEOUL-DOBONG-BANGHAK-SM01-N01",
        "parent_submarket_id": "SEOUL-DOBONG-BANGHAK-SM01",
        "node_type": "anchor",
        "name": "방학",
        "address": null,
        "latitude": null,
        "longitude": null,
        "source_id": "SRC-V1-FRAMEONE",
        "field_survey_priority": "C",
        "notes": "좌표·주소 확인 필요; v1 텍스트에서 분리",
        "status": "text_only"
      },
      "geometry": null
    },
    {
      "type": "Feature",
      "id": "SEOUL-DOBONG-BANGHAK-SM01-N02",
      "properties": {
        "node_id": "SEOUL-DOBONG-BANGHAK-SM01-N02",
        "parent_submarket_id": "SEOUL-DOBONG-BANGHAK-SM01",
        "node_type": "street",
        "name": "도봉로",
        "address": null,
        "latitude": null,
        "longitude": null,
        "source_id": "SRC-V1-FRAMEONE",
        "field_survey_priority": "C",
        "notes": "좌표·주소 확인 필요; v1 텍스트에서 분리",
        "status": "text_only"
      },
      "geometry": null
    },
    {
      "type": "Feature",
      "id": "SEOUL-DOBONG-BANGHAK-SM01-N03",
      "properties": {
        "node_id": "SEOUL-DOBONG-BANGHAK-SM01-N03",
        "parent_submarket_id": "SEOUL-DOBONG-BANGHAK-SM01",
        "node_type": "street",
        "name": "방학로",
        "address": null,
        "latitude": null,
        "longitude": null,
        "source_id": "SRC-V1-FRAMEONE",
        "field_survey_priority": "C",
        "notes": "좌표·주소 확인 필요; v1 텍스트에서 분리",
        "status": "text_only"
      },
      "geometry": null
    },
    {
      "type": "Feature",
      "id": "SEOUL-DOBONG-BANGHAK-SM01-N04",
      "properties": {
        "node_id": "SEOUL-DOBONG-BANGHAK-SM01-N04",
        "parent_submarket_id": "SEOUL-DOBONG-BANGHAK-SM01",
        "node_type": "station",
        "name": "방학역",
        "address": null,
        "latitude": null,
        "longitude": null,
        "source_id": "SRC-V1-FRAMEONE",
        "field_survey_priority": "C",
        "notes": "좌표·주소 확인 필요; v1 텍스트에서 분리",
        "status": "text_only"
      },
      "geometry": null
    },
    {
      "type": "Feature",
      "id": "SEOUL-DOBONG-BANGHAK-SM01-N05",
      "properties": {
        "node_id": "SEOUL-DOBONG-BANGHAK-SM01-N05",
        "parent_submarket_id": "SEOUL-DOBONG-BANGHAK-SM01",
        "node_type": "traditional_market",
        "name": "도깨비시장",
        "address": null,
        "latitude": null,
        "longitude": null,
        "source_id": "SRC-V1-FRAMEONE",
        "field_survey_priority": "C",
        "notes": "좌표·주소 확인 필요; v1 텍스트에서 분리",
        "status": "text_only"
      },
      "geometry": null
    },
    {
      "type": "Feature",
      "id": "SEOUL-DOBONG-DOBONGSAN-SM01-N01",
      "properties": {
        "node_id": "SEOUL-DOBONG-DOBONGSAN-SM01-N01",
        "parent_submarket_id": "SEOUL-DOBONG-DOBONGSAN-SM01",
        "node_type": "anchor",
        "name": "도봉산",
        "address": null,
        "latitude": null,
        "longitude": null,
        "source_id": "SRC-V1-FRAMEONE",
        "field_survey_priority": "C",
        "notes": "좌표·주소 확인 필요; v1 텍스트에서 분리",
        "status": "text_only"
      },
      "geometry": null
    },
    {
      "type": "Feature",
      "id": "SEOUL-DOBONG-DOBONGSAN-SM01-N02",
      "properties": {
        "node_id": "SEOUL-DOBONG-DOBONGSAN-SM01-N02",
        "parent_submarket_id": "SEOUL-DOBONG-DOBONGSAN-SM01",
        "node_type": "street",
        "name": "도봉산길",
        "address": null,
        "latitude": null,
        "longitude": null,
        "source_id": "SRC-V1-FRAMEONE",
        "field_survey_priority": "C",
        "notes": "좌표·주소 확인 필요; v1 텍스트에서 분리",
        "status": "text_only"
      },
      "geometry": null
    },
    {
      "type": "Feature",
      "id": "SEOUL-DOBONG-DOBONGSAN-SM01-N03",
      "properties": {
        "node_id": "SEOUL-DOBONG-DOBONGSAN-SM01-N03",
        "parent_submarket_id": "SEOUL-DOBONG-DOBONGSAN-SM01",
        "node_type": "street",
        "name": "도봉로",
        "address": null,
        "latitude": null,
        "longitude": null,
        "source_id": "SRC-V1-FRAMEONE",
        "field_survey_priority": "C",
        "notes": "좌표·주소 확인 필요; v1 텍스트에서 분리",
        "status": "text_only"
      },
      "geometry": null
    },
    {
      "type": "Feature",
      "id": "SEOUL-DOBONG-DOBONGSAN-SM01-N04",
      "properties": {
        "node_id": "SEOUL-DOBONG-DOBONGSAN-SM01-N04",
        "parent_submarket_id": "SEOUL-DOBONG-DOBONGSAN-SM01",
        "node_type": "station",
        "name": "도봉산역",
        "address": null,
        "latitude": null,
        "longitude": null,
        "source_id": "SRC-V1-FRAMEONE",
        "field_survey_priority": "C",
        "notes": "좌표·주소 확인 필요; v1 텍스트에서 분리",
        "status": "text_only"
      },
      "geometry": null
    },
    {
      "type": "Feature",
      "id": "SEOUL-NOWON-NOWONSTN-SM01-N01",
      "properties": {
        "node_id": "SEOUL-NOWON-NOWONSTN-SM01-N01",
        "parent_submarket_id": "SEOUL-NOWON-NOWONSTN-SM01",
        "node_type": "anchor",
        "name": "노원",
        "address": null,
        "latitude": null,
        "longitude": null,
        "source_id": "SRC-V1-FRAMEONE",
        "field_survey_priority": "A",
        "notes": "좌표·주소 확인 필요; v1 텍스트에서 분리",
        "status": "text_only"
      },
      "geometry": null
    },
    {
      "type": "Feature",
      "id": "SEOUL-NOWON-NOWONSTN-SM01-N02",
      "properties": {
        "node_id": "SEOUL-NOWON-NOWONSTN-SM01-N02",
        "parent_submarket_id": "SEOUL-NOWON-NOWONSTN-SM01",
        "node_type": "street",
        "name": "동일로",
        "address": null,
        "latitude": null,
        "longitude": null,
        "source_id": "SRC-V1-FRAMEONE",
        "field_survey_priority": "A",
        "notes": "좌표·주소 확인 필요; v1 텍스트에서 분리",
        "status": "text_only"
      },
      "geometry": null
    },
    {
      "type": "Feature",
      "id": "SEOUL-NOWON-NOWONSTN-SM01-N03",
      "properties": {
        "node_id": "SEOUL-NOWON-NOWONSTN-SM01-N03",
        "parent_submarket_id": "SEOUL-NOWON-NOWONSTN-SM01",
        "node_type": "street",
        "name": "노해로",
        "address": null,
        "latitude": null,
        "longitude": null,
        "source_id": "SRC-V1-FRAMEONE",
        "field_survey_priority": "A",
        "notes": "좌표·주소 확인 필요; v1 텍스트에서 분리",
        "status": "text_only"
      },
      "geometry": null
    },
    {
      "type": "Feature",
      "id": "SEOUL-NOWON-NOWONSTN-SM01-N04",
      "properties": {
        "node_id": "SEOUL-NOWON-NOWONSTN-SM01-N04",
        "parent_submarket_id": "SEOUL-NOWON-NOWONSTN-SM01",
        "node_type": "station",
        "name": "노원역",
        "address": null,
        "latitude": null,
        "longitude": null,
        "source_id": "SRC-V1-FRAMEONE",
        "field_survey_priority": "A",
        "notes": "좌표·주소 확인 필요; v1 텍스트에서 분리",
        "status": "text_only"
      },
      "geometry": null
    },
    {
      "type": "Feature",
      "id": "SEOUL-NOWON-NOWONSTN-SM01-N05",
      "properties": {
        "node_id": "SEOUL-NOWON-NOWONSTN-SM01-N05",
        "parent_submarket_id": "SEOUL-NOWON-NOWONSTN-SM01",
        "node_type": "shopping",
        "name": "롯데백화점",
        "address": null,
        "latitude": null,
        "longitude": null,
        "source_id": "SRC-V1-FRAMEONE",
        "field_survey_priority": "A",
        "notes": "좌표·주소 확인 필요; v1 텍스트에서 분리",
        "status": "text_only"
      },
      "geometry": null
    },
    {
      "type": "Feature",
      "id": "SEOUL-NOWON-GONGNEUNG-SM01-N01",
      "properties": {
        "node_id": "SEOUL-NOWON-GONGNEUNG-SM01-N01",
        "parent_submarket_id": "SEOUL-NOWON-GONGNEUNG-SM01",
        "node_type": "anchor",
        "name": "공릉",
        "address": null,
        "latitude": null,
        "longitude": null,
        "source_id": "SRC-V1-FRAMEONE",
        "field_survey_priority": "B",
        "notes": "좌표·주소 확인 필요; v1 텍스트에서 분리",
        "status": "text_only"
      },
      "geometry": null
    },
    {
      "type": "Feature",
      "id": "SEOUL-NOWON-GONGNEUNG-SM01-N02",
      "properties": {
        "node_id": "SEOUL-NOWON-GONGNEUNG-SM01-N02",
        "parent_submarket_id": "SEOUL-NOWON-GONGNEUNG-SM01",
        "node_type": "street",
        "name": "동일로",
        "address": null,
        "latitude": null,
        "longitude": null,
        "source_id": "SRC-V1-FRAMEONE",
        "field_survey_priority": "B",
        "notes": "좌표·주소 확인 필요; v1 텍스트에서 분리",
        "status": "text_only"
      },
      "geometry": null
    },
    {
      "type": "Feature",
      "id": "SEOUL-NOWON-GONGNEUNG-SM01-N03",
      "properties": {
        "node_id": "SEOUL-NOWON-GONGNEUNG-SM01-N03",
        "parent_submarket_id": "SEOUL-NOWON-GONGNEUNG-SM01",
        "node_type": "street",
        "name": "공릉로",
        "address": null,
        "latitude": null,
        "longitude": null,
        "source_id": "SRC-V1-FRAMEONE",
        "field_survey_priority": "B",
        "notes": "좌표·주소 확인 필요; v1 텍스트에서 분리",
        "status": "text_only"
      },
      "geometry": null
    },
    {
      "type": "Feature",
      "id": "SEOUL-NOWON-GONGNEUNG-SM01-N04",
      "properties": {
        "node_id": "SEOUL-NOWON-GONGNEUNG-SM01-N04",
        "parent_submarket_id": "SEOUL-NOWON-GONGNEUNG-SM01",
        "node_type": "station",
        "name": "공릉역",
        "address": null,
        "latitude": null,
        "longitude": null,
        "source_id": "SRC-V1-FRAMEONE",
        "field_survey_priority": "B",
        "notes": "좌표·주소 확인 필요; v1 텍스트에서 분리",
        "status": "text_only"
      },
      "geometry": null
    },
    {
      "type": "Feature",
      "id": "SEOUL-NOWON-JUNGGYE-ACADEMY-SM01-N01",
      "properties": {
        "node_id": "SEOUL-NOWON-JUNGGYE-ACADEMY-SM01-N01",
        "parent_submarket_id": "SEOUL-NOWON-JUNGGYE-ACADEMY-SM01",
        "node_type": "anchor",
        "name": "중계",
        "address": null,
        "latitude": null,
        "longitude": null,
        "source_id": "SRC-V1-FRAMEONE",
        "field_survey_priority": "S",
        "notes": "좌표·주소 확인 필요; v1 텍스트에서 분리",
        "status": "text_only"
      },
      "geometry": null
    },
    {
      "type": "Feature",
      "id": "SEOUL-NOWON-JUNGGYE-ACADEMY-SM01-N02",
      "properties": {
        "node_id": "SEOUL-NOWON-JUNGGYE-ACADEMY-SM01-N02",
        "parent_submarket_id": "SEOUL-NOWON-JUNGGYE-ACADEMY-SM01",
        "node_type": "street",
        "name": "한글비석로",
        "address": null,
        "latitude": null,
        "longitude": null,
        "source_id": "SRC-V1-FRAMEONE",
        "field_survey_priority": "S",
        "notes": "좌표·주소 확인 필요; v1 텍스트에서 분리",
        "status": "text_only"
      },
      "geometry": null
    },
    {
      "type": "Feature",
      "id": "SEOUL-NOWON-JUNGGYE-ACADEMY-SM01-N03",
      "properties": {
        "node_id": "SEOUL-NOWON-JUNGGYE-ACADEMY-SM01-N03",
        "parent_submarket_id": "SEOUL-NOWON-JUNGGYE-ACADEMY-SM01",
        "node_type": "street",
        "name": "덕릉로",
        "address": null,
        "latitude": null,
        "longitude": null,
        "source_id": "SRC-V1-FRAMEONE",
        "field_survey_priority": "S",
        "notes": "좌표·주소 확인 필요; v1 텍스트에서 분리",
        "status": "text_only"
      },
      "geometry": null
    },
    {
      "type": "Feature",
      "id": "SEOUL-NOWON-TAEREUNG-SM01-N01",
      "properties": {
        "node_id": "SEOUL-NOWON-TAEREUNG-SM01-N01",
        "parent_submarket_id": "SEOUL-NOWON-TAEREUNG-SM01",
        "node_type": "anchor",
        "name": "태릉입구",
        "address": null,
        "latitude": null,
        "longitude": null,
        "source_id": "SRC-V1-FRAMEONE",
        "field_survey_priority": "C",
        "notes": "좌표·주소 확인 필요; v1 텍스트에서 분리",
        "status": "text_only"
      },
      "geometry": null
    },
    {
      "type": "Feature",
      "id": "SEOUL-NOWON-TAEREUNG-SM02-N02",
      "properties": {
        "node_id": "SEOUL-NOWON-TAEREUNG-SM02-N02",
        "parent_submarket_id": "SEOUL-NOWON-TAEREUNG-SM02",
        "node_type": "anchor",
        "name": "먹골",
        "address": null,
        "latitude": null,
        "longitude": null,
        "source_id": "SRC-V1-FRAMEONE",
        "field_survey_priority": "C",
        "notes": "좌표·주소 확인 필요; v1 텍스트에서 분리",
        "status": "text_only"
      },
      "geometry": null
    },
    {
      "type": "Feature",
      "id": "SEOUL-NOWON-TAEREUNG-SM01-N03",
      "properties": {
        "node_id": "SEOUL-NOWON-TAEREUNG-SM01-N03",
        "parent_submarket_id": "SEOUL-NOWON-TAEREUNG-SM01",
        "node_type": "street",
        "name": "동일로",
        "address": null,
        "latitude": null,
        "longitude": null,
        "source_id": "SRC-V1-FRAMEONE",
        "field_survey_priority": "C",
        "notes": "좌표·주소 확인 필요; v1 텍스트에서 분리",
        "status": "text_only"
      },
      "geometry": null
    },
    {
      "type": "Feature",
      "id": "SEOUL-NOWON-TAEREUNG-SM01-N04",
      "properties": {
        "node_id": "SEOUL-NOWON-TAEREUNG-SM01-N04",
        "parent_submarket_id": "SEOUL-NOWON-TAEREUNG-SM01",
        "node_type": "street",
        "name": "화랑로",
        "address": null,
        "latitude": null,
        "longitude": null,
        "source_id": "SRC-V1-FRAMEONE",
        "field_survey_priority": "C",
        "notes": "좌표·주소 확인 필요; v1 텍스트에서 분리",
        "status": "text_only"
      },
      "geometry": null
    },
    {
      "type": "Feature",
      "id": "SEOUL-NOWON-TAEREUNG-SM01-N05",
      "properties": {
        "node_id": "SEOUL-NOWON-TAEREUNG-SM01-N05",
        "parent_submarket_id": "SEOUL-NOWON-TAEREUNG-SM01",
        "node_type": "station",
        "name": "태릉입구역",
        "address": null,
        "latitude": null,
        "longitude": null,
        "source_id": "SRC-V1-FRAMEONE",
        "field_survey_priority": "C",
        "notes": "좌표·주소 확인 필요; v1 텍스트에서 분리",
        "status": "text_only"
      },
      "geometry": null
    },
    {
      "type": "Feature",
      "id": "SEOUL-NOWON-TAEREUNG-SM02-N06",
      "properties": {
        "node_id": "SEOUL-NOWON-TAEREUNG-SM02-N06",
        "parent_submarket_id": "SEOUL-NOWON-TAEREUNG-SM02",
        "node_type": "station",
        "name": "먹골역",
        "address": null,
        "latitude": null,
        "longitude": null,
        "source_id": "SRC-V1-FRAMEONE",
        "field_survey_priority": "C",
        "notes": "좌표·주소 확인 필요; v1 텍스트에서 분리",
        "status": "text_only"
      },
      "geometry": null
    },
    {
      "type": "Feature",
      "id": "SEOUL-NOWON-SANGGYE-SM01-N01",
      "properties": {
        "node_id": "SEOUL-NOWON-SANGGYE-SM01-N01",
        "parent_submarket_id": "SEOUL-NOWON-SANGGYE-SM01",
        "node_type": "anchor",
        "name": "상계",
        "address": null,
        "latitude": null,
        "longitude": null,
        "source_id": "SRC-V1-FRAMEONE",
        "field_survey_priority": "C",
        "notes": "좌표·주소 확인 필요; v1 텍스트에서 분리",
        "status": "text_only"
      },
      "geometry": null
    },
    {
      "type": "Feature",
      "id": "SEOUL-NOWON-SANGGYE-SM01-N02",
      "properties": {
        "node_id": "SEOUL-NOWON-SANGGYE-SM01-N02",
        "parent_submarket_id": "SEOUL-NOWON-SANGGYE-SM01",
        "node_type": "street",
        "name": "한글비석로",
        "address": null,
        "latitude": null,
        "longitude": null,
        "source_id": "SRC-V1-FRAMEONE",
        "field_survey_priority": "C",
        "notes": "좌표·주소 확인 필요; v1 텍스트에서 분리",
        "status": "text_only"
      },
      "geometry": null
    },
    {
      "type": "Feature",
      "id": "SEOUL-NOWON-SANGGYE-SM01-N03",
      "properties": {
        "node_id": "SEOUL-NOWON-SANGGYE-SM01-N03",
        "parent_submarket_id": "SEOUL-NOWON-SANGGYE-SM01",
        "node_type": "street",
        "name": "덕릉로",
        "address": null,
        "latitude": null,
        "longitude": null,
        "source_id": "SRC-V1-FRAMEONE",
        "field_survey_priority": "C",
        "notes": "좌표·주소 확인 필요; v1 텍스트에서 분리",
        "status": "text_only"
      },
      "geometry": null
    },
    {
      "type": "Feature",
      "id": "SEOUL-NOWON-SANGGYE-SM01-N04",
      "properties": {
        "node_id": "SEOUL-NOWON-SANGGYE-SM01-N04",
        "parent_submarket_id": "SEOUL-NOWON-SANGGYE-SM01",
        "node_type": "station",
        "name": "상계역",
        "address": null,
        "latitude": null,
        "longitude": null,
        "source_id": "SRC-V1-FRAMEONE",
        "field_survey_priority": "C",
        "notes": "좌표·주소 확인 필요; v1 텍스트에서 분리",
        "status": "text_only"
      },
      "geometry": null
    },
    {
      "type": "Feature",
      "id": "SEOUL-NOWON-SANGGYE-SM01-N05",
      "properties": {
        "node_id": "SEOUL-NOWON-SANGGYE-SM01-N05",
        "parent_submarket_id": "SEOUL-NOWON-SANGGYE-SM01",
        "node_type": "traditional_market",
        "name": "상계중앙시장",
        "address": null,
        "latitude": null,
        "longitude": null,
        "source_id": "SRC-V1-FRAMEONE",
        "field_survey_priority": "C",
        "notes": "좌표·주소 확인 필요; v1 텍스트에서 분리",
        "status": "text_only"
      },
      "geometry": null
    },
    {
      "type": "Feature",
      "id": "SEOUL-NOWON-WOLGYE-KWANGWOON-SM01-N01",
      "properties": {
        "node_id": "SEOUL-NOWON-WOLGYE-KWANGWOON-SM01-N01",
        "parent_submarket_id": "SEOUL-NOWON-WOLGYE-KWANGWOON-SM01",
        "node_type": "anchor",
        "name": "광운대",
        "address": null,
        "latitude": null,
        "longitude": null,
        "source_id": "SRC-V1-FRAMEONE",
        "field_survey_priority": "A",
        "notes": "좌표·주소 확인 필요; v1 텍스트에서 분리",
        "status": "text_only"
      },
      "geometry": null
    },
    {
      "type": "Feature",
      "id": "SEOUL-NOWON-WOLGYE-KWANGWOON-SM01-N02",
      "properties": {
        "node_id": "SEOUL-NOWON-WOLGYE-KWANGWOON-SM01-N02",
        "parent_submarket_id": "SEOUL-NOWON-WOLGYE-KWANGWOON-SM01",
        "node_type": "anchor",
        "name": "월계",
        "address": null,
        "latitude": null,
        "longitude": null,
        "source_id": "SRC-V1-FRAMEONE",
        "field_survey_priority": "A",
        "notes": "좌표·주소 확인 필요; v1 텍스트에서 분리",
        "status": "text_only"
      },
      "geometry": null
    },
    {
      "type": "Feature",
      "id": "SEOUL-NOWON-WOLGYE-KWANGWOON-SM01-N03",
      "properties": {
        "node_id": "SEOUL-NOWON-WOLGYE-KWANGWOON-SM01-N03",
        "parent_submarket_id": "SEOUL-NOWON-WOLGYE-KWANGWOON-SM01",
        "node_type": "street",
        "name": "광운로",
        "address": null,
        "latitude": null,
        "longitude": null,
        "source_id": "SRC-V1-FRAMEONE",
        "field_survey_priority": "A",
        "notes": "좌표·주소 확인 필요; v1 텍스트에서 분리",
        "status": "text_only"
      },
      "geometry": null
    },
    {
      "type": "Feature",
      "id": "SEOUL-NOWON-WOLGYE-KWANGWOON-SM01-N04",
      "properties": {
        "node_id": "SEOUL-NOWON-WOLGYE-KWANGWOON-SM01-N04",
        "parent_submarket_id": "SEOUL-NOWON-WOLGYE-KWANGWOON-SM01",
        "node_type": "street",
        "name": "석계로",
        "address": null,
        "latitude": null,
        "longitude": null,
        "source_id": "SRC-V1-FRAMEONE",
        "field_survey_priority": "A",
        "notes": "좌표·주소 확인 필요; v1 텍스트에서 분리",
        "status": "text_only"
      },
      "geometry": null
    },
    {
      "type": "Feature",
      "id": "SEOUL-NOWON-WOLGYE-KWANGWOON-SM01-N05",
      "properties": {
        "node_id": "SEOUL-NOWON-WOLGYE-KWANGWOON-SM01-N05",
        "parent_submarket_id": "SEOUL-NOWON-WOLGYE-KWANGWOON-SM01",
        "node_type": "station",
        "name": "광운대역",
        "address": null,
        "latitude": null,
        "longitude": null,
        "source_id": "SRC-V1-FRAMEONE",
        "field_survey_priority": "A",
        "notes": "좌표·주소 확인 필요; v1 텍스트에서 분리",
        "status": "text_only"
      },
      "geometry": null
    },
    {
      "type": "Feature",
      "id": "SEOUL-EUNPYEONG-YEONSINNAE-SM01-N01",
      "properties": {
        "node_id": "SEOUL-EUNPYEONG-YEONSINNAE-SM01-N01",
        "parent_submarket_id": "SEOUL-EUNPYEONG-YEONSINNAE-SM01",
        "node_type": "anchor",
        "name": "연신내",
        "address": null,
        "latitude": null,
        "longitude": null,
        "source_id": "SRC-V1-FRAMEONE",
        "field_survey_priority": "A",
        "notes": "좌표·주소 확인 필요; v1 텍스트에서 분리",
        "status": "text_only"
      },
      "geometry": null
    },
    {
      "type": "Feature",
      "id": "SEOUL-EUNPYEONG-YEONSINNAE-SM01-N02",
      "properties": {
        "node_id": "SEOUL-EUNPYEONG-YEONSINNAE-SM01-N02",
        "parent_submarket_id": "SEOUL-EUNPYEONG-YEONSINNAE-SM01",
        "node_type": "street",
        "name": "통일로",
        "address": null,
        "latitude": null,
        "longitude": null,
        "source_id": "SRC-V1-FRAMEONE",
        "field_survey_priority": "A",
        "notes": "좌표·주소 확인 필요; v1 텍스트에서 분리",
        "status": "text_only"
      },
      "geometry": null
    },
    {
      "type": "Feature",
      "id": "SEOUL-EUNPYEONG-YEONSINNAE-SM01-N03",
      "properties": {
        "node_id": "SEOUL-EUNPYEONG-YEONSINNAE-SM01-N03",
        "parent_submarket_id": "SEOUL-EUNPYEONG-YEONSINNAE-SM01",
        "node_type": "street",
        "name": "연서로",
        "address": null,
        "latitude": null,
        "longitude": null,
        "source_id": "SRC-V1-FRAMEONE",
        "field_survey_priority": "A",
        "notes": "좌표·주소 확인 필요; v1 텍스트에서 분리",
        "status": "text_only"
      },
      "geometry": null
    },
    {
      "type": "Feature",
      "id": "SEOUL-EUNPYEONG-YEONSINNAE-SM01-N04",
      "properties": {
        "node_id": "SEOUL-EUNPYEONG-YEONSINNAE-SM01-N04",
        "parent_submarket_id": "SEOUL-EUNPYEONG-YEONSINNAE-SM01",
        "node_type": "station",
        "name": "연신내역",
        "address": null,
        "latitude": null,
        "longitude": null,
        "source_id": "SRC-V1-FRAMEONE",
        "field_survey_priority": "A",
        "notes": "좌표·주소 확인 필요; v1 텍스트에서 분리",
        "status": "text_only"
      },
      "geometry": null
    },
    {
      "type": "Feature",
      "id": "SEOUL-EUNPYEONG-YEONSINNAE-SM01-N05",
      "properties": {
        "node_id": "SEOUL-EUNPYEONG-YEONSINNAE-SM01-N05",
        "parent_submarket_id": "SEOUL-EUNPYEONG-YEONSINNAE-SM01",
        "node_type": "traditional_market",
        "name": "연서시장",
        "address": null,
        "latitude": null,
        "longitude": null,
        "source_id": "SRC-V1-FRAMEONE",
        "field_survey_priority": "A",
        "notes": "좌표·주소 확인 필요; v1 텍스트에서 분리",
        "status": "text_only"
      },
      "geometry": null
    },
    {
      "type": "Feature",
      "id": "SEOUL-EUNPYEONG-BULGWANG-SM01-N01",
      "properties": {
        "node_id": "SEOUL-EUNPYEONG-BULGWANG-SM01-N01",
        "parent_submarket_id": "SEOUL-EUNPYEONG-BULGWANG-SM01",
        "node_type": "anchor",
        "name": "불광",
        "address": null,
        "latitude": null,
        "longitude": null,
        "source_id": "SRC-V1-FRAMEONE",
        "field_survey_priority": "B",
        "notes": "좌표·주소 확인 필요; v1 텍스트에서 분리",
        "status": "text_only"
      },
      "geometry": null
    },
    {
      "type": "Feature",
      "id": "SEOUL-EUNPYEONG-BULGWANG-SM01-N02",
      "properties": {
        "node_id": "SEOUL-EUNPYEONG-BULGWANG-SM01-N02",
        "parent_submarket_id": "SEOUL-EUNPYEONG-BULGWANG-SM01",
        "node_type": "street",
        "name": "통일로",
        "address": null,
        "latitude": null,
        "longitude": null,
        "source_id": "SRC-V1-FRAMEONE",
        "field_survey_priority": "B",
        "notes": "좌표·주소 확인 필요; v1 텍스트에서 분리",
        "status": "text_only"
      },
      "geometry": null
    },
    {
      "type": "Feature",
      "id": "SEOUL-EUNPYEONG-BULGWANG-SM01-N03",
      "properties": {
        "node_id": "SEOUL-EUNPYEONG-BULGWANG-SM01-N03",
        "parent_submarket_id": "SEOUL-EUNPYEONG-BULGWANG-SM01",
        "node_type": "street",
        "name": "불광로",
        "address": null,
        "latitude": null,
        "longitude": null,
        "source_id": "SRC-V1-FRAMEONE",
        "field_survey_priority": "B",
        "notes": "좌표·주소 확인 필요; v1 텍스트에서 분리",
        "status": "text_only"
      },
      "geometry": null
    },
    {
      "type": "Feature",
      "id": "SEOUL-EUNPYEONG-BULGWANG-SM01-N04",
      "properties": {
        "node_id": "SEOUL-EUNPYEONG-BULGWANG-SM01-N04",
        "parent_submarket_id": "SEOUL-EUNPYEONG-BULGWANG-SM01",
        "node_type": "station",
        "name": "불광역",
        "address": null,
        "latitude": null,
        "longitude": null,
        "source_id": "SRC-V1-FRAMEONE",
        "field_survey_priority": "B",
        "notes": "좌표·주소 확인 필요; v1 텍스트에서 분리",
        "status": "text_only"
      },
      "geometry": null
    },
    {
      "type": "Feature",
      "id": "SEOUL-EUNPYEONG-BULGWANG-SM01-N05",
      "properties": {
        "node_id": "SEOUL-EUNPYEONG-BULGWANG-SM01-N05",
        "parent_submarket_id": "SEOUL-EUNPYEONG-BULGWANG-SM01",
        "node_type": "shopping",
        "name": "NC백화점",
        "address": null,
        "latitude": null,
        "longitude": null,
        "source_id": "SRC-V1-FRAMEONE",
        "field_survey_priority": "B",
        "notes": "좌표·주소 확인 필요; v1 텍스트에서 분리",
        "status": "text_only"
      },
      "geometry": null
    },
    {
      "type": "Feature",
      "id": "SEOUL-EUNPYEONG-EUNGAM-SAEJEOL-SM02-N01",
      "properties": {
        "node_id": "SEOUL-EUNPYEONG-EUNGAM-SAEJEOL-SM02-N01",
        "parent_submarket_id": "SEOUL-EUNPYEONG-EUNGAM-SAEJEOL-SM02",
        "node_type": "anchor",
        "name": "새절",
        "address": null,
        "latitude": null,
        "longitude": null,
        "source_id": "SRC-V1-FRAMEONE",
        "field_survey_priority": "C",
        "notes": "좌표·주소 확인 필요; v1 텍스트에서 분리",
        "status": "text_only"
      },
      "geometry": null
    },
    {
      "type": "Feature",
      "id": "SEOUL-EUNPYEONG-EUNGAM-SAEJEOL-SM01-N02",
      "properties": {
        "node_id": "SEOUL-EUNPYEONG-EUNGAM-SAEJEOL-SM01-N02",
        "parent_submarket_id": "SEOUL-EUNPYEONG-EUNGAM-SAEJEOL-SM01",
        "node_type": "anchor",
        "name": "응암",
        "address": null,
        "latitude": null,
        "longitude": null,
        "source_id": "SRC-V1-FRAMEONE",
        "field_survey_priority": "C",
        "notes": "좌표·주소 확인 필요; v1 텍스트에서 분리",
        "status": "text_only"
      },
      "geometry": null
    },
    {
      "type": "Feature",
      "id": "SEOUL-EUNPYEONG-EUNGAM-SAEJEOL-SM01-N03",
      "properties": {
        "node_id": "SEOUL-EUNPYEONG-EUNGAM-SAEJEOL-SM01-N03",
        "parent_submarket_id": "SEOUL-EUNPYEONG-EUNGAM-SAEJEOL-SM01",
        "node_type": "street",
        "name": "증산로",
        "address": null,
        "latitude": null,
        "longitude": null,
        "source_id": "SRC-V1-FRAMEONE",
        "field_survey_priority": "C",
        "notes": "좌표·주소 확인 필요; v1 텍스트에서 분리",
        "status": "text_only"
      },
      "geometry": null
    },
    {
      "type": "Feature",
      "id": "SEOUL-EUNPYEONG-EUNGAM-SAEJEOL-SM01-N04",
      "properties": {
        "node_id": "SEOUL-EUNPYEONG-EUNGAM-SAEJEOL-SM01-N04",
        "parent_submarket_id": "SEOUL-EUNPYEONG-EUNGAM-SAEJEOL-SM01",
        "node_type": "street",
        "name": "응암로",
        "address": null,
        "latitude": null,
        "longitude": null,
        "source_id": "SRC-V1-FRAMEONE",
        "field_survey_priority": "C",
        "notes": "좌표·주소 확인 필요; v1 텍스트에서 분리",
        "status": "text_only"
      },
      "geometry": null
    },
    {
      "type": "Feature",
      "id": "SEOUL-EUNPYEONG-EUNGAM-SAEJEOL-SM02-N05",
      "properties": {
        "node_id": "SEOUL-EUNPYEONG-EUNGAM-SAEJEOL-SM02-N05",
        "parent_submarket_id": "SEOUL-EUNPYEONG-EUNGAM-SAEJEOL-SM02",
        "node_type": "station",
        "name": "새절역",
        "address": null,
        "latitude": null,
        "longitude": null,
        "source_id": "SRC-V1-FRAMEONE",
        "field_survey_priority": "C",
        "notes": "좌표·주소 확인 필요; v1 텍스트에서 분리",
        "status": "text_only"
      },
      "geometry": null
    },
    {
      "type": "Feature",
      "id": "SEOUL-EUNPYEONG-GUPABAL-NEWTOWN-SM01-N01",
      "properties": {
        "node_id": "SEOUL-EUNPYEONG-GUPABAL-NEWTOWN-SM01-N01",
        "parent_submarket_id": "SEOUL-EUNPYEONG-GUPABAL-NEWTOWN-SM01",
        "node_type": "anchor",
        "name": "구파발",
        "address": null,
        "latitude": null,
        "longitude": null,
        "source_id": "SRC-V1-FRAMEONE",
        "field_survey_priority": "S",
        "notes": "좌표·주소 확인 필요; v1 텍스트에서 분리",
        "status": "text_only"
      },
      "geometry": null
    },
    {
      "type": "Feature",
      "id": "SEOUL-EUNPYEONG-GUPABAL-NEWTOWN-SM01-N02",
      "properties": {
        "node_id": "SEOUL-EUNPYEONG-GUPABAL-NEWTOWN-SM01-N02",
        "parent_submarket_id": "SEOUL-EUNPYEONG-GUPABAL-NEWTOWN-SM01",
        "node_type": "street",
        "name": "통일로",
        "address": null,
        "latitude": null,
        "longitude": null,
        "source_id": "SRC-V1-FRAMEONE",
        "field_survey_priority": "S",
        "notes": "좌표·주소 확인 필요; v1 텍스트에서 분리",
        "status": "text_only"
      },
      "geometry": null
    },
    {
      "type": "Feature",
      "id": "SEOUL-EUNPYEONG-GUPABAL-NEWTOWN-SM01-N03",
      "properties": {
        "node_id": "SEOUL-EUNPYEONG-GUPABAL-NEWTOWN-SM01-N03",
        "parent_submarket_id": "SEOUL-EUNPYEONG-GUPABAL-NEWTOWN-SM01",
        "node_type": "street",
        "name": "진관로",
        "address": null,
        "latitude": null,
        "longitude": null,
        "source_id": "SRC-V1-FRAMEONE",
        "field_survey_priority": "S",
        "notes": "좌표·주소 확인 필요; v1 텍스트에서 분리",
        "status": "text_only"
      },
      "geometry": null
    },
    {
      "type": "Feature",
      "id": "SEOUL-EUNPYEONG-GUPABAL-NEWTOWN-SM01-N04",
      "properties": {
        "node_id": "SEOUL-EUNPYEONG-GUPABAL-NEWTOWN-SM01-N04",
        "parent_submarket_id": "SEOUL-EUNPYEONG-GUPABAL-NEWTOWN-SM01",
        "node_type": "station",
        "name": "구파발역",
        "address": null,
        "latitude": null,
        "longitude": null,
        "source_id": "SRC-V1-FRAMEONE",
        "field_survey_priority": "S",
        "notes": "좌표·주소 확인 필요; v1 텍스트에서 분리",
        "status": "text_only"
      },
      "geometry": null
    },
    {
      "type": "Feature",
      "id": "SEOUL-EUNPYEONG-GUPABAL-NEWTOWN-SM01-N05",
      "properties": {
        "node_id": "SEOUL-EUNPYEONG-GUPABAL-NEWTOWN-SM01-N05",
        "parent_submarket_id": "SEOUL-EUNPYEONG-GUPABAL-NEWTOWN-SM01",
        "node_type": "shopping",
        "name": "롯데몰",
        "address": null,
        "latitude": null,
        "longitude": null,
        "source_id": "SRC-V1-FRAMEONE",
        "field_survey_priority": "S",
        "notes": "좌표·주소 확인 필요; v1 텍스트에서 분리",
        "status": "text_only"
      },
      "geometry": null
    },
    {
      "type": "Feature",
      "id": "SEOUL-EUNPYEONG-NOKBEON-SUSAEK-SM01-N01",
      "properties": {
        "node_id": "SEOUL-EUNPYEONG-NOKBEON-SUSAEK-SM01-N01",
        "parent_submarket_id": "SEOUL-EUNPYEONG-NOKBEON-SUSAEK-SM01",
        "node_type": "anchor",
        "name": "녹번",
        "address": null,
        "latitude": null,
        "longitude": null,
        "source_id": "SRC-V1-FRAMEONE",
        "field_survey_priority": "C",
        "notes": "좌표·주소 확인 필요; v1 텍스트에서 분리",
        "status": "text_only"
      },
      "geometry": null
    },
    {
      "type": "Feature",
      "id": "SEOUL-EUNPYEONG-NOKBEON-SUSAEK-SM03-N02",
      "properties": {
        "node_id": "SEOUL-EUNPYEONG-NOKBEON-SUSAEK-SM03-N02",
        "parent_submarket_id": "SEOUL-EUNPYEONG-NOKBEON-SUSAEK-SM03",
        "node_type": "anchor",
        "name": "수색",
        "address": null,
        "latitude": null,
        "longitude": null,
        "source_id": "SRC-V1-FRAMEONE",
        "field_survey_priority": "C",
        "notes": "좌표·주소 확인 필요; v1 텍스트에서 분리",
        "status": "text_only"
      },
      "geometry": null
    },
    {
      "type": "Feature",
      "id": "SEOUL-EUNPYEONG-NOKBEON-SUSAEK-SM01-N03",
      "properties": {
        "node_id": "SEOUL-EUNPYEONG-NOKBEON-SUSAEK-SM01-N03",
        "parent_submarket_id": "SEOUL-EUNPYEONG-NOKBEON-SUSAEK-SM01",
        "node_type": "street",
        "name": "통일로",
        "address": null,
        "latitude": null,
        "longitude": null,
        "source_id": "SRC-V1-FRAMEONE",
        "field_survey_priority": "C",
        "notes": "좌표·주소 확인 필요; v1 텍스트에서 분리",
        "status": "text_only"
      },
      "geometry": null
    },
    {
      "type": "Feature",
      "id": "SEOUL-EUNPYEONG-NOKBEON-SUSAEK-SM03-N04",
      "properties": {
        "node_id": "SEOUL-EUNPYEONG-NOKBEON-SUSAEK-SM03-N04",
        "parent_submarket_id": "SEOUL-EUNPYEONG-NOKBEON-SUSAEK-SM03",
        "node_type": "street",
        "name": "수색로",
        "address": null,
        "latitude": null,
        "longitude": null,
        "source_id": "SRC-V1-FRAMEONE",
        "field_survey_priority": "C",
        "notes": "좌표·주소 확인 필요; v1 텍스트에서 분리",
        "status": "text_only"
      },
      "geometry": null
    },
    {
      "type": "Feature",
      "id": "SEOUL-EUNPYEONG-NOKBEON-SUSAEK-SM01-N05",
      "properties": {
        "node_id": "SEOUL-EUNPYEONG-NOKBEON-SUSAEK-SM01-N05",
        "parent_submarket_id": "SEOUL-EUNPYEONG-NOKBEON-SUSAEK-SM01",
        "node_type": "station",
        "name": "녹번역",
        "address": null,
        "latitude": null,
        "longitude": null,
        "source_id": "SRC-V1-FRAMEONE",
        "field_survey_priority": "C",
        "notes": "좌표·주소 확인 필요; v1 텍스트에서 분리",
        "status": "text_only"
      },
      "geometry": null
    },
    {
      "type": "Feature",
      "id": "SEOUL-EUNPYEONG-NOKBEON-SUSAEK-SM03-N06",
      "properties": {
        "node_id": "SEOUL-EUNPYEONG-NOKBEON-SUSAEK-SM03-N06",
        "parent_submarket_id": "SEOUL-EUNPYEONG-NOKBEON-SUSAEK-SM03",
        "node_type": "station",
        "name": "수색역",
        "address": null,
        "latitude": null,
        "longitude": null,
        "source_id": "SRC-V1-FRAMEONE",
        "field_survey_priority": "C",
        "notes": "좌표·주소 확인 필요; v1 텍스트에서 분리",
        "status": "text_only"
      },
      "geometry": null
    },
    {
      "type": "Feature",
      "id": "SEOUL-SEODAEMUN-SINCHON-SM01-N01",
      "properties": {
        "node_id": "SEOUL-SEODAEMUN-SINCHON-SM01-N01",
        "parent_submarket_id": "SEOUL-SEODAEMUN-SINCHON-SM01",
        "node_type": "anchor",
        "name": "신촌",
        "address": null,
        "latitude": null,
        "longitude": null,
        "source_id": "SRC-V1-FRAMEONE",
        "field_survey_priority": "A",
        "notes": "좌표·주소 확인 필요; v1 텍스트에서 분리",
        "status": "text_only"
      },
      "geometry": null
    },
    {
      "type": "Feature",
      "id": "SEOUL-SEODAEMUN-SINCHON-SM02-N02",
      "properties": {
        "node_id": "SEOUL-SEODAEMUN-SINCHON-SM02-N02",
        "parent_submarket_id": "SEOUL-SEODAEMUN-SINCHON-SM02",
        "node_type": "street",
        "name": "연세로",
        "address": null,
        "latitude": null,
        "longitude": null,
        "source_id": "SRC-V1-FRAMEONE",
        "field_survey_priority": "A",
        "notes": "좌표·주소 확인 필요; v1 텍스트에서 분리",
        "status": "text_only"
      },
      "geometry": null
    },
    {
      "type": "Feature",
      "id": "SEOUL-SEODAEMUN-SINCHON-SM01-N03",
      "properties": {
        "node_id": "SEOUL-SEODAEMUN-SINCHON-SM01-N03",
        "parent_submarket_id": "SEOUL-SEODAEMUN-SINCHON-SM01",
        "node_type": "street",
        "name": "신촌로",
        "address": null,
        "latitude": null,
        "longitude": null,
        "source_id": "SRC-V1-FRAMEONE",
        "field_survey_priority": "A",
        "notes": "좌표·주소 확인 필요; v1 텍스트에서 분리",
        "status": "text_only"
      },
      "geometry": null
    },
    {
      "type": "Feature",
      "id": "SEOUL-SEODAEMUN-SINCHON-SM01-N04",
      "properties": {
        "node_id": "SEOUL-SEODAEMUN-SINCHON-SM01-N04",
        "parent_submarket_id": "SEOUL-SEODAEMUN-SINCHON-SM01",
        "node_type": "station",
        "name": "신촌역",
        "address": null,
        "latitude": null,
        "longitude": null,
        "source_id": "SRC-V1-FRAMEONE",
        "field_survey_priority": "A",
        "notes": "좌표·주소 확인 필요; v1 텍스트에서 분리",
        "status": "text_only"
      },
      "geometry": null
    },
    {
      "type": "Feature",
      "id": "SEOUL-SEODAEMUN-EWHA-SM01-N01",
      "properties": {
        "node_id": "SEOUL-SEODAEMUN-EWHA-SM01-N01",
        "parent_submarket_id": "SEOUL-SEODAEMUN-EWHA-SM01",
        "node_type": "university",
        "name": "이대",
        "address": null,
        "latitude": null,
        "longitude": null,
        "source_id": "SRC-V1-FRAMEONE",
        "field_survey_priority": "B",
        "notes": "좌표·주소 확인 필요; v1 텍스트에서 분리",
        "status": "text_only"
      },
      "geometry": null
    },
    {
      "type": "Feature",
      "id": "SEOUL-SEODAEMUN-EWHA-SM01-N02",
      "properties": {
        "node_id": "SEOUL-SEODAEMUN-EWHA-SM01-N02",
        "parent_submarket_id": "SEOUL-SEODAEMUN-EWHA-SM01",
        "node_type": "street",
        "name": "이화여대길",
        "address": null,
        "latitude": null,
        "longitude": null,
        "source_id": "SRC-V1-FRAMEONE",
        "field_survey_priority": "B",
        "notes": "좌표·주소 확인 필요; v1 텍스트에서 분리",
        "status": "text_only"
      },
      "geometry": null
    },
    {
      "type": "Feature",
      "id": "SEOUL-SEODAEMUN-EWHA-SM01-N03",
      "properties": {
        "node_id": "SEOUL-SEODAEMUN-EWHA-SM01-N03",
        "parent_submarket_id": "SEOUL-SEODAEMUN-EWHA-SM01",
        "node_type": "street",
        "name": "신촌로",
        "address": null,
        "latitude": null,
        "longitude": null,
        "source_id": "SRC-V1-FRAMEONE",
        "field_survey_priority": "B",
        "notes": "좌표·주소 확인 필요; v1 텍스트에서 분리",
        "status": "text_only"
      },
      "geometry": null
    },
    {
      "type": "Feature",
      "id": "SEOUL-SEODAEMUN-EWHA-SM01-N04",
      "properties": {
        "node_id": "SEOUL-SEODAEMUN-EWHA-SM01-N04",
        "parent_submarket_id": "SEOUL-SEODAEMUN-EWHA-SM01",
        "node_type": "station",
        "name": "이대역",
        "address": null,
        "latitude": null,
        "longitude": null,
        "source_id": "SRC-V1-FRAMEONE",
        "field_survey_priority": "B",
        "notes": "좌표·주소 확인 필요; v1 텍스트에서 분리",
        "status": "text_only"
      },
      "geometry": null
    },
    {
      "type": "Feature",
      "id": "SEOUL-SEODAEMUN-EWHA-SM01-N05",
      "properties": {
        "node_id": "SEOUL-SEODAEMUN-EWHA-SM01-N05",
        "parent_submarket_id": "SEOUL-SEODAEMUN-EWHA-SM01",
        "node_type": "university",
        "name": "이화여대 정문",
        "address": null,
        "latitude": null,
        "longitude": null,
        "source_id": "SRC-V1-FRAMEONE",
        "field_survey_priority": "B",
        "notes": "좌표·주소 확인 필요; v1 텍스트에서 분리",
        "status": "text_only"
      },
      "geometry": null
    },
    {
      "type": "Feature",
      "id": "SEOUL-SEODAEMUN-EWHA-SM01-N06",
      "properties": {
        "node_id": "SEOUL-SEODAEMUN-EWHA-SM01-N06",
        "parent_submarket_id": "SEOUL-SEODAEMUN-EWHA-SM01",
        "node_type": "park_water_access",
        "name": "대현문화공원",
        "address": null,
        "latitude": null,
        "longitude": null,
        "source_id": "SRC-V1-FRAMEONE",
        "field_survey_priority": "B",
        "notes": "좌표·주소 확인 필요; v1 텍스트에서 분리",
        "status": "text_only"
      },
      "geometry": null
    },
    {
      "type": "Feature",
      "id": "SEOUL-SEODAEMUN-YEONHUI-SM01-N01",
      "properties": {
        "node_id": "SEOUL-SEODAEMUN-YEONHUI-SM01-N01",
        "parent_submarket_id": "SEOUL-SEODAEMUN-YEONHUI-SM01",
        "node_type": "anchor",
        "name": "홍대입구(버스 연계)",
        "address": null,
        "latitude": null,
        "longitude": null,
        "source_id": "SRC-V1-FRAMEONE",
        "field_survey_priority": "S",
        "notes": "좌표·주소 확인 필요; v1 텍스트에서 분리",
        "status": "text_only"
      },
      "geometry": null
    },
    {
      "type": "Feature",
      "id": "SEOUL-SEODAEMUN-YEONHUI-SM01-N02",
      "properties": {
        "node_id": "SEOUL-SEODAEMUN-YEONHUI-SM01-N02",
        "parent_submarket_id": "SEOUL-SEODAEMUN-YEONHUI-SM01",
        "node_type": "street",
        "name": "연희로",
        "address": null,
        "latitude": null,
        "longitude": null,
        "source_id": "SRC-V1-FRAMEONE",
        "field_survey_priority": "S",
        "notes": "좌표·주소 확인 필요; v1 텍스트에서 분리",
        "status": "text_only"
      },
      "geometry": null
    },
    {
      "type": "Feature",
      "id": "SEOUL-SEODAEMUN-YEONHUI-SM02-N03",
      "properties": {
        "node_id": "SEOUL-SEODAEMUN-YEONHUI-SM02-N03",
        "parent_submarket_id": "SEOUL-SEODAEMUN-YEONHUI-SM02",
        "node_type": "street",
        "name": "연희맛로",
        "address": null,
        "latitude": null,
        "longitude": null,
        "source_id": "SRC-V1-FRAMEONE",
        "field_survey_priority": "S",
        "notes": "좌표·주소 확인 필요; v1 텍스트에서 분리",
        "status": "text_only"
      },
      "geometry": null
    },
    {
      "type": "Feature",
      "id": "SEOUL-SEODAEMUN-HONGJE-SM01-N01",
      "properties": {
        "node_id": "SEOUL-SEODAEMUN-HONGJE-SM01-N01",
        "parent_submarket_id": "SEOUL-SEODAEMUN-HONGJE-SM01",
        "node_type": "anchor",
        "name": "홍제",
        "address": null,
        "latitude": null,
        "longitude": null,
        "source_id": "SRC-V1-FRAMEONE",
        "field_survey_priority": "B",
        "notes": "좌표·주소 확인 필요; v1 텍스트에서 분리",
        "status": "text_only"
      },
      "geometry": null
    },
    {
      "type": "Feature",
      "id": "SEOUL-SEODAEMUN-HONGJE-SM01-N02",
      "properties": {
        "node_id": "SEOUL-SEODAEMUN-HONGJE-SM01-N02",
        "parent_submarket_id": "SEOUL-SEODAEMUN-HONGJE-SM01",
        "node_type": "street",
        "name": "통일로",
        "address": null,
        "latitude": null,
        "longitude": null,
        "source_id": "SRC-V1-FRAMEONE",
        "field_survey_priority": "B",
        "notes": "좌표·주소 확인 필요; v1 텍스트에서 분리",
        "status": "text_only"
      },
      "geometry": null
    },
    {
      "type": "Feature",
      "id": "SEOUL-SEODAEMUN-HONGJE-SM01-N03",
      "properties": {
        "node_id": "SEOUL-SEODAEMUN-HONGJE-SM01-N03",
        "parent_submarket_id": "SEOUL-SEODAEMUN-HONGJE-SM01",
        "node_type": "street",
        "name": "세검정로",
        "address": null,
        "latitude": null,
        "longitude": null,
        "source_id": "SRC-V1-FRAMEONE",
        "field_survey_priority": "B",
        "notes": "좌표·주소 확인 필요; v1 텍스트에서 분리",
        "status": "text_only"
      },
      "geometry": null
    },
    {
      "type": "Feature",
      "id": "SEOUL-SEODAEMUN-HONGJE-SM01-N04",
      "properties": {
        "node_id": "SEOUL-SEODAEMUN-HONGJE-SM01-N04",
        "parent_submarket_id": "SEOUL-SEODAEMUN-HONGJE-SM01",
        "node_type": "station",
        "name": "홍제역",
        "address": null,
        "latitude": null,
        "longitude": null,
        "source_id": "SRC-V1-FRAMEONE",
        "field_survey_priority": "B",
        "notes": "좌표·주소 확인 필요; v1 텍스트에서 분리",
        "status": "text_only"
      },
      "geometry": null
    },
    {
      "type": "Feature",
      "id": "SEOUL-SEODAEMUN-HONGJE-SM01-N05",
      "properties": {
        "node_id": "SEOUL-SEODAEMUN-HONGJE-SM01-N05",
        "parent_submarket_id": "SEOUL-SEODAEMUN-HONGJE-SM01",
        "node_type": "traditional_market",
        "name": "인왕시장",
        "address": null,
        "latitude": null,
        "longitude": null,
        "source_id": "SRC-V1-FRAMEONE",
        "field_survey_priority": "B",
        "notes": "좌표·주소 확인 필요; v1 텍스트에서 분리",
        "status": "text_only"
      },
      "geometry": null
    },
    {
      "type": "Feature",
      "id": "SEOUL-SEODAEMUN-GAJWA-NAMGAJWA-SM01-N01",
      "properties": {
        "node_id": "SEOUL-SEODAEMUN-GAJWA-NAMGAJWA-SM01-N01",
        "parent_submarket_id": "SEOUL-SEODAEMUN-GAJWA-NAMGAJWA-SM01",
        "node_type": "anchor",
        "name": "가좌",
        "address": null,
        "latitude": null,
        "longitude": null,
        "source_id": "SRC-V1-FRAMEONE",
        "field_survey_priority": "B",
        "notes": "좌표·주소 확인 필요; v1 텍스트에서 분리",
        "status": "text_only"
      },
      "geometry": null
    },
    {
      "type": "Feature",
      "id": "SEOUL-SEODAEMUN-GAJWA-NAMGAJWA-SM01-N02",
      "properties": {
        "node_id": "SEOUL-SEODAEMUN-GAJWA-NAMGAJWA-SM01-N02",
        "parent_submarket_id": "SEOUL-SEODAEMUN-GAJWA-NAMGAJWA-SM01",
        "node_type": "street",
        "name": "수색로",
        "address": null,
        "latitude": null,
        "longitude": null,
        "source_id": "SRC-V1-FRAMEONE",
        "field_survey_priority": "B",
        "notes": "좌표·주소 확인 필요; v1 텍스트에서 분리",
        "status": "text_only"
      },
      "geometry": null
    },
    {
      "type": "Feature",
      "id": "SEOUL-SEODAEMUN-GAJWA-NAMGAJWA-SM01-N03",
      "properties": {
        "node_id": "SEOUL-SEODAEMUN-GAJWA-NAMGAJWA-SM01-N03",
        "parent_submarket_id": "SEOUL-SEODAEMUN-GAJWA-NAMGAJWA-SM01",
        "node_type": "street",
        "name": "증가로",
        "address": null,
        "latitude": null,
        "longitude": null,
        "source_id": "SRC-V1-FRAMEONE",
        "field_survey_priority": "B",
        "notes": "좌표·주소 확인 필요; v1 텍스트에서 분리",
        "status": "text_only"
      },
      "geometry": null
    },
    {
      "type": "Feature",
      "id": "SEOUL-SEODAEMUN-GAJWA-NAMGAJWA-SM01-N04",
      "properties": {
        "node_id": "SEOUL-SEODAEMUN-GAJWA-NAMGAJWA-SM01-N04",
        "parent_submarket_id": "SEOUL-SEODAEMUN-GAJWA-NAMGAJWA-SM01",
        "node_type": "station",
        "name": "가좌역",
        "address": null,
        "latitude": null,
        "longitude": null,
        "source_id": "SRC-V1-FRAMEONE",
        "field_survey_priority": "B",
        "notes": "좌표·주소 확인 필요; v1 텍스트에서 분리",
        "status": "text_only"
      },
      "geometry": null
    },
    {
      "type": "Feature",
      "id": "SEOUL-SEODAEMUN-DONGNIMUN-YEONGCHEON-SM01-N01",
      "properties": {
        "node_id": "SEOUL-SEODAEMUN-DONGNIMUN-YEONGCHEON-SM01-N01",
        "parent_submarket_id": "SEOUL-SEODAEMUN-DONGNIMUN-YEONGCHEON-SM01",
        "node_type": "anchor",
        "name": "독립문",
        "address": null,
        "latitude": null,
        "longitude": null,
        "source_id": "SRC-V1-FRAMEONE",
        "field_survey_priority": "B",
        "notes": "좌표·주소 확인 필요; v1 텍스트에서 분리",
        "status": "text_only"
      },
      "geometry": null
    },
    {
      "type": "Feature",
      "id": "SEOUL-SEODAEMUN-DONGNIMUN-YEONGCHEON-SM01-N02",
      "properties": {
        "node_id": "SEOUL-SEODAEMUN-DONGNIMUN-YEONGCHEON-SM01-N02",
        "parent_submarket_id": "SEOUL-SEODAEMUN-DONGNIMUN-YEONGCHEON-SM01",
        "node_type": "street",
        "name": "통일로",
        "address": null,
        "latitude": null,
        "longitude": null,
        "source_id": "SRC-V1-FRAMEONE",
        "field_survey_priority": "B",
        "notes": "좌표·주소 확인 필요; v1 텍스트에서 분리",
        "status": "text_only"
      },
      "geometry": null
    },
    {
      "type": "Feature",
      "id": "SEOUL-SEODAEMUN-DONGNIMUN-YEONGCHEON-SM01-N03",
      "properties": {
        "node_id": "SEOUL-SEODAEMUN-DONGNIMUN-YEONGCHEON-SM01-N03",
        "parent_submarket_id": "SEOUL-SEODAEMUN-DONGNIMUN-YEONGCHEON-SM01",
        "node_type": "traditional_market",
        "name": "영천시장길",
        "address": null,
        "latitude": null,
        "longitude": null,
        "source_id": "SRC-V1-FRAMEONE",
        "field_survey_priority": "B",
        "notes": "좌표·주소 확인 필요; v1 텍스트에서 분리",
        "status": "text_only"
      },
      "geometry": null
    },
    {
      "type": "Feature",
      "id": "SEOUL-SEODAEMUN-DONGNIMUN-YEONGCHEON-SM01-N04",
      "properties": {
        "node_id": "SEOUL-SEODAEMUN-DONGNIMUN-YEONGCHEON-SM01-N04",
        "parent_submarket_id": "SEOUL-SEODAEMUN-DONGNIMUN-YEONGCHEON-SM01",
        "node_type": "station",
        "name": "독립문역",
        "address": null,
        "latitude": null,
        "longitude": null,
        "source_id": "SRC-V1-FRAMEONE",
        "field_survey_priority": "B",
        "notes": "좌표·주소 확인 필요; v1 텍스트에서 분리",
        "status": "text_only"
      },
      "geometry": null
    },
    {
      "type": "Feature",
      "id": "SEOUL-SEODAEMUN-DONGNIMUN-YEONGCHEON-SM01-N05",
      "properties": {
        "node_id": "SEOUL-SEODAEMUN-DONGNIMUN-YEONGCHEON-SM01-N05",
        "parent_submarket_id": "SEOUL-SEODAEMUN-DONGNIMUN-YEONGCHEON-SM01",
        "node_type": "traditional_market",
        "name": "영천시장",
        "address": null,
        "latitude": null,
        "longitude": null,
        "source_id": "SRC-V1-FRAMEONE",
        "field_survey_priority": "B",
        "notes": "좌표·주소 확인 필요; v1 텍스트에서 분리",
        "status": "text_only"
      },
      "geometry": null
    },
    {
      "type": "Feature",
      "id": "SEOUL-MAPO-HONGDAE-SM01-N01",
      "properties": {
        "node_id": "SEOUL-MAPO-HONGDAE-SM01-N01",
        "parent_submarket_id": "SEOUL-MAPO-HONGDAE-SM01",
        "node_type": "anchor",
        "name": "홍대입구",
        "address": null,
        "latitude": null,
        "longitude": null,
        "source_id": "SRC-V1-FRAMEONE",
        "field_survey_priority": "A",
        "notes": "좌표·주소 확인 필요; v1 텍스트에서 분리",
        "status": "text_only"
      },
      "geometry": null
    },
    {
      "type": "Feature",
      "id": "SEOUL-MAPO-HONGDAE-SM01-N02",
      "properties": {
        "node_id": "SEOUL-MAPO-HONGDAE-SM01-N02",
        "parent_submarket_id": "SEOUL-MAPO-HONGDAE-SM01",
        "node_type": "street",
        "name": "양화로",
        "address": null,
        "latitude": null,
        "longitude": null,
        "source_id": "SRC-V1-FRAMEONE",
        "field_survey_priority": "A",
        "notes": "좌표·주소 확인 필요; v1 텍스트에서 분리",
        "status": "text_only"
      },
      "geometry": null
    },
    {
      "type": "Feature",
      "id": "SEOUL-MAPO-HONGDAE-SM01-N03",
      "properties": {
        "node_id": "SEOUL-MAPO-HONGDAE-SM01-N03",
        "parent_submarket_id": "SEOUL-MAPO-HONGDAE-SM01",
        "node_type": "street",
        "name": "홍익로",
        "address": null,
        "latitude": null,
        "longitude": null,
        "source_id": "SRC-V1-FRAMEONE",
        "field_survey_priority": "A",
        "notes": "좌표·주소 확인 필요; v1 텍스트에서 분리",
        "status": "text_only"
      },
      "geometry": null
    },
    {
      "type": "Feature",
      "id": "SEOUL-MAPO-HONGDAE-SM01-N04",
      "properties": {
        "node_id": "SEOUL-MAPO-HONGDAE-SM01-N04",
        "parent_submarket_id": "SEOUL-MAPO-HONGDAE-SM01",
        "node_type": "street",
        "name": "어울마당로",
        "address": null,
        "latitude": null,
        "longitude": null,
        "source_id": "SRC-V1-FRAMEONE",
        "field_survey_priority": "A",
        "notes": "좌표·주소 확인 필요; v1 텍스트에서 분리",
        "status": "text_only"
      },
      "geometry": null
    },
    {
      "type": "Feature",
      "id": "SEOUL-MAPO-HONGDAE-SM01-N05",
      "properties": {
        "node_id": "SEOUL-MAPO-HONGDAE-SM01-N05",
        "parent_submarket_id": "SEOUL-MAPO-HONGDAE-SM01",
        "node_type": "station",
        "name": "홍대입구역",
        "address": null,
        "latitude": null,
        "longitude": null,
        "source_id": "SRC-V1-FRAMEONE",
        "field_survey_priority": "A",
        "notes": "좌표·주소 확인 필요; v1 텍스트에서 분리",
        "status": "text_only"
      },
      "geometry": null
    },
    {
      "type": "Feature",
      "id": "SEOUL-MAPO-YEONNAM-SM01-N01",
      "properties": {
        "node_id": "SEOUL-MAPO-YEONNAM-SM01-N01",
        "parent_submarket_id": "SEOUL-MAPO-YEONNAM-SM01",
        "node_type": "anchor",
        "name": "홍대입구",
        "address": null,
        "latitude": null,
        "longitude": null,
        "source_id": "SRC-V1-FRAMEONE",
        "field_survey_priority": "A",
        "notes": "좌표·주소 확인 필요; v1 텍스트에서 분리",
        "status": "text_only"
      },
      "geometry": null
    },
    {
      "type": "Feature",
      "id": "SEOUL-MAPO-YEONNAM-SM01-N02",
      "properties": {
        "node_id": "SEOUL-MAPO-YEONNAM-SM01-N02",
        "parent_submarket_id": "SEOUL-MAPO-YEONNAM-SM01",
        "node_type": "street",
        "name": "동교로",
        "address": null,
        "latitude": null,
        "longitude": null,
        "source_id": "SRC-V1-FRAMEONE",
        "field_survey_priority": "A",
        "notes": "좌표·주소 확인 필요; v1 텍스트에서 분리",
        "status": "text_only"
      },
      "geometry": null
    },
    {
      "type": "Feature",
      "id": "SEOUL-MAPO-YEONNAM-SM01-N03",
      "properties": {
        "node_id": "SEOUL-MAPO-YEONNAM-SM01-N03",
        "parent_submarket_id": "SEOUL-MAPO-YEONNAM-SM01",
        "node_type": "street",
        "name": "성미산로",
        "address": null,
        "latitude": null,
        "longitude": null,
        "source_id": "SRC-V1-FRAMEONE",
        "field_survey_priority": "A",
        "notes": "좌표·주소 확인 필요; v1 텍스트에서 분리",
        "status": "text_only"
      },
      "geometry": null
    },
    {
      "type": "Feature",
      "id": "SEOUL-MAPO-YEONNAM-SM01-N04",
      "properties": {
        "node_id": "SEOUL-MAPO-YEONNAM-SM01-N04",
        "parent_submarket_id": "SEOUL-MAPO-YEONNAM-SM01",
        "node_type": "traditional_market",
        "name": "동진시장",
        "address": null,
        "latitude": null,
        "longitude": null,
        "source_id": "SRC-V1-FRAMEONE",
        "field_survey_priority": "A",
        "notes": "좌표·주소 확인 필요; v1 텍스트에서 분리",
        "status": "text_only"
      },
      "geometry": null
    },
    {
      "type": "Feature",
      "id": "SEOUL-MAPO-HAPJEONG-SM01-N01",
      "properties": {
        "node_id": "SEOUL-MAPO-HAPJEONG-SM01-N01",
        "parent_submarket_id": "SEOUL-MAPO-HAPJEONG-SM01",
        "node_type": "anchor",
        "name": "합정",
        "address": null,
        "latitude": null,
        "longitude": null,
        "source_id": "SRC-V1-FRAMEONE",
        "field_survey_priority": "A",
        "notes": "좌표·주소 확인 필요; v1 텍스트에서 분리",
        "status": "text_only"
      },
      "geometry": null
    },
    {
      "type": "Feature",
      "id": "SEOUL-MAPO-HAPJEONG-SM01-N02",
      "properties": {
        "node_id": "SEOUL-MAPO-HAPJEONG-SM01-N02",
        "parent_submarket_id": "SEOUL-MAPO-HAPJEONG-SM01",
        "node_type": "street",
        "name": "양화로",
        "address": null,
        "latitude": null,
        "longitude": null,
        "source_id": "SRC-V1-FRAMEONE",
        "field_survey_priority": "A",
        "notes": "좌표·주소 확인 필요; v1 텍스트에서 분리",
        "status": "text_only"
      },
      "geometry": null
    },
    {
      "type": "Feature",
      "id": "SEOUL-MAPO-HAPJEONG-SM01-N03",
      "properties": {
        "node_id": "SEOUL-MAPO-HAPJEONG-SM01-N03",
        "parent_submarket_id": "SEOUL-MAPO-HAPJEONG-SM01",
        "node_type": "street",
        "name": "독막로",
        "address": null,
        "latitude": null,
        "longitude": null,
        "source_id": "SRC-V1-FRAMEONE",
        "field_survey_priority": "A",
        "notes": "좌표·주소 확인 필요; v1 텍스트에서 분리",
        "status": "text_only"
      },
      "geometry": null
    },
    {
      "type": "Feature",
      "id": "SEOUL-MAPO-HAPJEONG-SM01-N04",
      "properties": {
        "node_id": "SEOUL-MAPO-HAPJEONG-SM01-N04",
        "parent_submarket_id": "SEOUL-MAPO-HAPJEONG-SM01",
        "node_type": "station",
        "name": "합정역",
        "address": null,
        "latitude": null,
        "longitude": null,
        "source_id": "SRC-V1-FRAMEONE",
        "field_survey_priority": "A",
        "notes": "좌표·주소 확인 필요; v1 텍스트에서 분리",
        "status": "text_only"
      },
      "geometry": null
    },
    {
      "type": "Feature",
      "id": "SEOUL-MAPO-MANGWON-SM01-N01",
      "properties": {
        "node_id": "SEOUL-MAPO-MANGWON-SM01-N01",
        "parent_submarket_id": "SEOUL-MAPO-MANGWON-SM01",
        "node_type": "anchor",
        "name": "망원",
        "address": null,
        "latitude": null,
        "longitude": null,
        "source_id": "SRC-V1-FRAMEONE",
        "field_survey_priority": "A",
        "notes": "좌표·주소 확인 필요; v1 텍스트에서 분리",
        "status": "text_only"
      },
      "geometry": null
    },
    {
      "type": "Feature",
      "id": "SEOUL-MAPO-MANGWON-SM01-N02",
      "properties": {
        "node_id": "SEOUL-MAPO-MANGWON-SM01-N02",
        "parent_submarket_id": "SEOUL-MAPO-MANGWON-SM01",
        "node_type": "street",
        "name": "포은로",
        "address": null,
        "latitude": null,
        "longitude": null,
        "source_id": "SRC-V1-FRAMEONE",
        "field_survey_priority": "A",
        "notes": "좌표·주소 확인 필요; v1 텍스트에서 분리",
        "status": "text_only"
      },
      "geometry": null
    },
    {
      "type": "Feature",
      "id": "SEOUL-MAPO-MANGWON-SM01-N03",
      "properties": {
        "node_id": "SEOUL-MAPO-MANGWON-SM01-N03",
        "parent_submarket_id": "SEOUL-MAPO-MANGWON-SM01",
        "node_type": "street",
        "name": "망원로",
        "address": null,
        "latitude": null,
        "longitude": null,
        "source_id": "SRC-V1-FRAMEONE",
        "field_survey_priority": "A",
        "notes": "좌표·주소 확인 필요; v1 텍스트에서 분리",
        "status": "text_only"
      },
      "geometry": null
    },
    {
      "type": "Feature",
      "id": "SEOUL-MAPO-MANGWON-SM01-N04",
      "properties": {
        "node_id": "SEOUL-MAPO-MANGWON-SM01-N04",
        "parent_submarket_id": "SEOUL-MAPO-MANGWON-SM01",
        "node_type": "traditional_market",
        "name": "망원시장",
        "address": null,
        "latitude": null,
        "longitude": null,
        "source_id": "SRC-V1-FRAMEONE",
        "field_survey_priority": "A",
        "notes": "좌표·주소 확인 필요; v1 텍스트에서 분리",
        "status": "text_only"
      },
      "geometry": null
    },
    {
      "type": "Feature",
      "id": "SEOUL-MAPO-SANGSU-SM01-N01",
      "properties": {
        "node_id": "SEOUL-MAPO-SANGSU-SM01-N01",
        "parent_submarket_id": "SEOUL-MAPO-SANGSU-SM01",
        "node_type": "anchor",
        "name": "상수",
        "address": null,
        "latitude": null,
        "longitude": null,
        "source_id": "SRC-V1-FRAMEONE",
        "field_survey_priority": "B",
        "notes": "좌표·주소 확인 필요; v1 텍스트에서 분리",
        "status": "text_only"
      },
      "geometry": null
    },
    {
      "type": "Feature",
      "id": "SEOUL-MAPO-SANGSU-SM01-N02",
      "properties": {
        "node_id": "SEOUL-MAPO-SANGSU-SM01-N02",
        "parent_submarket_id": "SEOUL-MAPO-SANGSU-SM01",
        "node_type": "street",
        "name": "독막로",
        "address": null,
        "latitude": null,
        "longitude": null,
        "source_id": "SRC-V1-FRAMEONE",
        "field_survey_priority": "B",
        "notes": "좌표·주소 확인 필요; v1 텍스트에서 분리",
        "status": "text_only"
      },
      "geometry": null
    },
    {
      "type": "Feature",
      "id": "SEOUL-MAPO-SANGSU-SM01-N03",
      "properties": {
        "node_id": "SEOUL-MAPO-SANGSU-SM01-N03",
        "parent_submarket_id": "SEOUL-MAPO-SANGSU-SM01",
        "node_type": "street",
        "name": "와우산로",
        "address": null,
        "latitude": null,
        "longitude": null,
        "source_id": "SRC-V1-FRAMEONE",
        "field_survey_priority": "B",
        "notes": "좌표·주소 확인 필요; v1 텍스트에서 분리",
        "status": "text_only"
      },
      "geometry": null
    },
    {
      "type": "Feature",
      "id": "SEOUL-MAPO-SANGSU-SM01-N04",
      "properties": {
        "node_id": "SEOUL-MAPO-SANGSU-SM01-N04",
        "parent_submarket_id": "SEOUL-MAPO-SANGSU-SM01",
        "node_type": "station",
        "name": "상수역",
        "address": null,
        "latitude": null,
        "longitude": null,
        "source_id": "SRC-V1-FRAMEONE",
        "field_survey_priority": "B",
        "notes": "좌표·주소 확인 필요; v1 텍스트에서 분리",
        "status": "text_only"
      },
      "geometry": null
    },
    {
      "type": "Feature",
      "id": "SEOUL-MAPO-GONGDEOK-MAPO-SM01-N01",
      "properties": {
        "node_id": "SEOUL-MAPO-GONGDEOK-MAPO-SM01-N01",
        "parent_submarket_id": "SEOUL-MAPO-GONGDEOK-MAPO-SM01",
        "node_type": "anchor",
        "name": "공덕",
        "address": null,
        "latitude": null,
        "longitude": null,
        "source_id": "SRC-V1-FRAMEONE",
        "field_survey_priority": "A",
        "notes": "좌표·주소 확인 필요; v1 텍스트에서 분리",
        "status": "text_only"
      },
      "geometry": null
    },
    {
      "type": "Feature",
      "id": "SEOUL-MAPO-GONGDEOK-MAPO-SM02-N02",
      "properties": {
        "node_id": "SEOUL-MAPO-GONGDEOK-MAPO-SM02-N02",
        "parent_submarket_id": "SEOUL-MAPO-GONGDEOK-MAPO-SM02",
        "node_type": "anchor",
        "name": "마포",
        "address": null,
        "latitude": null,
        "longitude": null,
        "source_id": "SRC-V1-FRAMEONE",
        "field_survey_priority": "A",
        "notes": "좌표·주소 확인 필요; v1 텍스트에서 분리",
        "status": "text_only"
      },
      "geometry": null
    },
    {
      "type": "Feature",
      "id": "SEOUL-MAPO-GONGDEOK-MAPO-SM02-N03",
      "properties": {
        "node_id": "SEOUL-MAPO-GONGDEOK-MAPO-SM02-N03",
        "parent_submarket_id": "SEOUL-MAPO-GONGDEOK-MAPO-SM02",
        "node_type": "street",
        "name": "마포대로",
        "address": null,
        "latitude": null,
        "longitude": null,
        "source_id": "SRC-V1-FRAMEONE",
        "field_survey_priority": "A",
        "notes": "좌표·주소 확인 필요; v1 텍스트에서 분리",
        "status": "text_only"
      },
      "geometry": null
    },
    {
      "type": "Feature",
      "id": "SEOUL-MAPO-GONGDEOK-MAPO-SM01-N04",
      "properties": {
        "node_id": "SEOUL-MAPO-GONGDEOK-MAPO-SM01-N04",
        "parent_submarket_id": "SEOUL-MAPO-GONGDEOK-MAPO-SM01",
        "node_type": "street",
        "name": "백범로",
        "address": null,
        "latitude": null,
        "longitude": null,
        "source_id": "SRC-V1-FRAMEONE",
        "field_survey_priority": "A",
        "notes": "좌표·주소 확인 필요; v1 텍스트에서 분리",
        "status": "text_only"
      },
      "geometry": null
    },
    {
      "type": "Feature",
      "id": "SEOUL-MAPO-GONGDEOK-MAPO-SM01-N05",
      "properties": {
        "node_id": "SEOUL-MAPO-GONGDEOK-MAPO-SM01-N05",
        "parent_submarket_id": "SEOUL-MAPO-GONGDEOK-MAPO-SM01",
        "node_type": "station",
        "name": "공덕역",
        "address": null,
        "latitude": null,
        "longitude": null,
        "source_id": "SRC-V1-FRAMEONE",
        "field_survey_priority": "A",
        "notes": "좌표·주소 확인 필요; v1 텍스트에서 분리",
        "status": "text_only"
      },
      "geometry": null
    },
    {
      "type": "Feature",
      "id": "SEOUL-MAPO-GONGDEOK-MAPO-SM02-N06",
      "properties": {
        "node_id": "SEOUL-MAPO-GONGDEOK-MAPO-SM02-N06",
        "parent_submarket_id": "SEOUL-MAPO-GONGDEOK-MAPO-SM02",
        "node_type": "station",
        "name": "마포역",
        "address": null,
        "latitude": null,
        "longitude": null,
        "source_id": "SRC-V1-FRAMEONE",
        "field_survey_priority": "A",
        "notes": "좌표·주소 확인 필요; v1 텍스트에서 분리",
        "status": "text_only"
      },
      "geometry": null
    },
    {
      "type": "Feature",
      "id": "SEOUL-MAPO-DAEHEUNG-SOGANG-SM01-N01",
      "properties": {
        "node_id": "SEOUL-MAPO-DAEHEUNG-SOGANG-SM01-N01",
        "parent_submarket_id": "SEOUL-MAPO-DAEHEUNG-SOGANG-SM01",
        "node_type": "anchor",
        "name": "대흥",
        "address": null,
        "latitude": null,
        "longitude": null,
        "source_id": "SRC-V1-FRAMEONE",
        "field_survey_priority": "A",
        "notes": "좌표·주소 확인 필요; v1 텍스트에서 분리",
        "status": "text_only"
      },
      "geometry": null
    },
    {
      "type": "Feature",
      "id": "SEOUL-MAPO-DAEHEUNG-SOGANG-SM03-N02",
      "properties": {
        "node_id": "SEOUL-MAPO-DAEHEUNG-SOGANG-SM03-N02",
        "parent_submarket_id": "SEOUL-MAPO-DAEHEUNG-SOGANG-SM03",
        "node_type": "anchor",
        "name": "광흥창",
        "address": null,
        "latitude": null,
        "longitude": null,
        "source_id": "SRC-V1-FRAMEONE",
        "field_survey_priority": "A",
        "notes": "좌표·주소 확인 필요; v1 텍스트에서 분리",
        "status": "text_only"
      },
      "geometry": null
    },
    {
      "type": "Feature",
      "id": "SEOUL-MAPO-DAEHEUNG-SOGANG-SM01-N03",
      "properties": {
        "node_id": "SEOUL-MAPO-DAEHEUNG-SOGANG-SM01-N03",
        "parent_submarket_id": "SEOUL-MAPO-DAEHEUNG-SOGANG-SM01",
        "node_type": "street",
        "name": "백범로",
        "address": null,
        "latitude": null,
        "longitude": null,
        "source_id": "SRC-V1-FRAMEONE",
        "field_survey_priority": "A",
        "notes": "좌표·주소 확인 필요; v1 텍스트에서 분리",
        "status": "text_only"
      },
      "geometry": null
    },
    {
      "type": "Feature",
      "id": "SEOUL-MAPO-DAEHEUNG-SOGANG-SM01-N04",
      "properties": {
        "node_id": "SEOUL-MAPO-DAEHEUNG-SOGANG-SM01-N04",
        "parent_submarket_id": "SEOUL-MAPO-DAEHEUNG-SOGANG-SM01",
        "node_type": "street",
        "name": "서강로",
        "address": null,
        "latitude": null,
        "longitude": null,
        "source_id": "SRC-V1-FRAMEONE",
        "field_survey_priority": "A",
        "notes": "좌표·주소 확인 필요; v1 텍스트에서 분리",
        "status": "text_only"
      },
      "geometry": null
    },
    {
      "type": "Feature",
      "id": "SEOUL-MAPO-DAEHEUNG-SOGANG-SM01-N05",
      "properties": {
        "node_id": "SEOUL-MAPO-DAEHEUNG-SOGANG-SM01-N05",
        "parent_submarket_id": "SEOUL-MAPO-DAEHEUNG-SOGANG-SM01",
        "node_type": "station",
        "name": "대흥역",
        "address": null,
        "latitude": null,
        "longitude": null,
        "source_id": "SRC-V1-FRAMEONE",
        "field_survey_priority": "A",
        "notes": "좌표·주소 확인 필요; v1 텍스트에서 분리",
        "status": "text_only"
      },
      "geometry": null
    },
    {
      "type": "Feature",
      "id": "SEOUL-MAPO-DAEHEUNG-SOGANG-SM03-N06",
      "properties": {
        "node_id": "SEOUL-MAPO-DAEHEUNG-SOGANG-SM03-N06",
        "parent_submarket_id": "SEOUL-MAPO-DAEHEUNG-SOGANG-SM03",
        "node_type": "station",
        "name": "광흥창역",
        "address": null,
        "latitude": null,
        "longitude": null,
        "source_id": "SRC-V1-FRAMEONE",
        "field_survey_priority": "A",
        "notes": "좌표·주소 확인 필요; v1 텍스트에서 분리",
        "status": "text_only"
      },
      "geometry": null
    },
    {
      "type": "Feature",
      "id": "SEOUL-MAPO-SANGAM-DMC-SM01-N01",
      "properties": {
        "node_id": "SEOUL-MAPO-SANGAM-DMC-SM01-N01",
        "parent_submarket_id": "SEOUL-MAPO-SANGAM-DMC-SM01",
        "node_type": "anchor",
        "name": "디지털미디어시티",
        "address": null,
        "latitude": null,
        "longitude": null,
        "source_id": "SRC-V1-FRAMEONE",
        "field_survey_priority": "S",
        "notes": "좌표·주소 확인 필요; v1 텍스트에서 분리",
        "status": "text_only"
      },
      "geometry": null
    },
    {
      "type": "Feature",
      "id": "SEOUL-MAPO-SANGAM-DMC-SM02-N02",
      "properties": {
        "node_id": "SEOUL-MAPO-SANGAM-DMC-SM02-N02",
        "parent_submarket_id": "SEOUL-MAPO-SANGAM-DMC-SM02",
        "node_type": "tourism_culture",
        "name": "월드컵경기장",
        "address": null,
        "latitude": null,
        "longitude": null,
        "source_id": "SRC-V1-FRAMEONE",
        "field_survey_priority": "S",
        "notes": "좌표·주소 확인 필요; v1 텍스트에서 분리",
        "status": "text_only"
      },
      "geometry": null
    },
    {
      "type": "Feature",
      "id": "SEOUL-MAPO-SANGAM-DMC-SM01-N03",
      "properties": {
        "node_id": "SEOUL-MAPO-SANGAM-DMC-SM01-N03",
        "parent_submarket_id": "SEOUL-MAPO-SANGAM-DMC-SM01",
        "node_type": "street",
        "name": "월드컵북로",
        "address": null,
        "latitude": null,
        "longitude": null,
        "source_id": "SRC-V1-FRAMEONE",
        "field_survey_priority": "S",
        "notes": "좌표·주소 확인 필요; v1 텍스트에서 분리",
        "status": "text_only"
      },
      "geometry": null
    },
    {
      "type": "Feature",
      "id": "SEOUL-MAPO-SANGAM-DMC-SM01-N04",
      "properties": {
        "node_id": "SEOUL-MAPO-SANGAM-DMC-SM01-N04",
        "parent_submarket_id": "SEOUL-MAPO-SANGAM-DMC-SM01",
        "node_type": "street",
        "name": "성암로",
        "address": null,
        "latitude": null,
        "longitude": null,
        "source_id": "SRC-V1-FRAMEONE",
        "field_survey_priority": "S",
        "notes": "좌표·주소 확인 필요; v1 텍스트에서 분리",
        "status": "text_only"
      },
      "geometry": null
    },
    {
      "type": "Feature",
      "id": "SEOUL-MAPO-SANGAM-DMC-SM01-N05",
      "properties": {
        "node_id": "SEOUL-MAPO-SANGAM-DMC-SM01-N05",
        "parent_submarket_id": "SEOUL-MAPO-SANGAM-DMC-SM01",
        "node_type": "park_water_access",
        "name": "하늘공원",
        "address": null,
        "latitude": null,
        "longitude": null,
        "source_id": "SRC-V1-FRAMEONE",
        "field_survey_priority": "S",
        "notes": "좌표·주소 확인 필요; v1 텍스트에서 분리",
        "status": "text_only"
      },
      "geometry": null
    },
    {
      "type": "Feature",
      "id": "SEOUL-YANGCHEON-MOKDONG-OGEORI-SM03-N01",
      "properties": {
        "node_id": "SEOUL-YANGCHEON-MOKDONG-OGEORI-SM03-N01",
        "parent_submarket_id": "SEOUL-YANGCHEON-MOKDONG-OGEORI-SM03",
        "node_type": "anchor",
        "name": "목동",
        "address": null,
        "latitude": null,
        "longitude": null,
        "source_id": "SRC-V1-FRAMEONE",
        "field_survey_priority": "B",
        "notes": "좌표·주소 확인 필요; v1 텍스트에서 분리",
        "status": "text_only"
      },
      "geometry": null
    },
    {
      "type": "Feature",
      "id": "SEOUL-YANGCHEON-MOKDONG-OGEORI-SM03-N02",
      "properties": {
        "node_id": "SEOUL-YANGCHEON-MOKDONG-OGEORI-SM03-N02",
        "parent_submarket_id": "SEOUL-YANGCHEON-MOKDONG-OGEORI-SM03",
        "node_type": "street",
        "name": "목동로",
        "address": null,
        "latitude": null,
        "longitude": null,
        "source_id": "SRC-V1-FRAMEONE",
        "field_survey_priority": "B",
        "notes": "좌표·주소 확인 필요; v1 텍스트에서 분리",
        "status": "text_only"
      },
      "geometry": null
    },
    {
      "type": "Feature",
      "id": "SEOUL-YANGCHEON-MOKDONG-OGEORI-SM01-N03",
      "properties": {
        "node_id": "SEOUL-YANGCHEON-MOKDONG-OGEORI-SM01-N03",
        "parent_submarket_id": "SEOUL-YANGCHEON-MOKDONG-OGEORI-SM01",
        "node_type": "street",
        "name": "신정중앙로",
        "address": null,
        "latitude": null,
        "longitude": null,
        "source_id": "SRC-V1-FRAMEONE",
        "field_survey_priority": "B",
        "notes": "좌표·주소 확인 필요; v1 텍스트에서 분리",
        "status": "text_only"
      },
      "geometry": null
    },
    {
      "type": "Feature",
      "id": "SEOUL-YANGCHEON-MOKDONG-OGEORI-SM03-N04",
      "properties": {
        "node_id": "SEOUL-YANGCHEON-MOKDONG-OGEORI-SM03-N04",
        "parent_submarket_id": "SEOUL-YANGCHEON-MOKDONG-OGEORI-SM03",
        "node_type": "station",
        "name": "목동역",
        "address": null,
        "latitude": null,
        "longitude": null,
        "source_id": "SRC-V1-FRAMEONE",
        "field_survey_priority": "B",
        "notes": "좌표·주소 확인 필요; v1 텍스트에서 분리",
        "status": "text_only"
      },
      "geometry": null
    },
    {
      "type": "Feature",
      "id": "SEOUL-YANGCHEON-OMOKGYO-SM01-N01",
      "properties": {
        "node_id": "SEOUL-YANGCHEON-OMOKGYO-SM01-N01",
        "parent_submarket_id": "SEOUL-YANGCHEON-OMOKGYO-SM01",
        "node_type": "anchor",
        "name": "오목교",
        "address": null,
        "latitude": null,
        "longitude": null,
        "source_id": "SRC-V1-FRAMEONE",
        "field_survey_priority": "A",
        "notes": "좌표·주소 확인 필요; v1 텍스트에서 분리",
        "status": "text_only"
      },
      "geometry": null
    },
    {
      "type": "Feature",
      "id": "SEOUL-YANGCHEON-OMOKGYO-SM01-N02",
      "properties": {
        "node_id": "SEOUL-YANGCHEON-OMOKGYO-SM01-N02",
        "parent_submarket_id": "SEOUL-YANGCHEON-OMOKGYO-SM01",
        "node_type": "street",
        "name": "목동동로",
        "address": null,
        "latitude": null,
        "longitude": null,
        "source_id": "SRC-V1-FRAMEONE",
        "field_survey_priority": "A",
        "notes": "좌표·주소 확인 필요; v1 텍스트에서 분리",
        "status": "text_only"
      },
      "geometry": null
    },
    {
      "type": "Feature",
      "id": "SEOUL-YANGCHEON-OMOKGYO-SM01-N03",
      "properties": {
        "node_id": "SEOUL-YANGCHEON-OMOKGYO-SM01-N03",
        "parent_submarket_id": "SEOUL-YANGCHEON-OMOKGYO-SM01",
        "node_type": "street",
        "name": "오목로",
        "address": null,
        "latitude": null,
        "longitude": null,
        "source_id": "SRC-V1-FRAMEONE",
        "field_survey_priority": "A",
        "notes": "좌표·주소 확인 필요; v1 텍스트에서 분리",
        "status": "text_only"
      },
      "geometry": null
    },
    {
      "type": "Feature",
      "id": "SEOUL-YANGCHEON-OMOKGYO-SM01-N04",
      "properties": {
        "node_id": "SEOUL-YANGCHEON-OMOKGYO-SM01-N04",
        "parent_submarket_id": "SEOUL-YANGCHEON-OMOKGYO-SM01",
        "node_type": "station",
        "name": "오목교역",
        "address": null,
        "latitude": null,
        "longitude": null,
        "source_id": "SRC-V1-FRAMEONE",
        "field_survey_priority": "A",
        "notes": "좌표·주소 확인 필요; v1 텍스트에서 분리",
        "status": "text_only"
      },
      "geometry": null
    },
    {
      "type": "Feature",
      "id": "SEOUL-YANGCHEON-OMOKGYO-SM01-N05",
      "properties": {
        "node_id": "SEOUL-YANGCHEON-OMOKGYO-SM01-N05",
        "parent_submarket_id": "SEOUL-YANGCHEON-OMOKGYO-SM01",
        "node_type": "shopping",
        "name": "현대백화점",
        "address": null,
        "latitude": null,
        "longitude": null,
        "source_id": "SRC-V1-FRAMEONE",
        "field_survey_priority": "A",
        "notes": "좌표·주소 확인 필요; v1 텍스트에서 분리",
        "status": "text_only"
      },
      "geometry": null
    },
    {
      "type": "Feature",
      "id": "SEOUL-YANGCHEON-MOKDONG-ACADEMY-SM01-N01",
      "properties": {
        "node_id": "SEOUL-YANGCHEON-MOKDONG-ACADEMY-SM01-N01",
        "parent_submarket_id": "SEOUL-YANGCHEON-MOKDONG-ACADEMY-SM01",
        "node_type": "anchor",
        "name": "오목교(버스 연계)",
        "address": null,
        "latitude": null,
        "longitude": null,
        "source_id": "SRC-V1-FRAMEONE",
        "field_survey_priority": "S",
        "notes": "좌표·주소 확인 필요; v1 텍스트에서 분리",
        "status": "text_only"
      },
      "geometry": null
    },
    {
      "type": "Feature",
      "id": "SEOUL-YANGCHEON-MOKDONG-ACADEMY-SM01-N02",
      "properties": {
        "node_id": "SEOUL-YANGCHEON-MOKDONG-ACADEMY-SM01-N02",
        "parent_submarket_id": "SEOUL-YANGCHEON-MOKDONG-ACADEMY-SM01",
        "node_type": "street",
        "name": "목동서로",
        "address": null,
        "latitude": null,
        "longitude": null,
        "source_id": "SRC-V1-FRAMEONE",
        "field_survey_priority": "S",
        "notes": "좌표·주소 확인 필요; v1 텍스트에서 분리",
        "status": "text_only"
      },
      "geometry": null
    },
    {
      "type": "Feature",
      "id": "SEOUL-YANGCHEON-MOKDONG-ACADEMY-SM01-N03",
      "properties": {
        "node_id": "SEOUL-YANGCHEON-MOKDONG-ACADEMY-SM01-N03",
        "parent_submarket_id": "SEOUL-YANGCHEON-MOKDONG-ACADEMY-SM01",
        "node_type": "street",
        "name": "목동동로",
        "address": null,
        "latitude": null,
        "longitude": null,
        "source_id": "SRC-V1-FRAMEONE",
        "field_survey_priority": "S",
        "notes": "좌표·주소 확인 필요; v1 텍스트에서 분리",
        "status": "text_only"
      },
      "geometry": null
    },
    {
      "type": "Feature",
      "id": "SEOUL-YANGCHEON-MOKDONG-ACADEMY-SM01-N04",
      "properties": {
        "node_id": "SEOUL-YANGCHEON-MOKDONG-ACADEMY-SM01-N04",
        "parent_submarket_id": "SEOUL-YANGCHEON-MOKDONG-ACADEMY-SM01",
        "node_type": "park_water_access",
        "name": "파리공원",
        "address": null,
        "latitude": null,
        "longitude": null,
        "source_id": "SRC-V1-FRAMEONE",
        "field_survey_priority": "S",
        "notes": "좌표·주소 확인 필요; v1 텍스트에서 분리",
        "status": "text_only"
      },
      "geometry": null
    },
    {
      "type": "Feature",
      "id": "SEOUL-YANGCHEON-SINJEONGNEGEORI-SM01-N01",
      "properties": {
        "node_id": "SEOUL-YANGCHEON-SINJEONGNEGEORI-SM01-N01",
        "parent_submarket_id": "SEOUL-YANGCHEON-SINJEONGNEGEORI-SM01",
        "node_type": "street",
        "name": "신정네거리",
        "address": null,
        "latitude": null,
        "longitude": null,
        "source_id": "SRC-V1-FRAMEONE",
        "field_survey_priority": "C",
        "notes": "좌표·주소 확인 필요; v1 텍스트에서 분리",
        "status": "text_only"
      },
      "geometry": null
    },
    {
      "type": "Feature",
      "id": "SEOUL-YANGCHEON-SINJEONGNEGEORI-SM01-N02",
      "properties": {
        "node_id": "SEOUL-YANGCHEON-SINJEONGNEGEORI-SM01-N02",
        "parent_submarket_id": "SEOUL-YANGCHEON-SINJEONGNEGEORI-SM01",
        "node_type": "street",
        "name": "중앙로",
        "address": null,
        "latitude": null,
        "longitude": null,
        "source_id": "SRC-V1-FRAMEONE",
        "field_survey_priority": "C",
        "notes": "좌표·주소 확인 필요; v1 텍스트에서 분리",
        "status": "text_only"
      },
      "geometry": null
    },
    {
      "type": "Feature",
      "id": "SEOUL-YANGCHEON-SINJEONGNEGEORI-SM01-N03",
      "properties": {
        "node_id": "SEOUL-YANGCHEON-SINJEONGNEGEORI-SM01-N03",
        "parent_submarket_id": "SEOUL-YANGCHEON-SINJEONGNEGEORI-SM01",
        "node_type": "street",
        "name": "신월로",
        "address": null,
        "latitude": null,
        "longitude": null,
        "source_id": "SRC-V1-FRAMEONE",
        "field_survey_priority": "C",
        "notes": "좌표·주소 확인 필요; v1 텍스트에서 분리",
        "status": "text_only"
      },
      "geometry": null
    },
    {
      "type": "Feature",
      "id": "SEOUL-YANGCHEON-SINJEONGNEGEORI-SM01-N04",
      "properties": {
        "node_id": "SEOUL-YANGCHEON-SINJEONGNEGEORI-SM01-N04",
        "parent_submarket_id": "SEOUL-YANGCHEON-SINJEONGNEGEORI-SM01",
        "node_type": "station",
        "name": "신정네거리역",
        "address": null,
        "latitude": null,
        "longitude": null,
        "source_id": "SRC-V1-FRAMEONE",
        "field_survey_priority": "C",
        "notes": "좌표·주소 확인 필요; v1 텍스트에서 분리",
        "status": "text_only"
      },
      "geometry": null
    },
    {
      "type": "Feature",
      "id": "SEOUL-YANGCHEON-SINJEONGNEGEORI-SM01-N05",
      "properties": {
        "node_id": "SEOUL-YANGCHEON-SINJEONGNEGEORI-SM01-N05",
        "parent_submarket_id": "SEOUL-YANGCHEON-SINJEONGNEGEORI-SM01",
        "node_type": "traditional_market",
        "name": "신정시장",
        "address": null,
        "latitude": null,
        "longitude": null,
        "source_id": "SRC-V1-FRAMEONE",
        "field_survey_priority": "C",
        "notes": "좌표·주소 확인 필요; v1 텍스트에서 분리",
        "status": "text_only"
      },
      "geometry": null
    },
    {
      "type": "Feature",
      "id": "SEOUL-YANGCHEON-SINWOL-SM01-N01",
      "properties": {
        "node_id": "SEOUL-YANGCHEON-SINWOL-SM01-N01",
        "parent_submarket_id": "SEOUL-YANGCHEON-SINWOL-SM01",
        "node_type": "anchor",
        "name": "까치산(버스 연계)",
        "address": null,
        "latitude": null,
        "longitude": null,
        "source_id": "SRC-V1-FRAMEONE",
        "field_survey_priority": "B",
        "notes": "좌표·주소 확인 필요; v1 텍스트에서 분리",
        "status": "text_only"
      },
      "geometry": null
    },
    {
      "type": "Feature",
      "id": "SEOUL-YANGCHEON-SINWOL-SM01-N02",
      "properties": {
        "node_id": "SEOUL-YANGCHEON-SINWOL-SM01-N02",
        "parent_submarket_id": "SEOUL-YANGCHEON-SINWOL-SM01",
        "node_type": "street",
        "name": "남부순환로",
        "address": null,
        "latitude": null,
        "longitude": null,
        "source_id": "SRC-V1-FRAMEONE",
        "field_survey_priority": "B",
        "notes": "좌표·주소 확인 필요; v1 텍스트에서 분리",
        "status": "text_only"
      },
      "geometry": null
    },
    {
      "type": "Feature",
      "id": "SEOUL-YANGCHEON-SINWOL-SM01-N03",
      "properties": {
        "node_id": "SEOUL-YANGCHEON-SINWOL-SM01-N03",
        "parent_submarket_id": "SEOUL-YANGCHEON-SINWOL-SM01",
        "node_type": "street",
        "name": "신월로",
        "address": null,
        "latitude": null,
        "longitude": null,
        "source_id": "SRC-V1-FRAMEONE",
        "field_survey_priority": "B",
        "notes": "좌표·주소 확인 필요; v1 텍스트에서 분리",
        "status": "text_only"
      },
      "geometry": null
    },
    {
      "type": "Feature",
      "id": "SEOUL-YANGCHEON-SINWOL-SM01-N04",
      "properties": {
        "node_id": "SEOUL-YANGCHEON-SINWOL-SM01-N04",
        "parent_submarket_id": "SEOUL-YANGCHEON-SINWOL-SM01",
        "node_type": "traditional_market",
        "name": "신영시장",
        "address": null,
        "latitude": null,
        "longitude": null,
        "source_id": "SRC-V1-FRAMEONE",
        "field_survey_priority": "B",
        "notes": "좌표·주소 확인 필요; v1 텍스트에서 분리",
        "status": "text_only"
      },
      "geometry": null
    },
    {
      "type": "Feature",
      "id": "SEOUL-GANGSEO-MAGOK-SM01-N01",
      "properties": {
        "node_id": "SEOUL-GANGSEO-MAGOK-SM01-N01",
        "parent_submarket_id": "SEOUL-GANGSEO-MAGOK-SM01",
        "node_type": "anchor",
        "name": "마곡나루",
        "address": null,
        "latitude": null,
        "longitude": null,
        "source_id": "SRC-V1-FRAMEONE",
        "field_survey_priority": "S",
        "notes": "좌표·주소 확인 필요; v1 텍스트에서 분리",
        "status": "text_only"
      },
      "geometry": null
    },
    {
      "type": "Feature",
      "id": "SEOUL-GANGSEO-MAGOK-SM01-N02",
      "properties": {
        "node_id": "SEOUL-GANGSEO-MAGOK-SM01-N02",
        "parent_submarket_id": "SEOUL-GANGSEO-MAGOK-SM01",
        "node_type": "anchor",
        "name": "마곡",
        "address": null,
        "latitude": null,
        "longitude": null,
        "source_id": "SRC-V1-FRAMEONE",
        "field_survey_priority": "S",
        "notes": "좌표·주소 확인 필요; v1 텍스트에서 분리",
        "status": "text_only"
      },
      "geometry": null
    },
    {
      "type": "Feature",
      "id": "SEOUL-GANGSEO-MAGOK-SM01-N03",
      "properties": {
        "node_id": "SEOUL-GANGSEO-MAGOK-SM01-N03",
        "parent_submarket_id": "SEOUL-GANGSEO-MAGOK-SM01",
        "node_type": "street",
        "name": "마곡중앙로",
        "address": null,
        "latitude": null,
        "longitude": null,
        "source_id": "SRC-V1-FRAMEONE",
        "field_survey_priority": "S",
        "notes": "좌표·주소 확인 필요; v1 텍스트에서 분리",
        "status": "text_only"
      },
      "geometry": null
    },
    {
      "type": "Feature",
      "id": "SEOUL-GANGSEO-MAGOK-SM01-N04",
      "properties": {
        "node_id": "SEOUL-GANGSEO-MAGOK-SM01-N04",
        "parent_submarket_id": "SEOUL-GANGSEO-MAGOK-SM01",
        "node_type": "street",
        "name": "공항대로",
        "address": null,
        "latitude": null,
        "longitude": null,
        "source_id": "SRC-V1-FRAMEONE",
        "field_survey_priority": "S",
        "notes": "좌표·주소 확인 필요; v1 텍스트에서 분리",
        "status": "text_only"
      },
      "geometry": null
    },
    {
      "type": "Feature",
      "id": "SEOUL-GANGSEO-MAGOK-SM01-N05",
      "properties": {
        "node_id": "SEOUL-GANGSEO-MAGOK-SM01-N05",
        "parent_submarket_id": "SEOUL-GANGSEO-MAGOK-SM01",
        "node_type": "station",
        "name": "마곡나루역",
        "address": null,
        "latitude": null,
        "longitude": null,
        "source_id": "SRC-V1-FRAMEONE",
        "field_survey_priority": "S",
        "notes": "좌표·주소 확인 필요; v1 텍스트에서 분리",
        "status": "text_only"
      },
      "geometry": null
    },
    {
      "type": "Feature",
      "id": "SEOUL-GANGSEO-MAGOK-SM01-N06",
      "properties": {
        "node_id": "SEOUL-GANGSEO-MAGOK-SM01-N06",
        "parent_submarket_id": "SEOUL-GANGSEO-MAGOK-SM01",
        "node_type": "office",
        "name": "LG사이언스파크",
        "address": null,
        "latitude": null,
        "longitude": null,
        "source_id": "SRC-V1-FRAMEONE",
        "field_survey_priority": "S",
        "notes": "좌표·주소 확인 필요; v1 텍스트에서 분리",
        "status": "text_only"
      },
      "geometry": null
    },
    {
      "type": "Feature",
      "id": "SEOUL-GANGSEO-BALSAN-SM01-N01",
      "properties": {
        "node_id": "SEOUL-GANGSEO-BALSAN-SM01-N01",
        "parent_submarket_id": "SEOUL-GANGSEO-BALSAN-SM01",
        "node_type": "anchor",
        "name": "발산",
        "address": null,
        "latitude": null,
        "longitude": null,
        "source_id": "SRC-V1-FRAMEONE",
        "field_survey_priority": "B",
        "notes": "좌표·주소 확인 필요; v1 텍스트에서 분리",
        "status": "text_only"
      },
      "geometry": null
    },
    {
      "type": "Feature",
      "id": "SEOUL-GANGSEO-BALSAN-SM01-N02",
      "properties": {
        "node_id": "SEOUL-GANGSEO-BALSAN-SM01-N02",
        "parent_submarket_id": "SEOUL-GANGSEO-BALSAN-SM01",
        "node_type": "street",
        "name": "공항대로",
        "address": null,
        "latitude": null,
        "longitude": null,
        "source_id": "SRC-V1-FRAMEONE",
        "field_survey_priority": "B",
        "notes": "좌표·주소 확인 필요; v1 텍스트에서 분리",
        "status": "text_only"
      },
      "geometry": null
    },
    {
      "type": "Feature",
      "id": "SEOUL-GANGSEO-BALSAN-SM01-N03",
      "properties": {
        "node_id": "SEOUL-GANGSEO-BALSAN-SM01-N03",
        "parent_submarket_id": "SEOUL-GANGSEO-BALSAN-SM01",
        "node_type": "street",
        "name": "강서로",
        "address": null,
        "latitude": null,
        "longitude": null,
        "source_id": "SRC-V1-FRAMEONE",
        "field_survey_priority": "B",
        "notes": "좌표·주소 확인 필요; v1 텍스트에서 분리",
        "status": "text_only"
      },
      "geometry": null
    },
    {
      "type": "Feature",
      "id": "SEOUL-GANGSEO-BALSAN-SM01-N04",
      "properties": {
        "node_id": "SEOUL-GANGSEO-BALSAN-SM01-N04",
        "parent_submarket_id": "SEOUL-GANGSEO-BALSAN-SM01",
        "node_type": "station",
        "name": "발산역",
        "address": null,
        "latitude": null,
        "longitude": null,
        "source_id": "SRC-V1-FRAMEONE",
        "field_survey_priority": "B",
        "notes": "좌표·주소 확인 필요; v1 텍스트에서 분리",
        "status": "text_only"
      },
      "geometry": null
    },
    {
      "type": "Feature",
      "id": "SEOUL-GANGSEO-BALSAN-SM01-N05",
      "properties": {
        "node_id": "SEOUL-GANGSEO-BALSAN-SM01-N05",
        "parent_submarket_id": "SEOUL-GANGSEO-BALSAN-SM01",
        "node_type": "shopping",
        "name": "NC백화점",
        "address": null,
        "latitude": null,
        "longitude": null,
        "source_id": "SRC-V1-FRAMEONE",
        "field_survey_priority": "B",
        "notes": "좌표·주소 확인 필요; v1 텍스트에서 분리",
        "status": "text_only"
      },
      "geometry": null
    },
    {
      "type": "Feature",
      "id": "SEOUL-GANGSEO-GIMPOAIRPORT-SM01-N01",
      "properties": {
        "node_id": "SEOUL-GANGSEO-GIMPOAIRPORT-SM01-N01",
        "parent_submarket_id": "SEOUL-GANGSEO-GIMPOAIRPORT-SM01",
        "node_type": "anchor",
        "name": "김포공항",
        "address": null,
        "latitude": null,
        "longitude": null,
        "source_id": "SRC-V1-FRAMEONE",
        "field_survey_priority": "C",
        "notes": "좌표·주소 확인 필요; v1 텍스트에서 분리",
        "status": "text_only"
      },
      "geometry": null
    },
    {
      "type": "Feature",
      "id": "SEOUL-GANGSEO-GIMPOAIRPORT-SM01-N02",
      "properties": {
        "node_id": "SEOUL-GANGSEO-GIMPOAIRPORT-SM01-N02",
        "parent_submarket_id": "SEOUL-GANGSEO-GIMPOAIRPORT-SM01",
        "node_type": "anchor",
        "name": "송정",
        "address": null,
        "latitude": null,
        "longitude": null,
        "source_id": "SRC-V1-FRAMEONE",
        "field_survey_priority": "C",
        "notes": "좌표·주소 확인 필요; v1 텍스트에서 분리",
        "status": "text_only"
      },
      "geometry": null
    },
    {
      "type": "Feature",
      "id": "SEOUL-GANGSEO-GIMPOAIRPORT-SM01-N03",
      "properties": {
        "node_id": "SEOUL-GANGSEO-GIMPOAIRPORT-SM01-N03",
        "parent_submarket_id": "SEOUL-GANGSEO-GIMPOAIRPORT-SM01",
        "node_type": "street",
        "name": "하늘길",
        "address": null,
        "latitude": null,
        "longitude": null,
        "source_id": "SRC-V1-FRAMEONE",
        "field_survey_priority": "C",
        "notes": "좌표·주소 확인 필요; v1 텍스트에서 분리",
        "status": "text_only"
      },
      "geometry": null
    },
    {
      "type": "Feature",
      "id": "SEOUL-GANGSEO-GIMPOAIRPORT-SM01-N04",
      "properties": {
        "node_id": "SEOUL-GANGSEO-GIMPOAIRPORT-SM01-N04",
        "parent_submarket_id": "SEOUL-GANGSEO-GIMPOAIRPORT-SM01",
        "node_type": "street",
        "name": "공항대로",
        "address": null,
        "latitude": null,
        "longitude": null,
        "source_id": "SRC-V1-FRAMEONE",
        "field_survey_priority": "C",
        "notes": "좌표·주소 확인 필요; v1 텍스트에서 분리",
        "status": "text_only"
      },
      "geometry": null
    },
    {
      "type": "Feature",
      "id": "SEOUL-GANGSEO-GIMPOAIRPORT-SM01-N05",
      "properties": {
        "node_id": "SEOUL-GANGSEO-GIMPOAIRPORT-SM01-N05",
        "parent_submarket_id": "SEOUL-GANGSEO-GIMPOAIRPORT-SM01",
        "node_type": "shopping",
        "name": "롯데몰",
        "address": null,
        "latitude": null,
        "longitude": null,
        "source_id": "SRC-V1-FRAMEONE",
        "field_survey_priority": "C",
        "notes": "좌표·주소 확인 필요; v1 텍스트에서 분리",
        "status": "text_only"
      },
      "geometry": null
    },
    {
      "type": "Feature",
      "id": "SEOUL-GANGSEO-GIMPOAIRPORT-SM01-N06",
      "properties": {
        "node_id": "SEOUL-GANGSEO-GIMPOAIRPORT-SM01-N06",
        "parent_submarket_id": "SEOUL-GANGSEO-GIMPOAIRPORT-SM01",
        "node_type": "traditional_market",
        "name": "공항시장",
        "address": null,
        "latitude": null,
        "longitude": null,
        "source_id": "SRC-V1-FRAMEONE",
        "field_survey_priority": "C",
        "notes": "좌표·주소 확인 필요; v1 텍스트에서 분리",
        "status": "text_only"
      },
      "geometry": null
    },
    {
      "type": "Feature",
      "id": "SEOUL-GANGSEO-HWAGOK-SM01-N01",
      "properties": {
        "node_id": "SEOUL-GANGSEO-HWAGOK-SM01-N01",
        "parent_submarket_id": "SEOUL-GANGSEO-HWAGOK-SM01",
        "node_type": "anchor",
        "name": "화곡",
        "address": null,
        "latitude": null,
        "longitude": null,
        "source_id": "SRC-V1-FRAMEONE",
        "field_survey_priority": "B",
        "notes": "좌표·주소 확인 필요; v1 텍스트에서 분리",
        "status": "text_only"
      },
      "geometry": null
    },
    {
      "type": "Feature",
      "id": "SEOUL-GANGSEO-HWAGOK-SM01-N02",
      "properties": {
        "node_id": "SEOUL-GANGSEO-HWAGOK-SM01-N02",
        "parent_submarket_id": "SEOUL-GANGSEO-HWAGOK-SM01",
        "node_type": "street",
        "name": "화곡로",
        "address": null,
        "latitude": null,
        "longitude": null,
        "source_id": "SRC-V1-FRAMEONE",
        "field_survey_priority": "B",
        "notes": "좌표·주소 확인 필요; v1 텍스트에서 분리",
        "status": "text_only"
      },
      "geometry": null
    },
    {
      "type": "Feature",
      "id": "SEOUL-GANGSEO-HWAGOK-SM01-N03",
      "properties": {
        "node_id": "SEOUL-GANGSEO-HWAGOK-SM01-N03",
        "parent_submarket_id": "SEOUL-GANGSEO-HWAGOK-SM01",
        "node_type": "street",
        "name": "강서로",
        "address": null,
        "latitude": null,
        "longitude": null,
        "source_id": "SRC-V1-FRAMEONE",
        "field_survey_priority": "B",
        "notes": "좌표·주소 확인 필요; v1 텍스트에서 분리",
        "status": "text_only"
      },
      "geometry": null
    },
    {
      "type": "Feature",
      "id": "SEOUL-GANGSEO-HWAGOK-SM01-N04",
      "properties": {
        "node_id": "SEOUL-GANGSEO-HWAGOK-SM01-N04",
        "parent_submarket_id": "SEOUL-GANGSEO-HWAGOK-SM01",
        "node_type": "station",
        "name": "화곡역",
        "address": null,
        "latitude": null,
        "longitude": null,
        "source_id": "SRC-V1-FRAMEONE",
        "field_survey_priority": "B",
        "notes": "좌표·주소 확인 필요; v1 텍스트에서 분리",
        "status": "text_only"
      },
      "geometry": null
    },
    {
      "type": "Feature",
      "id": "SEOUL-GANGSEO-HWAGOK-SM01-N05",
      "properties": {
        "node_id": "SEOUL-GANGSEO-HWAGOK-SM01-N05",
        "parent_submarket_id": "SEOUL-GANGSEO-HWAGOK-SM01",
        "node_type": "traditional_market",
        "name": "화곡본동시장",
        "address": null,
        "latitude": null,
        "longitude": null,
        "source_id": "SRC-V1-FRAMEONE",
        "field_survey_priority": "B",
        "notes": "좌표·주소 확인 필요; v1 텍스트에서 분리",
        "status": "text_only"
      },
      "geometry": null
    },
    {
      "type": "Feature",
      "id": "SEOUL-GANGSEO-KKACHISAN-SM01-N01",
      "properties": {
        "node_id": "SEOUL-GANGSEO-KKACHISAN-SM01-N01",
        "parent_submarket_id": "SEOUL-GANGSEO-KKACHISAN-SM01",
        "node_type": "anchor",
        "name": "까치산",
        "address": null,
        "latitude": null,
        "longitude": null,
        "source_id": "SRC-V1-FRAMEONE",
        "field_survey_priority": "B",
        "notes": "좌표·주소 확인 필요; v1 텍스트에서 분리",
        "status": "text_only"
      },
      "geometry": null
    },
    {
      "type": "Feature",
      "id": "SEOUL-GANGSEO-KKACHISAN-SM01-N02",
      "properties": {
        "node_id": "SEOUL-GANGSEO-KKACHISAN-SM01-N02",
        "parent_submarket_id": "SEOUL-GANGSEO-KKACHISAN-SM01",
        "node_type": "street",
        "name": "강서로",
        "address": null,
        "latitude": null,
        "longitude": null,
        "source_id": "SRC-V1-FRAMEONE",
        "field_survey_priority": "B",
        "notes": "좌표·주소 확인 필요; v1 텍스트에서 분리",
        "status": "text_only"
      },
      "geometry": null
    },
    {
      "type": "Feature",
      "id": "SEOUL-GANGSEO-KKACHISAN-SM01-N03",
      "properties": {
        "node_id": "SEOUL-GANGSEO-KKACHISAN-SM01-N03",
        "parent_submarket_id": "SEOUL-GANGSEO-KKACHISAN-SM01",
        "node_type": "street",
        "name": "곰달래로",
        "address": null,
        "latitude": null,
        "longitude": null,
        "source_id": "SRC-V1-FRAMEONE",
        "field_survey_priority": "B",
        "notes": "좌표·주소 확인 필요; v1 텍스트에서 분리",
        "status": "text_only"
      },
      "geometry": null
    },
    {
      "type": "Feature",
      "id": "SEOUL-GANGSEO-KKACHISAN-SM01-N04",
      "properties": {
        "node_id": "SEOUL-GANGSEO-KKACHISAN-SM01-N04",
        "parent_submarket_id": "SEOUL-GANGSEO-KKACHISAN-SM01",
        "node_type": "station",
        "name": "까치산역",
        "address": null,
        "latitude": null,
        "longitude": null,
        "source_id": "SRC-V1-FRAMEONE",
        "field_survey_priority": "B",
        "notes": "좌표·주소 확인 필요; v1 텍스트에서 분리",
        "status": "text_only"
      },
      "geometry": null
    },
    {
      "type": "Feature",
      "id": "SEOUL-GANGSEO-DEUNGCHON-YEOMCHANG-SM01-N01",
      "properties": {
        "node_id": "SEOUL-GANGSEO-DEUNGCHON-YEOMCHANG-SM01-N01",
        "parent_submarket_id": "SEOUL-GANGSEO-DEUNGCHON-YEOMCHANG-SM01",
        "node_type": "anchor",
        "name": "등촌",
        "address": null,
        "latitude": null,
        "longitude": null,
        "source_id": "SRC-V1-FRAMEONE",
        "field_survey_priority": "B",
        "notes": "좌표·주소 확인 필요; v1 텍스트에서 분리",
        "status": "text_only"
      },
      "geometry": null
    },
    {
      "type": "Feature",
      "id": "SEOUL-GANGSEO-DEUNGCHON-YEOMCHANG-SM02-N02",
      "properties": {
        "node_id": "SEOUL-GANGSEO-DEUNGCHON-YEOMCHANG-SM02-N02",
        "parent_submarket_id": "SEOUL-GANGSEO-DEUNGCHON-YEOMCHANG-SM02",
        "node_type": "anchor",
        "name": "염창",
        "address": null,
        "latitude": null,
        "longitude": null,
        "source_id": "SRC-V1-FRAMEONE",
        "field_survey_priority": "B",
        "notes": "좌표·주소 확인 필요; v1 텍스트에서 분리",
        "status": "text_only"
      },
      "geometry": null
    },
    {
      "type": "Feature",
      "id": "SEOUL-GANGSEO-DEUNGCHON-YEOMCHANG-SM01-N03",
      "properties": {
        "node_id": "SEOUL-GANGSEO-DEUNGCHON-YEOMCHANG-SM01-N03",
        "parent_submarket_id": "SEOUL-GANGSEO-DEUNGCHON-YEOMCHANG-SM01",
        "node_type": "anchor",
        "name": "증미",
        "address": null,
        "latitude": null,
        "longitude": null,
        "source_id": "SRC-V1-FRAMEONE",
        "field_survey_priority": "B",
        "notes": "좌표·주소 확인 필요; v1 텍스트에서 분리",
        "status": "text_only"
      },
      "geometry": null
    },
    {
      "type": "Feature",
      "id": "SEOUL-GANGSEO-DEUNGCHON-YEOMCHANG-SM01-N04",
      "properties": {
        "node_id": "SEOUL-GANGSEO-DEUNGCHON-YEOMCHANG-SM01-N04",
        "parent_submarket_id": "SEOUL-GANGSEO-DEUNGCHON-YEOMCHANG-SM01",
        "node_type": "street",
        "name": "공항대로",
        "address": null,
        "latitude": null,
        "longitude": null,
        "source_id": "SRC-V1-FRAMEONE",
        "field_survey_priority": "B",
        "notes": "좌표·주소 확인 필요; v1 텍스트에서 분리",
        "status": "text_only"
      },
      "geometry": null
    },
    {
      "type": "Feature",
      "id": "SEOUL-GANGSEO-DEUNGCHON-YEOMCHANG-SM01-N05",
      "properties": {
        "node_id": "SEOUL-GANGSEO-DEUNGCHON-YEOMCHANG-SM01-N05",
        "parent_submarket_id": "SEOUL-GANGSEO-DEUNGCHON-YEOMCHANG-SM01",
        "node_type": "street",
        "name": "양천로",
        "address": null,
        "latitude": null,
        "longitude": null,
        "source_id": "SRC-V1-FRAMEONE",
        "field_survey_priority": "B",
        "notes": "좌표·주소 확인 필요; v1 텍스트에서 분리",
        "status": "text_only"
      },
      "geometry": null
    },
    {
      "type": "Feature",
      "id": "SEOUL-GANGSEO-DEUNGCHON-YEOMCHANG-SM01-N06",
      "properties": {
        "node_id": "SEOUL-GANGSEO-DEUNGCHON-YEOMCHANG-SM01-N06",
        "parent_submarket_id": "SEOUL-GANGSEO-DEUNGCHON-YEOMCHANG-SM01",
        "node_type": "station",
        "name": "등촌역",
        "address": null,
        "latitude": null,
        "longitude": null,
        "source_id": "SRC-V1-FRAMEONE",
        "field_survey_priority": "B",
        "notes": "좌표·주소 확인 필요; v1 텍스트에서 분리",
        "status": "text_only"
      },
      "geometry": null
    },
    {
      "type": "Feature",
      "id": "SEOUL-GANGSEO-DEUNGCHON-YEOMCHANG-SM02-N07",
      "properties": {
        "node_id": "SEOUL-GANGSEO-DEUNGCHON-YEOMCHANG-SM02-N07",
        "parent_submarket_id": "SEOUL-GANGSEO-DEUNGCHON-YEOMCHANG-SM02",
        "node_type": "station",
        "name": "염창역",
        "address": null,
        "latitude": null,
        "longitude": null,
        "source_id": "SRC-V1-FRAMEONE",
        "field_survey_priority": "B",
        "notes": "좌표·주소 확인 필요; v1 텍스트에서 분리",
        "status": "text_only"
      },
      "geometry": null
    },
    {
      "type": "Feature",
      "id": "SEOUL-GANGSEO-BANGHWA-SM01-N01",
      "properties": {
        "node_id": "SEOUL-GANGSEO-BANGHWA-SM01-N01",
        "parent_submarket_id": "SEOUL-GANGSEO-BANGHWA-SM01",
        "node_type": "anchor",
        "name": "방화",
        "address": null,
        "latitude": null,
        "longitude": null,
        "source_id": "SRC-V1-FRAMEONE",
        "field_survey_priority": "C",
        "notes": "좌표·주소 확인 필요; v1 텍스트에서 분리",
        "status": "text_only"
      },
      "geometry": null
    },
    {
      "type": "Feature",
      "id": "SEOUL-GANGSEO-BANGHWA-SM02-N02",
      "properties": {
        "node_id": "SEOUL-GANGSEO-BANGHWA-SM02-N02",
        "parent_submarket_id": "SEOUL-GANGSEO-BANGHWA-SM02",
        "node_type": "anchor",
        "name": "개화산",
        "address": null,
        "latitude": null,
        "longitude": null,
        "source_id": "SRC-V1-FRAMEONE",
        "field_survey_priority": "C",
        "notes": "좌표·주소 확인 필요; v1 텍스트에서 분리",
        "status": "text_only"
      },
      "geometry": null
    },
    {
      "type": "Feature",
      "id": "SEOUL-GANGSEO-BANGHWA-SM01-N03",
      "properties": {
        "node_id": "SEOUL-GANGSEO-BANGHWA-SM01-N03",
        "parent_submarket_id": "SEOUL-GANGSEO-BANGHWA-SM01",
        "node_type": "street",
        "name": "금낭화로",
        "address": null,
        "latitude": null,
        "longitude": null,
        "source_id": "SRC-V1-FRAMEONE",
        "field_survey_priority": "C",
        "notes": "좌표·주소 확인 필요; v1 텍스트에서 분리",
        "status": "text_only"
      },
      "geometry": null
    },
    {
      "type": "Feature",
      "id": "SEOUL-GANGSEO-BANGHWA-SM01-N04",
      "properties": {
        "node_id": "SEOUL-GANGSEO-BANGHWA-SM01-N04",
        "parent_submarket_id": "SEOUL-GANGSEO-BANGHWA-SM01",
        "node_type": "street",
        "name": "방화대로",
        "address": null,
        "latitude": null,
        "longitude": null,
        "source_id": "SRC-V1-FRAMEONE",
        "field_survey_priority": "C",
        "notes": "좌표·주소 확인 필요; v1 텍스트에서 분리",
        "status": "text_only"
      },
      "geometry": null
    },
    {
      "type": "Feature",
      "id": "SEOUL-GANGSEO-BANGHWA-SM01-N05",
      "properties": {
        "node_id": "SEOUL-GANGSEO-BANGHWA-SM01-N05",
        "parent_submarket_id": "SEOUL-GANGSEO-BANGHWA-SM01",
        "node_type": "station",
        "name": "방화역",
        "address": null,
        "latitude": null,
        "longitude": null,
        "source_id": "SRC-V1-FRAMEONE",
        "field_survey_priority": "C",
        "notes": "좌표·주소 확인 필요; v1 텍스트에서 분리",
        "status": "text_only"
      },
      "geometry": null
    },
    {
      "type": "Feature",
      "id": "SEOUL-GANGSEO-BANGHWA-SM02-N06",
      "properties": {
        "node_id": "SEOUL-GANGSEO-BANGHWA-SM02-N06",
        "parent_submarket_id": "SEOUL-GANGSEO-BANGHWA-SM02",
        "node_type": "station",
        "name": "개화산역",
        "address": null,
        "latitude": null,
        "longitude": null,
        "source_id": "SRC-V1-FRAMEONE",
        "field_survey_priority": "C",
        "notes": "좌표·주소 확인 필요; v1 텍스트에서 분리",
        "status": "text_only"
      },
      "geometry": null
    },
    {
      "type": "Feature",
      "id": "SEOUL-GANGSEO-BANGHWA-SM01-N07",
      "properties": {
        "node_id": "SEOUL-GANGSEO-BANGHWA-SM01-N07",
        "parent_submarket_id": "SEOUL-GANGSEO-BANGHWA-SM01",
        "node_type": "traditional_market",
        "name": "방신시장",
        "address": null,
        "latitude": null,
        "longitude": null,
        "source_id": "SRC-V1-FRAMEONE",
        "field_survey_priority": "C",
        "notes": "좌표·주소 확인 필요; v1 텍스트에서 분리",
        "status": "text_only"
      },
      "geometry": null
    },
    {
      "type": "Feature",
      "id": "SEOUL-GURO-GURODIGITAL-SM01-N01",
      "properties": {
        "node_id": "SEOUL-GURO-GURODIGITAL-SM01-N01",
        "parent_submarket_id": "SEOUL-GURO-GURODIGITAL-SM01",
        "node_type": "street",
        "name": "구로디지털단지",
        "address": null,
        "latitude": null,
        "longitude": null,
        "source_id": "SRC-V1-FRAMEONE",
        "field_survey_priority": "S",
        "notes": "좌표·주소 확인 필요; v1 텍스트에서 분리",
        "status": "text_only"
      },
      "geometry": null
    },
    {
      "type": "Feature",
      "id": "SEOUL-GURO-GURODIGITAL-SM01-N02",
      "properties": {
        "node_id": "SEOUL-GURO-GURODIGITAL-SM01-N02",
        "parent_submarket_id": "SEOUL-GURO-GURODIGITAL-SM01",
        "node_type": "street",
        "name": "디지털로",
        "address": null,
        "latitude": null,
        "longitude": null,
        "source_id": "SRC-V1-FRAMEONE",
        "field_survey_priority": "S",
        "notes": "좌표·주소 확인 필요; v1 텍스트에서 분리",
        "status": "text_only"
      },
      "geometry": null
    },
    {
      "type": "Feature",
      "id": "SEOUL-GURO-GURODIGITAL-SM01-N03",
      "properties": {
        "node_id": "SEOUL-GURO-GURODIGITAL-SM01-N03",
        "parent_submarket_id": "SEOUL-GURO-GURODIGITAL-SM01",
        "node_type": "street",
        "name": "도림천로",
        "address": null,
        "latitude": null,
        "longitude": null,
        "source_id": "SRC-V1-FRAMEONE",
        "field_survey_priority": "S",
        "notes": "좌표·주소 확인 필요; v1 텍스트에서 분리",
        "status": "text_only"
      },
      "geometry": null
    },
    {
      "type": "Feature",
      "id": "SEOUL-GURO-GURODIGITAL-SM01-N04",
      "properties": {
        "node_id": "SEOUL-GURO-GURODIGITAL-SM01-N04",
        "parent_submarket_id": "SEOUL-GURO-GURODIGITAL-SM01",
        "node_type": "station",
        "name": "구로디지털단지역",
        "address": null,
        "latitude": null,
        "longitude": null,
        "source_id": "SRC-V1-FRAMEONE",
        "field_survey_priority": "S",
        "notes": "좌표·주소 확인 필요; v1 텍스트에서 분리",
        "status": "text_only"
      },
      "geometry": null
    },
    {
      "type": "Feature",
      "id": "SEOUL-GURO-SINDORIM-SM01-N01",
      "properties": {
        "node_id": "SEOUL-GURO-SINDORIM-SM01-N01",
        "parent_submarket_id": "SEOUL-GURO-SINDORIM-SM01",
        "node_type": "anchor",
        "name": "신도림",
        "address": null,
        "latitude": null,
        "longitude": null,
        "source_id": "SRC-V1-FRAMEONE",
        "field_survey_priority": "A",
        "notes": "좌표·주소 확인 필요; v1 텍스트에서 분리",
        "status": "text_only"
      },
      "geometry": null
    },
    {
      "type": "Feature",
      "id": "SEOUL-GURO-SINDORIM-SM01-N02",
      "properties": {
        "node_id": "SEOUL-GURO-SINDORIM-SM01-N02",
        "parent_submarket_id": "SEOUL-GURO-SINDORIM-SM01",
        "node_type": "street",
        "name": "경인로",
        "address": null,
        "latitude": null,
        "longitude": null,
        "source_id": "SRC-V1-FRAMEONE",
        "field_survey_priority": "A",
        "notes": "좌표·주소 확인 필요; v1 텍스트에서 분리",
        "status": "text_only"
      },
      "geometry": null
    },
    {
      "type": "Feature",
      "id": "SEOUL-GURO-SINDORIM-SM01-N03",
      "properties": {
        "node_id": "SEOUL-GURO-SINDORIM-SM01-N03",
        "parent_submarket_id": "SEOUL-GURO-SINDORIM-SM01",
        "node_type": "street",
        "name": "새말로",
        "address": null,
        "latitude": null,
        "longitude": null,
        "source_id": "SRC-V1-FRAMEONE",
        "field_survey_priority": "A",
        "notes": "좌표·주소 확인 필요; v1 텍스트에서 분리",
        "status": "text_only"
      },
      "geometry": null
    },
    {
      "type": "Feature",
      "id": "SEOUL-GURO-SINDORIM-SM01-N04",
      "properties": {
        "node_id": "SEOUL-GURO-SINDORIM-SM01-N04",
        "parent_submarket_id": "SEOUL-GURO-SINDORIM-SM01",
        "node_type": "station",
        "name": "신도림역",
        "address": null,
        "latitude": null,
        "longitude": null,
        "source_id": "SRC-V1-FRAMEONE",
        "field_survey_priority": "A",
        "notes": "좌표·주소 확인 필요; v1 텍스트에서 분리",
        "status": "text_only"
      },
      "geometry": null
    },
    {
      "type": "Feature",
      "id": "SEOUL-GURO-SINDORIM-SM01-N05",
      "properties": {
        "node_id": "SEOUL-GURO-SINDORIM-SM01-N05",
        "parent_submarket_id": "SEOUL-GURO-SINDORIM-SM01",
        "node_type": "shopping",
        "name": "테크노마트",
        "address": null,
        "latitude": null,
        "longitude": null,
        "source_id": "SRC-V1-FRAMEONE",
        "field_survey_priority": "A",
        "notes": "좌표·주소 확인 필요; v1 텍스트에서 분리",
        "status": "text_only"
      },
      "geometry": null
    },
    {
      "type": "Feature",
      "id": "SEOUL-GURO-GUROSTN-SM01-N01",
      "properties": {
        "node_id": "SEOUL-GURO-GUROSTN-SM01-N01",
        "parent_submarket_id": "SEOUL-GURO-GUROSTN-SM01",
        "node_type": "street",
        "name": "구로",
        "address": null,
        "latitude": null,
        "longitude": null,
        "source_id": "SRC-V1-FRAMEONE",
        "field_survey_priority": "B",
        "notes": "좌표·주소 확인 필요; v1 텍스트에서 분리",
        "status": "text_only"
      },
      "geometry": null
    },
    {
      "type": "Feature",
      "id": "SEOUL-GURO-GUROSTN-SM01-N02",
      "properties": {
        "node_id": "SEOUL-GURO-GUROSTN-SM01-N02",
        "parent_submarket_id": "SEOUL-GURO-GUROSTN-SM01",
        "node_type": "street",
        "name": "경인로",
        "address": null,
        "latitude": null,
        "longitude": null,
        "source_id": "SRC-V1-FRAMEONE",
        "field_survey_priority": "B",
        "notes": "좌표·주소 확인 필요; v1 텍스트에서 분리",
        "status": "text_only"
      },
      "geometry": null
    },
    {
      "type": "Feature",
      "id": "SEOUL-GURO-GUROSTN-SM01-N03",
      "properties": {
        "node_id": "SEOUL-GURO-GUROSTN-SM01-N03",
        "parent_submarket_id": "SEOUL-GURO-GUROSTN-SM01",
        "node_type": "street",
        "name": "구로중앙로",
        "address": null,
        "latitude": null,
        "longitude": null,
        "source_id": "SRC-V1-FRAMEONE",
        "field_survey_priority": "B",
        "notes": "좌표·주소 확인 필요; v1 텍스트에서 분리",
        "status": "text_only"
      },
      "geometry": null
    },
    {
      "type": "Feature",
      "id": "SEOUL-GURO-GUROSTN-SM01-N04",
      "properties": {
        "node_id": "SEOUL-GURO-GUROSTN-SM01-N04",
        "parent_submarket_id": "SEOUL-GURO-GUROSTN-SM01",
        "node_type": "station",
        "name": "구로역",
        "address": null,
        "latitude": null,
        "longitude": null,
        "source_id": "SRC-V1-FRAMEONE",
        "field_survey_priority": "B",
        "notes": "좌표·주소 확인 필요; v1 텍스트에서 분리",
        "status": "text_only"
      },
      "geometry": null
    },
    {
      "type": "Feature",
      "id": "SEOUL-GURO-GUROSTN-SM01-N05",
      "properties": {
        "node_id": "SEOUL-GURO-GUROSTN-SM01-N05",
        "parent_submarket_id": "SEOUL-GURO-GUROSTN-SM01",
        "node_type": "traditional_market",
        "name": "구로시장",
        "address": null,
        "latitude": null,
        "longitude": null,
        "source_id": "SRC-V1-FRAMEONE",
        "field_survey_priority": "B",
        "notes": "좌표·주소 확인 필요; v1 텍스트에서 분리",
        "status": "text_only"
      },
      "geometry": null
    },
    {
      "type": "Feature",
      "id": "SEOUL-GURO-GOCHEOK-GAEBONG-SM01-N01",
      "properties": {
        "node_id": "SEOUL-GURO-GOCHEOK-GAEBONG-SM01-N01",
        "parent_submarket_id": "SEOUL-GURO-GOCHEOK-GAEBONG-SM01",
        "node_type": "anchor",
        "name": "개봉",
        "address": null,
        "latitude": null,
        "longitude": null,
        "source_id": "SRC-V1-FRAMEONE",
        "field_survey_priority": "B",
        "notes": "좌표·주소 확인 필요; v1 텍스트에서 분리",
        "status": "text_only"
      },
      "geometry": null
    },
    {
      "type": "Feature",
      "id": "SEOUL-GURO-GOCHEOK-GAEBONG-SM01-N02",
      "properties": {
        "node_id": "SEOUL-GURO-GOCHEOK-GAEBONG-SM01-N02",
        "parent_submarket_id": "SEOUL-GURO-GOCHEOK-GAEBONG-SM01",
        "node_type": "street",
        "name": "경인로",
        "address": null,
        "latitude": null,
        "longitude": null,
        "source_id": "SRC-V1-FRAMEONE",
        "field_survey_priority": "B",
        "notes": "좌표·주소 확인 필요; v1 텍스트에서 분리",
        "status": "text_only"
      },
      "geometry": null
    },
    {
      "type": "Feature",
      "id": "SEOUL-GURO-GOCHEOK-GAEBONG-SM01-N03",
      "properties": {
        "node_id": "SEOUL-GURO-GOCHEOK-GAEBONG-SM01-N03",
        "parent_submarket_id": "SEOUL-GURO-GOCHEOK-GAEBONG-SM01",
        "node_type": "street",
        "name": "고척로",
        "address": null,
        "latitude": null,
        "longitude": null,
        "source_id": "SRC-V1-FRAMEONE",
        "field_survey_priority": "B",
        "notes": "좌표·주소 확인 필요; v1 텍스트에서 분리",
        "status": "text_only"
      },
      "geometry": null
    },
    {
      "type": "Feature",
      "id": "SEOUL-GURO-GOCHEOK-GAEBONG-SM01-N04",
      "properties": {
        "node_id": "SEOUL-GURO-GOCHEOK-GAEBONG-SM01-N04",
        "parent_submarket_id": "SEOUL-GURO-GOCHEOK-GAEBONG-SM01",
        "node_type": "tourism_culture",
        "name": "고척스카이돔",
        "address": null,
        "latitude": null,
        "longitude": null,
        "source_id": "SRC-V1-FRAMEONE",
        "field_survey_priority": "B",
        "notes": "좌표·주소 확인 필요; v1 텍스트에서 분리",
        "status": "text_only"
      },
      "geometry": null
    },
    {
      "type": "Feature",
      "id": "SEOUL-GURO-GOCHEOK-GAEBONG-SM01-N05",
      "properties": {
        "node_id": "SEOUL-GURO-GOCHEOK-GAEBONG-SM01-N05",
        "parent_submarket_id": "SEOUL-GURO-GOCHEOK-GAEBONG-SM01",
        "node_type": "station",
        "name": "개봉역",
        "address": null,
        "latitude": null,
        "longitude": null,
        "source_id": "SRC-V1-FRAMEONE",
        "field_survey_priority": "B",
        "notes": "좌표·주소 확인 필요; v1 텍스트에서 분리",
        "status": "text_only"
      },
      "geometry": null
    },
    {
      "type": "Feature",
      "id": "SEOUL-GURO-GOCHEOK-GAEBONG-SM01-N06",
      "properties": {
        "node_id": "SEOUL-GURO-GOCHEOK-GAEBONG-SM01-N06",
        "parent_submarket_id": "SEOUL-GURO-GOCHEOK-GAEBONG-SM01",
        "node_type": "traditional_market",
        "name": "고척시장",
        "address": null,
        "latitude": null,
        "longitude": null,
        "source_id": "SRC-V1-FRAMEONE",
        "field_survey_priority": "B",
        "notes": "좌표·주소 확인 필요; v1 텍스트에서 분리",
        "status": "text_only"
      },
      "geometry": null
    },
    {
      "type": "Feature",
      "id": "SEOUL-GURO-ORYU-ONSU-SM01-N01",
      "properties": {
        "node_id": "SEOUL-GURO-ORYU-ONSU-SM01-N01",
        "parent_submarket_id": "SEOUL-GURO-ORYU-ONSU-SM01",
        "node_type": "anchor",
        "name": "오류동",
        "address": null,
        "latitude": null,
        "longitude": null,
        "source_id": "SRC-V1-FRAMEONE",
        "field_survey_priority": "B",
        "notes": "좌표·주소 확인 필요; v1 텍스트에서 분리",
        "status": "text_only"
      },
      "geometry": null
    },
    {
      "type": "Feature",
      "id": "SEOUL-GURO-ORYU-ONSU-SM02-N02",
      "properties": {
        "node_id": "SEOUL-GURO-ORYU-ONSU-SM02-N02",
        "parent_submarket_id": "SEOUL-GURO-ORYU-ONSU-SM02",
        "node_type": "anchor",
        "name": "온수",
        "address": null,
        "latitude": null,
        "longitude": null,
        "source_id": "SRC-V1-FRAMEONE",
        "field_survey_priority": "B",
        "notes": "좌표·주소 확인 필요; v1 텍스트에서 분리",
        "status": "text_only"
      },
      "geometry": null
    },
    {
      "type": "Feature",
      "id": "SEOUL-GURO-ORYU-ONSU-SM01-N03",
      "properties": {
        "node_id": "SEOUL-GURO-ORYU-ONSU-SM01-N03",
        "parent_submarket_id": "SEOUL-GURO-ORYU-ONSU-SM01",
        "node_type": "street",
        "name": "경인로",
        "address": null,
        "latitude": null,
        "longitude": null,
        "source_id": "SRC-V1-FRAMEONE",
        "field_survey_priority": "B",
        "notes": "좌표·주소 확인 필요; v1 텍스트에서 분리",
        "status": "text_only"
      },
      "geometry": null
    },
    {
      "type": "Feature",
      "id": "SEOUL-GURO-ORYU-ONSU-SM01-N04",
      "properties": {
        "node_id": "SEOUL-GURO-ORYU-ONSU-SM01-N04",
        "parent_submarket_id": "SEOUL-GURO-ORYU-ONSU-SM01",
        "node_type": "street",
        "name": "부일로",
        "address": null,
        "latitude": null,
        "longitude": null,
        "source_id": "SRC-V1-FRAMEONE",
        "field_survey_priority": "B",
        "notes": "좌표·주소 확인 필요; v1 텍스트에서 분리",
        "status": "text_only"
      },
      "geometry": null
    },
    {
      "type": "Feature",
      "id": "SEOUL-GURO-ORYU-ONSU-SM01-N05",
      "properties": {
        "node_id": "SEOUL-GURO-ORYU-ONSU-SM01-N05",
        "parent_submarket_id": "SEOUL-GURO-ORYU-ONSU-SM01",
        "node_type": "station",
        "name": "오류동역",
        "address": null,
        "latitude": null,
        "longitude": null,
        "source_id": "SRC-V1-FRAMEONE",
        "field_survey_priority": "B",
        "notes": "좌표·주소 확인 필요; v1 텍스트에서 분리",
        "status": "text_only"
      },
      "geometry": null
    },
    {
      "type": "Feature",
      "id": "SEOUL-GURO-ORYU-ONSU-SM02-N06",
      "properties": {
        "node_id": "SEOUL-GURO-ORYU-ONSU-SM02-N06",
        "parent_submarket_id": "SEOUL-GURO-ORYU-ONSU-SM02",
        "node_type": "station",
        "name": "온수역",
        "address": null,
        "latitude": null,
        "longitude": null,
        "source_id": "SRC-V1-FRAMEONE",
        "field_survey_priority": "B",
        "notes": "좌표·주소 확인 필요; v1 텍스트에서 분리",
        "status": "text_only"
      },
      "geometry": null
    },
    {
      "type": "Feature",
      "id": "SEOUL-GURO-ORYU-ONSU-SM01-N07",
      "properties": {
        "node_id": "SEOUL-GURO-ORYU-ONSU-SM01-N07",
        "parent_submarket_id": "SEOUL-GURO-ORYU-ONSU-SM01",
        "node_type": "traditional_market",
        "name": "오류시장",
        "address": null,
        "latitude": null,
        "longitude": null,
        "source_id": "SRC-V1-FRAMEONE",
        "field_survey_priority": "B",
        "notes": "좌표·주소 확인 필요; v1 텍스트에서 분리",
        "status": "text_only"
      },
      "geometry": null
    },
    {
      "type": "Feature",
      "id": "SEOUL-GURO-CHEONWANG-SM01-N01",
      "properties": {
        "node_id": "SEOUL-GURO-CHEONWANG-SM01-N01",
        "parent_submarket_id": "SEOUL-GURO-CHEONWANG-SM01",
        "node_type": "anchor",
        "name": "천왕",
        "address": null,
        "latitude": null,
        "longitude": null,
        "source_id": "SRC-V1-FRAMEONE",
        "field_survey_priority": "B",
        "notes": "좌표·주소 확인 필요; v1 텍스트에서 분리",
        "status": "text_only"
      },
      "geometry": null
    },
    {
      "type": "Feature",
      "id": "SEOUL-GURO-CHEONWANG-SM01-N02",
      "properties": {
        "node_id": "SEOUL-GURO-CHEONWANG-SM01-N02",
        "parent_submarket_id": "SEOUL-GURO-CHEONWANG-SM01",
        "node_type": "street",
        "name": "오리로",
        "address": null,
        "latitude": null,
        "longitude": null,
        "source_id": "SRC-V1-FRAMEONE",
        "field_survey_priority": "B",
        "notes": "좌표·주소 확인 필요; v1 텍스트에서 분리",
        "status": "text_only"
      },
      "geometry": null
    },
    {
      "type": "Feature",
      "id": "SEOUL-GURO-CHEONWANG-SM01-N03",
      "properties": {
        "node_id": "SEOUL-GURO-CHEONWANG-SM01-N03",
        "parent_submarket_id": "SEOUL-GURO-CHEONWANG-SM01",
        "node_type": "street",
        "name": "천왕로",
        "address": null,
        "latitude": null,
        "longitude": null,
        "source_id": "SRC-V1-FRAMEONE",
        "field_survey_priority": "B",
        "notes": "좌표·주소 확인 필요; v1 텍스트에서 분리",
        "status": "text_only"
      },
      "geometry": null
    },
    {
      "type": "Feature",
      "id": "SEOUL-GURO-CHEONWANG-SM01-N04",
      "properties": {
        "node_id": "SEOUL-GURO-CHEONWANG-SM01-N04",
        "parent_submarket_id": "SEOUL-GURO-CHEONWANG-SM01",
        "node_type": "station",
        "name": "천왕역",
        "address": null,
        "latitude": null,
        "longitude": null,
        "source_id": "SRC-V1-FRAMEONE",
        "field_survey_priority": "B",
        "notes": "좌표·주소 확인 필요; v1 텍스트에서 분리",
        "status": "text_only"
      },
      "geometry": null
    },
    {
      "type": "Feature",
      "id": "SEOUL-GEUMCHEON-GASANDIGITAL-SM01-N01",
      "properties": {
        "node_id": "SEOUL-GEUMCHEON-GASANDIGITAL-SM01-N01",
        "parent_submarket_id": "SEOUL-GEUMCHEON-GASANDIGITAL-SM01",
        "node_type": "anchor",
        "name": "가산디지털단지",
        "address": null,
        "latitude": null,
        "longitude": null,
        "source_id": "SRC-V1-FRAMEONE",
        "field_survey_priority": "A",
        "notes": "좌표·주소 확인 필요; v1 텍스트에서 분리",
        "status": "text_only"
      },
      "geometry": null
    },
    {
      "type": "Feature",
      "id": "SEOUL-GEUMCHEON-GASANDIGITAL-SM01-N02",
      "properties": {
        "node_id": "SEOUL-GEUMCHEON-GASANDIGITAL-SM01-N02",
        "parent_submarket_id": "SEOUL-GEUMCHEON-GASANDIGITAL-SM01",
        "node_type": "street",
        "name": "디지털로",
        "address": null,
        "latitude": null,
        "longitude": null,
        "source_id": "SRC-V1-FRAMEONE",
        "field_survey_priority": "A",
        "notes": "좌표·주소 확인 필요; v1 텍스트에서 분리",
        "status": "text_only"
      },
      "geometry": null
    },
    {
      "type": "Feature",
      "id": "SEOUL-GEUMCHEON-GASANDIGITAL-SM01-N03",
      "properties": {
        "node_id": "SEOUL-GEUMCHEON-GASANDIGITAL-SM01-N03",
        "parent_submarket_id": "SEOUL-GEUMCHEON-GASANDIGITAL-SM01",
        "node_type": "street",
        "name": "벚꽃로",
        "address": null,
        "latitude": null,
        "longitude": null,
        "source_id": "SRC-V1-FRAMEONE",
        "field_survey_priority": "A",
        "notes": "좌표·주소 확인 필요; v1 텍스트에서 분리",
        "status": "text_only"
      },
      "geometry": null
    },
    {
      "type": "Feature",
      "id": "SEOUL-GEUMCHEON-GASANDIGITAL-SM01-N04",
      "properties": {
        "node_id": "SEOUL-GEUMCHEON-GASANDIGITAL-SM01-N04",
        "parent_submarket_id": "SEOUL-GEUMCHEON-GASANDIGITAL-SM01",
        "node_type": "station",
        "name": "가산디지털단지역",
        "address": null,
        "latitude": null,
        "longitude": null,
        "source_id": "SRC-V1-FRAMEONE",
        "field_survey_priority": "A",
        "notes": "좌표·주소 확인 필요; v1 텍스트에서 분리",
        "status": "text_only"
      },
      "geometry": null
    },
    {
      "type": "Feature",
      "id": "SEOUL-GEUMCHEON-DOKSAN-SM01-N01",
      "properties": {
        "node_id": "SEOUL-GEUMCHEON-DOKSAN-SM01-N01",
        "parent_submarket_id": "SEOUL-GEUMCHEON-DOKSAN-SM01",
        "node_type": "anchor",
        "name": "독산",
        "address": null,
        "latitude": null,
        "longitude": null,
        "source_id": "SRC-V1-FRAMEONE",
        "field_survey_priority": "C",
        "notes": "좌표·주소 확인 필요; v1 텍스트에서 분리",
        "status": "text_only"
      },
      "geometry": null
    },
    {
      "type": "Feature",
      "id": "SEOUL-GEUMCHEON-DOKSAN-SM01-N02",
      "properties": {
        "node_id": "SEOUL-GEUMCHEON-DOKSAN-SM01-N02",
        "parent_submarket_id": "SEOUL-GEUMCHEON-DOKSAN-SM01",
        "node_type": "street",
        "name": "시흥대로",
        "address": null,
        "latitude": null,
        "longitude": null,
        "source_id": "SRC-V1-FRAMEONE",
        "field_survey_priority": "C",
        "notes": "좌표·주소 확인 필요; v1 텍스트에서 분리",
        "status": "text_only"
      },
      "geometry": null
    },
    {
      "type": "Feature",
      "id": "SEOUL-GEUMCHEON-DOKSAN-SM01-N03",
      "properties": {
        "node_id": "SEOUL-GEUMCHEON-DOKSAN-SM01-N03",
        "parent_submarket_id": "SEOUL-GEUMCHEON-DOKSAN-SM01",
        "node_type": "street",
        "name": "범안로",
        "address": null,
        "latitude": null,
        "longitude": null,
        "source_id": "SRC-V1-FRAMEONE",
        "field_survey_priority": "C",
        "notes": "좌표·주소 확인 필요; v1 텍스트에서 분리",
        "status": "text_only"
      },
      "geometry": null
    },
    {
      "type": "Feature",
      "id": "SEOUL-GEUMCHEON-DOKSAN-SM01-N04",
      "properties": {
        "node_id": "SEOUL-GEUMCHEON-DOKSAN-SM01-N04",
        "parent_submarket_id": "SEOUL-GEUMCHEON-DOKSAN-SM01",
        "node_type": "station",
        "name": "독산역",
        "address": null,
        "latitude": null,
        "longitude": null,
        "source_id": "SRC-V1-FRAMEONE",
        "field_survey_priority": "C",
        "notes": "좌표·주소 확인 필요; v1 텍스트에서 분리",
        "status": "text_only"
      },
      "geometry": null
    },
    {
      "type": "Feature",
      "id": "SEOUL-GEUMCHEON-DOKSAN-SM01-N05",
      "properties": {
        "node_id": "SEOUL-GEUMCHEON-DOKSAN-SM01-N05",
        "parent_submarket_id": "SEOUL-GEUMCHEON-DOKSAN-SM01",
        "node_type": "traditional_market",
        "name": "독산동 우시장",
        "address": null,
        "latitude": null,
        "longitude": null,
        "source_id": "SRC-V1-FRAMEONE",
        "field_survey_priority": "C",
        "notes": "좌표·주소 확인 필요; v1 텍스트에서 분리",
        "status": "text_only"
      },
      "geometry": null
    },
    {
      "type": "Feature",
      "id": "SEOUL-GEUMCHEON-SIHEUNG-SAGEORI-SM01-N01",
      "properties": {
        "node_id": "SEOUL-GEUMCHEON-SIHEUNG-SAGEORI-SM01-N01",
        "parent_submarket_id": "SEOUL-GEUMCHEON-SIHEUNG-SAGEORI-SM01",
        "node_type": "anchor",
        "name": "금천구청(버스 연계)",
        "address": null,
        "latitude": null,
        "longitude": null,
        "source_id": "SRC-V1-FRAMEONE",
        "field_survey_priority": "S",
        "notes": "좌표·주소 확인 필요; v1 텍스트에서 분리",
        "status": "text_only"
      },
      "geometry": null
    },
    {
      "type": "Feature",
      "id": "SEOUL-GEUMCHEON-SIHEUNG-SAGEORI-SM01-N02",
      "properties": {
        "node_id": "SEOUL-GEUMCHEON-SIHEUNG-SAGEORI-SM01-N02",
        "parent_submarket_id": "SEOUL-GEUMCHEON-SIHEUNG-SAGEORI-SM01",
        "node_type": "street",
        "name": "시흥대로",
        "address": null,
        "latitude": null,
        "longitude": null,
        "source_id": "SRC-V1-FRAMEONE",
        "field_survey_priority": "S",
        "notes": "좌표·주소 확인 필요; v1 텍스트에서 분리",
        "status": "text_only"
      },
      "geometry": null
    },
    {
      "type": "Feature",
      "id": "SEOUL-GEUMCHEON-SIHEUNG-SAGEORI-SM01-N03",
      "properties": {
        "node_id": "SEOUL-GEUMCHEON-SIHEUNG-SAGEORI-SM01-N03",
        "parent_submarket_id": "SEOUL-GEUMCHEON-SIHEUNG-SAGEORI-SM01",
        "node_type": "street",
        "name": "금하로",
        "address": null,
        "latitude": null,
        "longitude": null,
        "source_id": "SRC-V1-FRAMEONE",
        "field_survey_priority": "S",
        "notes": "좌표·주소 확인 필요; v1 텍스트에서 분리",
        "status": "text_only"
      },
      "geometry": null
    },
    {
      "type": "Feature",
      "id": "SEOUL-GEUMCHEON-SIHEUNG-SAGEORI-SM01-N04",
      "properties": {
        "node_id": "SEOUL-GEUMCHEON-SIHEUNG-SAGEORI-SM01-N04",
        "parent_submarket_id": "SEOUL-GEUMCHEON-SIHEUNG-SAGEORI-SM01",
        "node_type": "traditional_market",
        "name": "은행나무시장",
        "address": null,
        "latitude": null,
        "longitude": null,
        "source_id": "SRC-V1-FRAMEONE",
        "field_survey_priority": "S",
        "notes": "좌표·주소 확인 필요; v1 텍스트에서 분리",
        "status": "text_only"
      },
      "geometry": null
    },
    {
      "type": "Feature",
      "id": "SEOUL-GEUMCHEON-GEUMCHEONGU-OFFICE-SM01-N01",
      "properties": {
        "node_id": "SEOUL-GEUMCHEON-GEUMCHEONGU-OFFICE-SM01-N01",
        "parent_submarket_id": "SEOUL-GEUMCHEON-GEUMCHEONGU-OFFICE-SM01",
        "node_type": "anchor",
        "name": "금천구청",
        "address": null,
        "latitude": null,
        "longitude": null,
        "source_id": "SRC-V1-FRAMEONE",
        "field_survey_priority": "C",
        "notes": "좌표·주소 확인 필요; v1 텍스트에서 분리",
        "status": "text_only"
      },
      "geometry": null
    },
    {
      "type": "Feature",
      "id": "SEOUL-GEUMCHEON-GEUMCHEONGU-OFFICE-SM01-N02",
      "properties": {
        "node_id": "SEOUL-GEUMCHEON-GEUMCHEONGU-OFFICE-SM01-N02",
        "parent_submarket_id": "SEOUL-GEUMCHEON-GEUMCHEONGU-OFFICE-SM01",
        "node_type": "street",
        "name": "시흥대로",
        "address": null,
        "latitude": null,
        "longitude": null,
        "source_id": "SRC-V1-FRAMEONE",
        "field_survey_priority": "C",
        "notes": "좌표·주소 확인 필요; v1 텍스트에서 분리",
        "status": "text_only"
      },
      "geometry": null
    },
    {
      "type": "Feature",
      "id": "SEOUL-GEUMCHEON-GEUMCHEONGU-OFFICE-SM01-N03",
      "properties": {
        "node_id": "SEOUL-GEUMCHEON-GEUMCHEONGU-OFFICE-SM01-N03",
        "parent_submarket_id": "SEOUL-GEUMCHEON-GEUMCHEONGU-OFFICE-SM01",
        "node_type": "street",
        "name": "벚꽃로",
        "address": null,
        "latitude": null,
        "longitude": null,
        "source_id": "SRC-V1-FRAMEONE",
        "field_survey_priority": "C",
        "notes": "좌표·주소 확인 필요; v1 텍스트에서 분리",
        "status": "text_only"
      },
      "geometry": null
    },
    {
      "type": "Feature",
      "id": "SEOUL-GEUMCHEON-GEUMCHEONGU-OFFICE-SM01-N04",
      "properties": {
        "node_id": "SEOUL-GEUMCHEON-GEUMCHEONGU-OFFICE-SM01-N04",
        "parent_submarket_id": "SEOUL-GEUMCHEON-GEUMCHEONGU-OFFICE-SM01",
        "node_type": "station",
        "name": "금천구청역",
        "address": null,
        "latitude": null,
        "longitude": null,
        "source_id": "SRC-V1-FRAMEONE",
        "field_survey_priority": "C",
        "notes": "좌표·주소 확인 필요; v1 텍스트에서 분리",
        "status": "text_only"
      },
      "geometry": null
    },
    {
      "type": "Feature",
      "id": "SEOUL-YEONGDEUNGPO-YEOUIDO-SM01-N01",
      "properties": {
        "node_id": "SEOUL-YEONGDEUNGPO-YEOUIDO-SM01-N01",
        "parent_submarket_id": "SEOUL-YEONGDEUNGPO-YEOUIDO-SM01",
        "node_type": "anchor",
        "name": "여의도",
        "address": null,
        "latitude": null,
        "longitude": null,
        "source_id": "SRC-V1-FRAMEONE",
        "field_survey_priority": "A",
        "notes": "좌표·주소 확인 필요; v1 텍스트에서 분리",
        "status": "text_only"
      },
      "geometry": null
    },
    {
      "type": "Feature",
      "id": "SEOUL-YEONGDEUNGPO-YEOUIDO-SM01-N02",
      "properties": {
        "node_id": "SEOUL-YEONGDEUNGPO-YEOUIDO-SM01-N02",
        "parent_submarket_id": "SEOUL-YEONGDEUNGPO-YEOUIDO-SM01",
        "node_type": "anchor",
        "name": "여의나루",
        "address": null,
        "latitude": null,
        "longitude": null,
        "source_id": "SRC-V1-FRAMEONE",
        "field_survey_priority": "A",
        "notes": "좌표·주소 확인 필요; v1 텍스트에서 분리",
        "status": "text_only"
      },
      "geometry": null
    },
    {
      "type": "Feature",
      "id": "SEOUL-YEONGDEUNGPO-YEOUIDO-SM01-N03",
      "properties": {
        "node_id": "SEOUL-YEONGDEUNGPO-YEOUIDO-SM01-N03",
        "parent_submarket_id": "SEOUL-YEONGDEUNGPO-YEOUIDO-SM01",
        "node_type": "street",
        "name": "국제금융로",
        "address": null,
        "latitude": null,
        "longitude": null,
        "source_id": "SRC-V1-FRAMEONE",
        "field_survey_priority": "A",
        "notes": "좌표·주소 확인 필요; v1 텍스트에서 분리",
        "status": "text_only"
      },
      "geometry": null
    },
    {
      "type": "Feature",
      "id": "SEOUL-YEONGDEUNGPO-YEOUIDO-SM01-N04",
      "properties": {
        "node_id": "SEOUL-YEONGDEUNGPO-YEOUIDO-SM01-N04",
        "parent_submarket_id": "SEOUL-YEONGDEUNGPO-YEOUIDO-SM01",
        "node_type": "street",
        "name": "여의대로",
        "address": null,
        "latitude": null,
        "longitude": null,
        "source_id": "SRC-V1-FRAMEONE",
        "field_survey_priority": "A",
        "notes": "좌표·주소 확인 필요; v1 텍스트에서 분리",
        "status": "text_only"
      },
      "geometry": null
    },
    {
      "type": "Feature",
      "id": "SEOUL-YEONGDEUNGPO-YEOUIDO-SM01-N05",
      "properties": {
        "node_id": "SEOUL-YEONGDEUNGPO-YEOUIDO-SM01-N05",
        "parent_submarket_id": "SEOUL-YEONGDEUNGPO-YEOUIDO-SM01",
        "node_type": "station",
        "name": "여의도역",
        "address": null,
        "latitude": null,
        "longitude": null,
        "source_id": "SRC-V1-FRAMEONE",
        "field_survey_priority": "A",
        "notes": "좌표·주소 확인 필요; v1 텍스트에서 분리",
        "status": "text_only"
      },
      "geometry": null
    },
    {
      "type": "Feature",
      "id": "SEOUL-YEONGDEUNGPO-YEOUIDO-SM01-N06",
      "properties": {
        "node_id": "SEOUL-YEONGDEUNGPO-YEOUIDO-SM01-N06",
        "parent_submarket_id": "SEOUL-YEONGDEUNGPO-YEOUIDO-SM01",
        "node_type": "shopping",
        "name": "IFC",
        "address": null,
        "latitude": null,
        "longitude": null,
        "source_id": "SRC-V1-FRAMEONE",
        "field_survey_priority": "A",
        "notes": "좌표·주소 확인 필요; v1 텍스트에서 분리",
        "status": "text_only"
      },
      "geometry": null
    },
    {
      "type": "Feature",
      "id": "SEOUL-YEONGDEUNGPO-YEOUIDO-SM01-N07",
      "properties": {
        "node_id": "SEOUL-YEONGDEUNGPO-YEOUIDO-SM01-N07",
        "parent_submarket_id": "SEOUL-YEONGDEUNGPO-YEOUIDO-SM01",
        "node_type": "shopping",
        "name": "더현대서울",
        "address": null,
        "latitude": null,
        "longitude": null,
        "source_id": "SRC-V1-FRAMEONE",
        "field_survey_priority": "A",
        "notes": "좌표·주소 확인 필요; v1 텍스트에서 분리",
        "status": "text_only"
      },
      "geometry": null
    },
    {
      "type": "Feature",
      "id": "SEOUL-YEONGDEUNGPO-YEOUIDO-SM01-N08",
      "properties": {
        "node_id": "SEOUL-YEONGDEUNGPO-YEOUIDO-SM01-N08",
        "parent_submarket_id": "SEOUL-YEONGDEUNGPO-YEOUIDO-SM01",
        "node_type": "park_water_access",
        "name": "한강공원",
        "address": null,
        "latitude": null,
        "longitude": null,
        "source_id": "SRC-V1-FRAMEONE",
        "field_survey_priority": "A",
        "notes": "좌표·주소 확인 필요; v1 텍스트에서 분리",
        "status": "text_only"
      },
      "geometry": null
    },
    {
      "type": "Feature",
      "id": "SEOUL-YEONGDEUNGPO-YEONGDEUNGPOSTN-SM01-N01",
      "properties": {
        "node_id": "SEOUL-YEONGDEUNGPO-YEONGDEUNGPOSTN-SM01-N01",
        "parent_submarket_id": "SEOUL-YEONGDEUNGPO-YEONGDEUNGPOSTN-SM01",
        "node_type": "anchor",
        "name": "영등포",
        "address": null,
        "latitude": null,
        "longitude": null,
        "source_id": "SRC-V1-FRAMEONE",
        "field_survey_priority": "A",
        "notes": "좌표·주소 확인 필요; v1 텍스트에서 분리",
        "status": "text_only"
      },
      "geometry": null
    },
    {
      "type": "Feature",
      "id": "SEOUL-YEONGDEUNGPO-YEONGDEUNGPOSTN-SM01-N02",
      "properties": {
        "node_id": "SEOUL-YEONGDEUNGPO-YEONGDEUNGPOSTN-SM01-N02",
        "parent_submarket_id": "SEOUL-YEONGDEUNGPO-YEONGDEUNGPOSTN-SM01",
        "node_type": "street",
        "name": "영중로",
        "address": null,
        "latitude": null,
        "longitude": null,
        "source_id": "SRC-V1-FRAMEONE",
        "field_survey_priority": "A",
        "notes": "좌표·주소 확인 필요; v1 텍스트에서 분리",
        "status": "text_only"
      },
      "geometry": null
    },
    {
      "type": "Feature",
      "id": "SEOUL-YEONGDEUNGPO-YEONGDEUNGPOSTN-SM01-N03",
      "properties": {
        "node_id": "SEOUL-YEONGDEUNGPO-YEONGDEUNGPOSTN-SM01-N03",
        "parent_submarket_id": "SEOUL-YEONGDEUNGPO-YEONGDEUNGPOSTN-SM01",
        "node_type": "street",
        "name": "경인로",
        "address": null,
        "latitude": null,
        "longitude": null,
        "source_id": "SRC-V1-FRAMEONE",
        "field_survey_priority": "A",
        "notes": "좌표·주소 확인 필요; v1 텍스트에서 분리",
        "status": "text_only"
      },
      "geometry": null
    },
    {
      "type": "Feature",
      "id": "SEOUL-YEONGDEUNGPO-YEONGDEUNGPOSTN-SM01-N04",
      "properties": {
        "node_id": "SEOUL-YEONGDEUNGPO-YEONGDEUNGPOSTN-SM01-N04",
        "parent_submarket_id": "SEOUL-YEONGDEUNGPO-YEONGDEUNGPOSTN-SM01",
        "node_type": "station",
        "name": "영등포역",
        "address": null,
        "latitude": null,
        "longitude": null,
        "source_id": "SRC-V1-FRAMEONE",
        "field_survey_priority": "A",
        "notes": "좌표·주소 확인 필요; v1 텍스트에서 분리",
        "status": "text_only"
      },
      "geometry": null
    },
    {
      "type": "Feature",
      "id": "SEOUL-YEONGDEUNGPO-YEONGDEUNGPOSTN-SM01-N05",
      "properties": {
        "node_id": "SEOUL-YEONGDEUNGPO-YEONGDEUNGPOSTN-SM01-N05",
        "parent_submarket_id": "SEOUL-YEONGDEUNGPO-YEONGDEUNGPOSTN-SM01",
        "node_type": "shopping",
        "name": "신세계백화점",
        "address": null,
        "latitude": null,
        "longitude": null,
        "source_id": "SRC-V1-FRAMEONE",
        "field_survey_priority": "A",
        "notes": "좌표·주소 확인 필요; v1 텍스트에서 분리",
        "status": "text_only"
      },
      "geometry": null
    },
    {
      "type": "Feature",
      "id": "SEOUL-YEONGDEUNGPO-MULLAE-SM02-N01",
      "properties": {
        "node_id": "SEOUL-YEONGDEUNGPO-MULLAE-SM02-N01",
        "parent_submarket_id": "SEOUL-YEONGDEUNGPO-MULLAE-SM02",
        "node_type": "anchor",
        "name": "문래",
        "address": null,
        "latitude": null,
        "longitude": null,
        "source_id": "SRC-V1-FRAMEONE",
        "field_survey_priority": "S",
        "notes": "좌표·주소 확인 필요; v1 텍스트에서 분리",
        "status": "text_only"
      },
      "geometry": null
    },
    {
      "type": "Feature",
      "id": "SEOUL-YEONGDEUNGPO-MULLAE-SM01-N02",
      "properties": {
        "node_id": "SEOUL-YEONGDEUNGPO-MULLAE-SM01-N02",
        "parent_submarket_id": "SEOUL-YEONGDEUNGPO-MULLAE-SM01",
        "node_type": "street",
        "name": "도림로",
        "address": null,
        "latitude": null,
        "longitude": null,
        "source_id": "SRC-V1-FRAMEONE",
        "field_survey_priority": "S",
        "notes": "좌표·주소 확인 필요; v1 텍스트에서 분리",
        "status": "text_only"
      },
      "geometry": null
    },
    {
      "type": "Feature",
      "id": "SEOUL-YEONGDEUNGPO-MULLAE-SM02-N03",
      "properties": {
        "node_id": "SEOUL-YEONGDEUNGPO-MULLAE-SM02-N03",
        "parent_submarket_id": "SEOUL-YEONGDEUNGPO-MULLAE-SM02",
        "node_type": "street",
        "name": "문래로",
        "address": null,
        "latitude": null,
        "longitude": null,
        "source_id": "SRC-V1-FRAMEONE",
        "field_survey_priority": "S",
        "notes": "좌표·주소 확인 필요; v1 텍스트에서 분리",
        "status": "text_only"
      },
      "geometry": null
    },
    {
      "type": "Feature",
      "id": "SEOUL-YEONGDEUNGPO-MULLAE-SM02-N04",
      "properties": {
        "node_id": "SEOUL-YEONGDEUNGPO-MULLAE-SM02-N04",
        "parent_submarket_id": "SEOUL-YEONGDEUNGPO-MULLAE-SM02",
        "node_type": "station",
        "name": "문래역",
        "address": null,
        "latitude": null,
        "longitude": null,
        "source_id": "SRC-V1-FRAMEONE",
        "field_survey_priority": "S",
        "notes": "좌표·주소 확인 필요; v1 텍스트에서 분리",
        "status": "text_only"
      },
      "geometry": null
    },
    {
      "type": "Feature",
      "id": "SEOUL-YEONGDEUNGPO-DANGSAN-SM01-N01",
      "properties": {
        "node_id": "SEOUL-YEONGDEUNGPO-DANGSAN-SM01-N01",
        "parent_submarket_id": "SEOUL-YEONGDEUNGPO-DANGSAN-SM01",
        "node_type": "anchor",
        "name": "당산",
        "address": null,
        "latitude": null,
        "longitude": null,
        "source_id": "SRC-V1-FRAMEONE",
        "field_survey_priority": "C",
        "notes": "좌표·주소 확인 필요; v1 텍스트에서 분리",
        "status": "text_only"
      },
      "geometry": null
    },
    {
      "type": "Feature",
      "id": "SEOUL-YEONGDEUNGPO-DANGSAN-SM01-N02",
      "properties": {
        "node_id": "SEOUL-YEONGDEUNGPO-DANGSAN-SM01-N02",
        "parent_submarket_id": "SEOUL-YEONGDEUNGPO-DANGSAN-SM01",
        "node_type": "street",
        "name": "양평로",
        "address": null,
        "latitude": null,
        "longitude": null,
        "source_id": "SRC-V1-FRAMEONE",
        "field_survey_priority": "C",
        "notes": "좌표·주소 확인 필요; v1 텍스트에서 분리",
        "status": "text_only"
      },
      "geometry": null
    },
    {
      "type": "Feature",
      "id": "SEOUL-YEONGDEUNGPO-DANGSAN-SM01-N03",
      "properties": {
        "node_id": "SEOUL-YEONGDEUNGPO-DANGSAN-SM01-N03",
        "parent_submarket_id": "SEOUL-YEONGDEUNGPO-DANGSAN-SM01",
        "node_type": "street",
        "name": "당산로",
        "address": null,
        "latitude": null,
        "longitude": null,
        "source_id": "SRC-V1-FRAMEONE",
        "field_survey_priority": "C",
        "notes": "좌표·주소 확인 필요; v1 텍스트에서 분리",
        "status": "text_only"
      },
      "geometry": null
    },
    {
      "type": "Feature",
      "id": "SEOUL-YEONGDEUNGPO-DANGSAN-SM01-N04",
      "properties": {
        "node_id": "SEOUL-YEONGDEUNGPO-DANGSAN-SM01-N04",
        "parent_submarket_id": "SEOUL-YEONGDEUNGPO-DANGSAN-SM01",
        "node_type": "station",
        "name": "당산역",
        "address": null,
        "latitude": null,
        "longitude": null,
        "source_id": "SRC-V1-FRAMEONE",
        "field_survey_priority": "C",
        "notes": "좌표·주소 확인 필요; v1 텍스트에서 분리",
        "status": "text_only"
      },
      "geometry": null
    },
    {
      "type": "Feature",
      "id": "SEOUL-YEONGDEUNGPO-SEONYUDO-YANGPYEONG-SM01-N01",
      "properties": {
        "node_id": "SEOUL-YEONGDEUNGPO-SEONYUDO-YANGPYEONG-SM01-N01",
        "parent_submarket_id": "SEOUL-YEONGDEUNGPO-SEONYUDO-YANGPYEONG-SM01",
        "node_type": "anchor",
        "name": "선유도",
        "address": null,
        "latitude": null,
        "longitude": null,
        "source_id": "SRC-V1-FRAMEONE",
        "field_survey_priority": "B",
        "notes": "좌표·주소 확인 필요; v1 텍스트에서 분리",
        "status": "text_only"
      },
      "geometry": null
    },
    {
      "type": "Feature",
      "id": "SEOUL-YEONGDEUNGPO-SEONYUDO-YANGPYEONG-SM01-N02",
      "properties": {
        "node_id": "SEOUL-YEONGDEUNGPO-SEONYUDO-YANGPYEONG-SM01-N02",
        "parent_submarket_id": "SEOUL-YEONGDEUNGPO-SEONYUDO-YANGPYEONG-SM01",
        "node_type": "anchor",
        "name": "양평",
        "address": null,
        "latitude": null,
        "longitude": null,
        "source_id": "SRC-V1-FRAMEONE",
        "field_survey_priority": "B",
        "notes": "좌표·주소 확인 필요; v1 텍스트에서 분리",
        "status": "text_only"
      },
      "geometry": null
    },
    {
      "type": "Feature",
      "id": "SEOUL-YEONGDEUNGPO-SEONYUDO-YANGPYEONG-SM01-N03",
      "properties": {
        "node_id": "SEOUL-YEONGDEUNGPO-SEONYUDO-YANGPYEONG-SM01-N03",
        "parent_submarket_id": "SEOUL-YEONGDEUNGPO-SEONYUDO-YANGPYEONG-SM01",
        "node_type": "street",
        "name": "양평로",
        "address": null,
        "latitude": null,
        "longitude": null,
        "source_id": "SRC-V1-FRAMEONE",
        "field_survey_priority": "B",
        "notes": "좌표·주소 확인 필요; v1 텍스트에서 분리",
        "status": "text_only"
      },
      "geometry": null
    },
    {
      "type": "Feature",
      "id": "SEOUL-YEONGDEUNGPO-SEONYUDO-YANGPYEONG-SM01-N04",
      "properties": {
        "node_id": "SEOUL-YEONGDEUNGPO-SEONYUDO-YANGPYEONG-SM01-N04",
        "parent_submarket_id": "SEOUL-YEONGDEUNGPO-SEONYUDO-YANGPYEONG-SM01",
        "node_type": "street",
        "name": "선유로",
        "address": null,
        "latitude": null,
        "longitude": null,
        "source_id": "SRC-V1-FRAMEONE",
        "field_survey_priority": "B",
        "notes": "좌표·주소 확인 필요; v1 텍스트에서 분리",
        "status": "text_only"
      },
      "geometry": null
    },
    {
      "type": "Feature",
      "id": "SEOUL-YEONGDEUNGPO-SEONYUDO-YANGPYEONG-SM01-N05",
      "properties": {
        "node_id": "SEOUL-YEONGDEUNGPO-SEONYUDO-YANGPYEONG-SM01-N05",
        "parent_submarket_id": "SEOUL-YEONGDEUNGPO-SEONYUDO-YANGPYEONG-SM01",
        "node_type": "park_water_access",
        "name": "선유도공원",
        "address": null,
        "latitude": null,
        "longitude": null,
        "source_id": "SRC-V1-FRAMEONE",
        "field_survey_priority": "B",
        "notes": "좌표·주소 확인 필요; v1 텍스트에서 분리",
        "status": "text_only"
      },
      "geometry": null
    },
    {
      "type": "Feature",
      "id": "SEOUL-YEONGDEUNGPO-SEONYUDO-YANGPYEONG-SM01-N06",
      "properties": {
        "node_id": "SEOUL-YEONGDEUNGPO-SEONYUDO-YANGPYEONG-SM01-N06",
        "parent_submarket_id": "SEOUL-YEONGDEUNGPO-SEONYUDO-YANGPYEONG-SM01",
        "node_type": "station",
        "name": "선유도역",
        "address": null,
        "latitude": null,
        "longitude": null,
        "source_id": "SRC-V1-FRAMEONE",
        "field_survey_priority": "B",
        "notes": "좌표·주소 확인 필요; v1 텍스트에서 분리",
        "status": "text_only"
      },
      "geometry": null
    },
    {
      "type": "Feature",
      "id": "SEOUL-YEONGDEUNGPO-SINGIL-DAERIM-SM01-N01",
      "properties": {
        "node_id": "SEOUL-YEONGDEUNGPO-SINGIL-DAERIM-SM01-N01",
        "parent_submarket_id": "SEOUL-YEONGDEUNGPO-SINGIL-DAERIM-SM01",
        "node_type": "street",
        "name": "신길",
        "address": null,
        "latitude": null,
        "longitude": null,
        "source_id": "SRC-V1-FRAMEONE",
        "field_survey_priority": "B",
        "notes": "좌표·주소 확인 필요; v1 텍스트에서 분리",
        "status": "text_only"
      },
      "geometry": null
    },
    {
      "type": "Feature",
      "id": "SEOUL-YEONGDEUNGPO-SINGIL-DAERIM-SM02-N02",
      "properties": {
        "node_id": "SEOUL-YEONGDEUNGPO-SINGIL-DAERIM-SM02-N02",
        "parent_submarket_id": "SEOUL-YEONGDEUNGPO-SINGIL-DAERIM-SM02",
        "node_type": "anchor",
        "name": "대림",
        "address": null,
        "latitude": null,
        "longitude": null,
        "source_id": "SRC-V1-FRAMEONE",
        "field_survey_priority": "B",
        "notes": "좌표·주소 확인 필요; v1 텍스트에서 분리",
        "status": "text_only"
      },
      "geometry": null
    },
    {
      "type": "Feature",
      "id": "SEOUL-YEONGDEUNGPO-SINGIL-DAERIM-SM01-N03",
      "properties": {
        "node_id": "SEOUL-YEONGDEUNGPO-SINGIL-DAERIM-SM01-N03",
        "parent_submarket_id": "SEOUL-YEONGDEUNGPO-SINGIL-DAERIM-SM01",
        "node_type": "street",
        "name": "도신로",
        "address": null,
        "latitude": null,
        "longitude": null,
        "source_id": "SRC-V1-FRAMEONE",
        "field_survey_priority": "B",
        "notes": "좌표·주소 확인 필요; v1 텍스트에서 분리",
        "status": "text_only"
      },
      "geometry": null
    },
    {
      "type": "Feature",
      "id": "SEOUL-YEONGDEUNGPO-SINGIL-DAERIM-SM01-N04",
      "properties": {
        "node_id": "SEOUL-YEONGDEUNGPO-SINGIL-DAERIM-SM01-N04",
        "parent_submarket_id": "SEOUL-YEONGDEUNGPO-SINGIL-DAERIM-SM01",
        "node_type": "street",
        "name": "도림로",
        "address": null,
        "latitude": null,
        "longitude": null,
        "source_id": "SRC-V1-FRAMEONE",
        "field_survey_priority": "B",
        "notes": "좌표·주소 확인 필요; v1 텍스트에서 분리",
        "status": "text_only"
      },
      "geometry": null
    },
    {
      "type": "Feature",
      "id": "SEOUL-YEONGDEUNGPO-SINGIL-DAERIM-SM02-N05",
      "properties": {
        "node_id": "SEOUL-YEONGDEUNGPO-SINGIL-DAERIM-SM02-N05",
        "parent_submarket_id": "SEOUL-YEONGDEUNGPO-SINGIL-DAERIM-SM02",
        "node_type": "station",
        "name": "대림역",
        "address": null,
        "latitude": null,
        "longitude": null,
        "source_id": "SRC-V1-FRAMEONE",
        "field_survey_priority": "B",
        "notes": "좌표·주소 확인 필요; v1 텍스트에서 분리",
        "status": "text_only"
      },
      "geometry": null
    },
    {
      "type": "Feature",
      "id": "SEOUL-YEONGDEUNGPO-SINGIL-DAERIM-SM02-N06",
      "properties": {
        "node_id": "SEOUL-YEONGDEUNGPO-SINGIL-DAERIM-SM02-N06",
        "parent_submarket_id": "SEOUL-YEONGDEUNGPO-SINGIL-DAERIM-SM02",
        "node_type": "traditional_market",
        "name": "대림중앙시장",
        "address": null,
        "latitude": null,
        "longitude": null,
        "source_id": "SRC-V1-FRAMEONE",
        "field_survey_priority": "B",
        "notes": "좌표·주소 확인 필요; v1 텍스트에서 분리",
        "status": "text_only"
      },
      "geometry": null
    },
    {
      "type": "Feature",
      "id": "SEOUL-YEONGDEUNGPO-YEONGDEUNGPO-MARKET-SM01-N01",
      "properties": {
        "node_id": "SEOUL-YEONGDEUNGPO-YEONGDEUNGPO-MARKET-SM01-N01",
        "parent_submarket_id": "SEOUL-YEONGDEUNGPO-YEONGDEUNGPO-MARKET-SM01",
        "node_type": "traditional_market",
        "name": "영등포시장",
        "address": null,
        "latitude": null,
        "longitude": null,
        "source_id": "SRC-V1-FRAMEONE",
        "field_survey_priority": "B",
        "notes": "좌표·주소 확인 필요; v1 텍스트에서 분리",
        "status": "text_only"
      },
      "geometry": null
    },
    {
      "type": "Feature",
      "id": "SEOUL-YEONGDEUNGPO-YEONGDEUNGPO-MARKET-SM01-N02",
      "properties": {
        "node_id": "SEOUL-YEONGDEUNGPO-YEONGDEUNGPO-MARKET-SM01-N02",
        "parent_submarket_id": "SEOUL-YEONGDEUNGPO-YEONGDEUNGPO-MARKET-SM01",
        "node_type": "street",
        "name": "영등포로",
        "address": null,
        "latitude": null,
        "longitude": null,
        "source_id": "SRC-V1-FRAMEONE",
        "field_survey_priority": "B",
        "notes": "좌표·주소 확인 필요; v1 텍스트에서 분리",
        "status": "text_only"
      },
      "geometry": null
    },
    {
      "type": "Feature",
      "id": "SEOUL-YEONGDEUNGPO-YEONGDEUNGPO-MARKET-SM01-N03",
      "properties": {
        "node_id": "SEOUL-YEONGDEUNGPO-YEONGDEUNGPO-MARKET-SM01-N03",
        "parent_submarket_id": "SEOUL-YEONGDEUNGPO-YEONGDEUNGPO-MARKET-SM01",
        "node_type": "street",
        "name": "영중로",
        "address": null,
        "latitude": null,
        "longitude": null,
        "source_id": "SRC-V1-FRAMEONE",
        "field_survey_priority": "B",
        "notes": "좌표·주소 확인 필요; v1 텍스트에서 분리",
        "status": "text_only"
      },
      "geometry": null
    },
    {
      "type": "Feature",
      "id": "SEOUL-DONGJAK-SADANG-SM01-N01",
      "properties": {
        "node_id": "SEOUL-DONGJAK-SADANG-SM01-N01",
        "parent_submarket_id": "SEOUL-DONGJAK-SADANG-SM01",
        "node_type": "anchor",
        "name": "사당",
        "address": null,
        "latitude": null,
        "longitude": null,
        "source_id": "SRC-V1-FRAMEONE",
        "field_survey_priority": "A",
        "notes": "좌표·주소 확인 필요; v1 텍스트에서 분리",
        "status": "text_only"
      },
      "geometry": null
    },
    {
      "type": "Feature",
      "id": "SEOUL-DONGJAK-SADANG-SM01-N02",
      "properties": {
        "node_id": "SEOUL-DONGJAK-SADANG-SM01-N02",
        "parent_submarket_id": "SEOUL-DONGJAK-SADANG-SM01",
        "node_type": "street",
        "name": "남부순환로",
        "address": null,
        "latitude": null,
        "longitude": null,
        "source_id": "SRC-V1-FRAMEONE",
        "field_survey_priority": "A",
        "notes": "좌표·주소 확인 필요; v1 텍스트에서 분리",
        "status": "text_only"
      },
      "geometry": null
    },
    {
      "type": "Feature",
      "id": "SEOUL-DONGJAK-SADANG-SM01-N03",
      "properties": {
        "node_id": "SEOUL-DONGJAK-SADANG-SM01-N03",
        "parent_submarket_id": "SEOUL-DONGJAK-SADANG-SM01",
        "node_type": "street",
        "name": "동작대로",
        "address": null,
        "latitude": null,
        "longitude": null,
        "source_id": "SRC-V1-FRAMEONE",
        "field_survey_priority": "A",
        "notes": "좌표·주소 확인 필요; v1 텍스트에서 분리",
        "status": "text_only"
      },
      "geometry": null
    },
    {
      "type": "Feature",
      "id": "SEOUL-DONGJAK-SADANG-SM01-N04",
      "properties": {
        "node_id": "SEOUL-DONGJAK-SADANG-SM01-N04",
        "parent_submarket_id": "SEOUL-DONGJAK-SADANG-SM01",
        "node_type": "station",
        "name": "사당역",
        "address": null,
        "latitude": null,
        "longitude": null,
        "source_id": "SRC-V1-FRAMEONE",
        "field_survey_priority": "A",
        "notes": "좌표·주소 확인 필요; v1 텍스트에서 분리",
        "status": "text_only"
      },
      "geometry": null
    },
    {
      "type": "Feature",
      "id": "SEOUL-DONGJAK-ISU-SM01-N01",
      "properties": {
        "node_id": "SEOUL-DONGJAK-ISU-SM01-N01",
        "parent_submarket_id": "SEOUL-DONGJAK-ISU-SM01",
        "node_type": "anchor",
        "name": "이수",
        "address": null,
        "latitude": null,
        "longitude": null,
        "source_id": "SRC-V1-FRAMEONE",
        "field_survey_priority": "B",
        "notes": "좌표·주소 확인 필요; v1 텍스트에서 분리",
        "status": "text_only"
      },
      "geometry": null
    },
    {
      "type": "Feature",
      "id": "SEOUL-DONGJAK-ISU-SM01-N02",
      "properties": {
        "node_id": "SEOUL-DONGJAK-ISU-SM01-N02",
        "parent_submarket_id": "SEOUL-DONGJAK-ISU-SM01",
        "node_type": "anchor",
        "name": "총신대입구",
        "address": null,
        "latitude": null,
        "longitude": null,
        "source_id": "SRC-V1-FRAMEONE",
        "field_survey_priority": "B",
        "notes": "좌표·주소 확인 필요; v1 텍스트에서 분리",
        "status": "text_only"
      },
      "geometry": null
    },
    {
      "type": "Feature",
      "id": "SEOUL-DONGJAK-ISU-SM01-N03",
      "properties": {
        "node_id": "SEOUL-DONGJAK-ISU-SM01-N03",
        "parent_submarket_id": "SEOUL-DONGJAK-ISU-SM01",
        "node_type": "street",
        "name": "동작대로",
        "address": null,
        "latitude": null,
        "longitude": null,
        "source_id": "SRC-V1-FRAMEONE",
        "field_survey_priority": "B",
        "notes": "좌표·주소 확인 필요; v1 텍스트에서 분리",
        "status": "text_only"
      },
      "geometry": null
    },
    {
      "type": "Feature",
      "id": "SEOUL-DONGJAK-ISU-SM01-N04",
      "properties": {
        "node_id": "SEOUL-DONGJAK-ISU-SM01-N04",
        "parent_submarket_id": "SEOUL-DONGJAK-ISU-SM01",
        "node_type": "street",
        "name": "사당로",
        "address": null,
        "latitude": null,
        "longitude": null,
        "source_id": "SRC-V1-FRAMEONE",
        "field_survey_priority": "B",
        "notes": "좌표·주소 확인 필요; v1 텍스트에서 분리",
        "status": "text_only"
      },
      "geometry": null
    },
    {
      "type": "Feature",
      "id": "SEOUL-DONGJAK-ISU-SM01-N05",
      "properties": {
        "node_id": "SEOUL-DONGJAK-ISU-SM01-N05",
        "parent_submarket_id": "SEOUL-DONGJAK-ISU-SM01",
        "node_type": "station",
        "name": "이수역",
        "address": null,
        "latitude": null,
        "longitude": null,
        "source_id": "SRC-V1-FRAMEONE",
        "field_survey_priority": "B",
        "notes": "좌표·주소 확인 필요; v1 텍스트에서 분리",
        "status": "text_only"
      },
      "geometry": null
    },
    {
      "type": "Feature",
      "id": "SEOUL-DONGJAK-ISU-SM01-N06",
      "properties": {
        "node_id": "SEOUL-DONGJAK-ISU-SM01-N06",
        "parent_submarket_id": "SEOUL-DONGJAK-ISU-SM01",
        "node_type": "shopping",
        "name": "태평백화점",
        "address": null,
        "latitude": null,
        "longitude": null,
        "source_id": "SRC-V1-FRAMEONE",
        "field_survey_priority": "B",
        "notes": "좌표·주소 확인 필요; v1 텍스트에서 분리",
        "status": "text_only"
      },
      "geometry": null
    },
    {
      "type": "Feature",
      "id": "SEOUL-DONGJAK-ISU-SM01-N07",
      "properties": {
        "node_id": "SEOUL-DONGJAK-ISU-SM01-N07",
        "parent_submarket_id": "SEOUL-DONGJAK-ISU-SM01",
        "node_type": "traditional_market",
        "name": "남성사계시장",
        "address": null,
        "latitude": null,
        "longitude": null,
        "source_id": "SRC-V1-FRAMEONE",
        "field_survey_priority": "B",
        "notes": "좌표·주소 확인 필요; v1 텍스트에서 분리",
        "status": "text_only"
      },
      "geometry": null
    },
    {
      "type": "Feature",
      "id": "SEOUL-DONGJAK-NORYANGJIN-SM01-N01",
      "properties": {
        "node_id": "SEOUL-DONGJAK-NORYANGJIN-SM01-N01",
        "parent_submarket_id": "SEOUL-DONGJAK-NORYANGJIN-SM01",
        "node_type": "anchor",
        "name": "노량진",
        "address": null,
        "latitude": null,
        "longitude": null,
        "source_id": "SRC-V1-FRAMEONE",
        "field_survey_priority": "S",
        "notes": "좌표·주소 확인 필요; v1 텍스트에서 분리",
        "status": "text_only"
      },
      "geometry": null
    },
    {
      "type": "Feature",
      "id": "SEOUL-DONGJAK-NORYANGJIN-SM01-N02",
      "properties": {
        "node_id": "SEOUL-DONGJAK-NORYANGJIN-SM01-N02",
        "parent_submarket_id": "SEOUL-DONGJAK-NORYANGJIN-SM01",
        "node_type": "street",
        "name": "노량진로",
        "address": null,
        "latitude": null,
        "longitude": null,
        "source_id": "SRC-V1-FRAMEONE",
        "field_survey_priority": "S",
        "notes": "좌표·주소 확인 필요; v1 텍스트에서 분리",
        "status": "text_only"
      },
      "geometry": null
    },
    {
      "type": "Feature",
      "id": "SEOUL-DONGJAK-NORYANGJIN-SM01-N03",
      "properties": {
        "node_id": "SEOUL-DONGJAK-NORYANGJIN-SM01-N03",
        "parent_submarket_id": "SEOUL-DONGJAK-NORYANGJIN-SM01",
        "node_type": "street",
        "name": "장승배기로",
        "address": null,
        "latitude": null,
        "longitude": null,
        "source_id": "SRC-V1-FRAMEONE",
        "field_survey_priority": "S",
        "notes": "좌표·주소 확인 필요; v1 텍스트에서 분리",
        "status": "text_only"
      },
      "geometry": null
    },
    {
      "type": "Feature",
      "id": "SEOUL-DONGJAK-NORYANGJIN-SM01-N04",
      "properties": {
        "node_id": "SEOUL-DONGJAK-NORYANGJIN-SM01-N04",
        "parent_submarket_id": "SEOUL-DONGJAK-NORYANGJIN-SM01",
        "node_type": "station",
        "name": "노량진역",
        "address": null,
        "latitude": null,
        "longitude": null,
        "source_id": "SRC-V1-FRAMEONE",
        "field_survey_priority": "S",
        "notes": "좌표·주소 확인 필요; v1 텍스트에서 분리",
        "status": "text_only"
      },
      "geometry": null
    },
    {
      "type": "Feature",
      "id": "SEOUL-DONGJAK-NORYANGJIN-SM01-N05",
      "properties": {
        "node_id": "SEOUL-DONGJAK-NORYANGJIN-SM01-N05",
        "parent_submarket_id": "SEOUL-DONGJAK-NORYANGJIN-SM01",
        "node_type": "traditional_market",
        "name": "수산시장",
        "address": null,
        "latitude": null,
        "longitude": null,
        "source_id": "SRC-V1-FRAMEONE",
        "field_survey_priority": "S",
        "notes": "좌표·주소 확인 필요; v1 텍스트에서 분리",
        "status": "text_only"
      },
      "geometry": null
    },
    {
      "type": "Feature",
      "id": "SEOUL-DONGJAK-HEUKSEOK-SM01-N01",
      "properties": {
        "node_id": "SEOUL-DONGJAK-HEUKSEOK-SM01-N01",
        "parent_submarket_id": "SEOUL-DONGJAK-HEUKSEOK-SM01",
        "node_type": "anchor",
        "name": "흑석",
        "address": null,
        "latitude": null,
        "longitude": null,
        "source_id": "SRC-V1-FRAMEONE",
        "field_survey_priority": "B",
        "notes": "좌표·주소 확인 필요; v1 텍스트에서 분리",
        "status": "text_only"
      },
      "geometry": null
    },
    {
      "type": "Feature",
      "id": "SEOUL-DONGJAK-HEUKSEOK-SM01-N02",
      "properties": {
        "node_id": "SEOUL-DONGJAK-HEUKSEOK-SM01-N02",
        "parent_submarket_id": "SEOUL-DONGJAK-HEUKSEOK-SM01",
        "node_type": "street",
        "name": "서달로",
        "address": null,
        "latitude": null,
        "longitude": null,
        "source_id": "SRC-V1-FRAMEONE",
        "field_survey_priority": "B",
        "notes": "좌표·주소 확인 필요; v1 텍스트에서 분리",
        "status": "text_only"
      },
      "geometry": null
    },
    {
      "type": "Feature",
      "id": "SEOUL-DONGJAK-HEUKSEOK-SM01-N03",
      "properties": {
        "node_id": "SEOUL-DONGJAK-HEUKSEOK-SM01-N03",
        "parent_submarket_id": "SEOUL-DONGJAK-HEUKSEOK-SM01",
        "node_type": "street",
        "name": "현충로",
        "address": null,
        "latitude": null,
        "longitude": null,
        "source_id": "SRC-V1-FRAMEONE",
        "field_survey_priority": "B",
        "notes": "좌표·주소 확인 필요; v1 텍스트에서 분리",
        "status": "text_only"
      },
      "geometry": null
    },
    {
      "type": "Feature",
      "id": "SEOUL-DONGJAK-HEUKSEOK-SM01-N04",
      "properties": {
        "node_id": "SEOUL-DONGJAK-HEUKSEOK-SM01-N04",
        "parent_submarket_id": "SEOUL-DONGJAK-HEUKSEOK-SM01",
        "node_type": "station",
        "name": "흑석역",
        "address": null,
        "latitude": null,
        "longitude": null,
        "source_id": "SRC-V1-FRAMEONE",
        "field_survey_priority": "B",
        "notes": "좌표·주소 확인 필요; v1 텍스트에서 분리",
        "status": "text_only"
      },
      "geometry": null
    },
    {
      "type": "Feature",
      "id": "SEOUL-DONGJAK-HEUKSEOK-SM01-N05",
      "properties": {
        "node_id": "SEOUL-DONGJAK-HEUKSEOK-SM01-N05",
        "parent_submarket_id": "SEOUL-DONGJAK-HEUKSEOK-SM01",
        "node_type": "traditional_market",
        "name": "흑석시장",
        "address": null,
        "latitude": null,
        "longitude": null,
        "source_id": "SRC-V1-FRAMEONE",
        "field_survey_priority": "B",
        "notes": "좌표·주소 확인 필요; v1 텍스트에서 분리",
        "status": "text_only"
      },
      "geometry": null
    },
    {
      "type": "Feature",
      "id": "SEOUL-DONGJAK-SANGDO-SM01-N01",
      "properties": {
        "node_id": "SEOUL-DONGJAK-SANGDO-SM01-N01",
        "parent_submarket_id": "SEOUL-DONGJAK-SANGDO-SM01",
        "node_type": "anchor",
        "name": "상도",
        "address": null,
        "latitude": null,
        "longitude": null,
        "source_id": "SRC-V1-FRAMEONE",
        "field_survey_priority": "B",
        "notes": "좌표·주소 확인 필요; v1 텍스트에서 분리",
        "status": "text_only"
      },
      "geometry": null
    },
    {
      "type": "Feature",
      "id": "SEOUL-DONGJAK-SANGDO-SM03-N02",
      "properties": {
        "node_id": "SEOUL-DONGJAK-SANGDO-SM03-N02",
        "parent_submarket_id": "SEOUL-DONGJAK-SANGDO-SM03",
        "node_type": "anchor",
        "name": "숭실대입구",
        "address": null,
        "latitude": null,
        "longitude": null,
        "source_id": "SRC-V1-FRAMEONE",
        "field_survey_priority": "B",
        "notes": "좌표·주소 확인 필요; v1 텍스트에서 분리",
        "status": "text_only"
      },
      "geometry": null
    },
    {
      "type": "Feature",
      "id": "SEOUL-DONGJAK-SANGDO-SM01-N03",
      "properties": {
        "node_id": "SEOUL-DONGJAK-SANGDO-SM01-N03",
        "parent_submarket_id": "SEOUL-DONGJAK-SANGDO-SM01",
        "node_type": "street",
        "name": "상도로",
        "address": null,
        "latitude": null,
        "longitude": null,
        "source_id": "SRC-V1-FRAMEONE",
        "field_survey_priority": "B",
        "notes": "좌표·주소 확인 필요; v1 텍스트에서 분리",
        "status": "text_only"
      },
      "geometry": null
    },
    {
      "type": "Feature",
      "id": "SEOUL-DONGJAK-SANGDO-SM01-N04",
      "properties": {
        "node_id": "SEOUL-DONGJAK-SANGDO-SM01-N04",
        "parent_submarket_id": "SEOUL-DONGJAK-SANGDO-SM01",
        "node_type": "street",
        "name": "사당로",
        "address": null,
        "latitude": null,
        "longitude": null,
        "source_id": "SRC-V1-FRAMEONE",
        "field_survey_priority": "B",
        "notes": "좌표·주소 확인 필요; v1 텍스트에서 분리",
        "status": "text_only"
      },
      "geometry": null
    },
    {
      "type": "Feature",
      "id": "SEOUL-DONGJAK-SANGDO-SM01-N05",
      "properties": {
        "node_id": "SEOUL-DONGJAK-SANGDO-SM01-N05",
        "parent_submarket_id": "SEOUL-DONGJAK-SANGDO-SM01",
        "node_type": "station",
        "name": "상도역",
        "address": null,
        "latitude": null,
        "longitude": null,
        "source_id": "SRC-V1-FRAMEONE",
        "field_survey_priority": "B",
        "notes": "좌표·주소 확인 필요; v1 텍스트에서 분리",
        "status": "text_only"
      },
      "geometry": null
    },
    {
      "type": "Feature",
      "id": "SEOUL-DONGJAK-SANGDO-SM02-N06",
      "properties": {
        "node_id": "SEOUL-DONGJAK-SANGDO-SM02-N06",
        "parent_submarket_id": "SEOUL-DONGJAK-SANGDO-SM02",
        "node_type": "station",
        "name": "장승배기역",
        "address": null,
        "latitude": null,
        "longitude": null,
        "source_id": "SRC-V1-FRAMEONE",
        "field_survey_priority": "B",
        "notes": "좌표·주소 확인 필요; v1 텍스트에서 분리",
        "status": "text_only"
      },
      "geometry": null
    },
    {
      "type": "Feature",
      "id": "SEOUL-DONGJAK-SINDAEBANG-BORAMAE-SM01-N01",
      "properties": {
        "node_id": "SEOUL-DONGJAK-SINDAEBANG-BORAMAE-SM01-N01",
        "parent_submarket_id": "SEOUL-DONGJAK-SINDAEBANG-BORAMAE-SM01",
        "node_type": "street",
        "name": "신대방삼거리",
        "address": null,
        "latitude": null,
        "longitude": null,
        "source_id": "SRC-V1-FRAMEONE",
        "field_survey_priority": "C",
        "notes": "좌표·주소 확인 필요; v1 텍스트에서 분리",
        "status": "text_only"
      },
      "geometry": null
    },
    {
      "type": "Feature",
      "id": "SEOUL-DONGJAK-SINDAEBANG-BORAMAE-SM01-N02",
      "properties": {
        "node_id": "SEOUL-DONGJAK-SINDAEBANG-BORAMAE-SM01-N02",
        "parent_submarket_id": "SEOUL-DONGJAK-SINDAEBANG-BORAMAE-SM01",
        "node_type": "anchor",
        "name": "보라매",
        "address": null,
        "latitude": null,
        "longitude": null,
        "source_id": "SRC-V1-FRAMEONE",
        "field_survey_priority": "C",
        "notes": "좌표·주소 확인 필요; v1 텍스트에서 분리",
        "status": "text_only"
      },
      "geometry": null
    },
    {
      "type": "Feature",
      "id": "SEOUL-DONGJAK-SINDAEBANG-BORAMAE-SM01-N03",
      "properties": {
        "node_id": "SEOUL-DONGJAK-SINDAEBANG-BORAMAE-SM01-N03",
        "parent_submarket_id": "SEOUL-DONGJAK-SINDAEBANG-BORAMAE-SM01",
        "node_type": "street",
        "name": "보라매로",
        "address": null,
        "latitude": null,
        "longitude": null,
        "source_id": "SRC-V1-FRAMEONE",
        "field_survey_priority": "C",
        "notes": "좌표·주소 확인 필요; v1 텍스트에서 분리",
        "status": "text_only"
      },
      "geometry": null
    },
    {
      "type": "Feature",
      "id": "SEOUL-DONGJAK-SINDAEBANG-BORAMAE-SM01-N04",
      "properties": {
        "node_id": "SEOUL-DONGJAK-SINDAEBANG-BORAMAE-SM01-N04",
        "parent_submarket_id": "SEOUL-DONGJAK-SINDAEBANG-BORAMAE-SM01",
        "node_type": "street",
        "name": "상도로",
        "address": null,
        "latitude": null,
        "longitude": null,
        "source_id": "SRC-V1-FRAMEONE",
        "field_survey_priority": "C",
        "notes": "좌표·주소 확인 필요; v1 텍스트에서 분리",
        "status": "text_only"
      },
      "geometry": null
    },
    {
      "type": "Feature",
      "id": "SEOUL-DONGJAK-SINDAEBANG-BORAMAE-SM01-N05",
      "properties": {
        "node_id": "SEOUL-DONGJAK-SINDAEBANG-BORAMAE-SM01-N05",
        "parent_submarket_id": "SEOUL-DONGJAK-SINDAEBANG-BORAMAE-SM01",
        "node_type": "park_water_access",
        "name": "보라매공원",
        "address": null,
        "latitude": null,
        "longitude": null,
        "source_id": "SRC-V1-FRAMEONE",
        "field_survey_priority": "C",
        "notes": "좌표·주소 확인 필요; v1 텍스트에서 분리",
        "status": "text_only"
      },
      "geometry": null
    },
    {
      "type": "Feature",
      "id": "SEOUL-GWANAK-SILLIM-SM01-N01",
      "properties": {
        "node_id": "SEOUL-GWANAK-SILLIM-SM01-N01",
        "parent_submarket_id": "SEOUL-GWANAK-SILLIM-SM01",
        "node_type": "anchor",
        "name": "신림",
        "address": null,
        "latitude": null,
        "longitude": null,
        "source_id": "SRC-V1-FRAMEONE",
        "field_survey_priority": "A",
        "notes": "좌표·주소 확인 필요; v1 텍스트에서 분리",
        "status": "text_only"
      },
      "geometry": null
    },
    {
      "type": "Feature",
      "id": "SEOUL-GWANAK-SILLIM-SM01-N02",
      "properties": {
        "node_id": "SEOUL-GWANAK-SILLIM-SM01-N02",
        "parent_submarket_id": "SEOUL-GWANAK-SILLIM-SM01",
        "node_type": "street",
        "name": "신림로",
        "address": null,
        "latitude": null,
        "longitude": null,
        "source_id": "SRC-V1-FRAMEONE",
        "field_survey_priority": "A",
        "notes": "좌표·주소 확인 필요; v1 텍스트에서 분리",
        "status": "text_only"
      },
      "geometry": null
    },
    {
      "type": "Feature",
      "id": "SEOUL-GWANAK-SILLIM-SM01-N03",
      "properties": {
        "node_id": "SEOUL-GWANAK-SILLIM-SM01-N03",
        "parent_submarket_id": "SEOUL-GWANAK-SILLIM-SM01",
        "node_type": "street",
        "name": "남부순환로",
        "address": null,
        "latitude": null,
        "longitude": null,
        "source_id": "SRC-V1-FRAMEONE",
        "field_survey_priority": "A",
        "notes": "좌표·주소 확인 필요; v1 텍스트에서 분리",
        "status": "text_only"
      },
      "geometry": null
    },
    {
      "type": "Feature",
      "id": "SEOUL-GWANAK-SILLIM-SM01-N04",
      "properties": {
        "node_id": "SEOUL-GWANAK-SILLIM-SM01-N04",
        "parent_submarket_id": "SEOUL-GWANAK-SILLIM-SM01",
        "node_type": "station",
        "name": "신림역",
        "address": null,
        "latitude": null,
        "longitude": null,
        "source_id": "SRC-V1-FRAMEONE",
        "field_survey_priority": "A",
        "notes": "좌표·주소 확인 필요; v1 텍스트에서 분리",
        "status": "text_only"
      },
      "geometry": null
    },
    {
      "type": "Feature",
      "id": "SEOUL-GWANAK-SNU-SHAROSU-SM01-N01",
      "properties": {
        "node_id": "SEOUL-GWANAK-SNU-SHAROSU-SM01-N01",
        "parent_submarket_id": "SEOUL-GWANAK-SNU-SHAROSU-SM01",
        "node_type": "university",
        "name": "서울대입구",
        "address": null,
        "latitude": null,
        "longitude": null,
        "source_id": "SRC-V1-FRAMEONE",
        "field_survey_priority": "S",
        "notes": "좌표·주소 확인 필요; v1 텍스트에서 분리",
        "status": "text_only"
      },
      "geometry": null
    },
    {
      "type": "Feature",
      "id": "SEOUL-GWANAK-SNU-SHAROSU-SM01-N02",
      "properties": {
        "node_id": "SEOUL-GWANAK-SNU-SHAROSU-SM01-N02",
        "parent_submarket_id": "SEOUL-GWANAK-SNU-SHAROSU-SM01",
        "node_type": "street",
        "name": "관악로",
        "address": null,
        "latitude": null,
        "longitude": null,
        "source_id": "SRC-V1-FRAMEONE",
        "field_survey_priority": "S",
        "notes": "좌표·주소 확인 필요; v1 텍스트에서 분리",
        "status": "text_only"
      },
      "geometry": null
    },
    {
      "type": "Feature",
      "id": "SEOUL-GWANAK-SNU-SHAROSU-SM01-N03",
      "properties": {
        "node_id": "SEOUL-GWANAK-SNU-SHAROSU-SM01-N03",
        "parent_submarket_id": "SEOUL-GWANAK-SNU-SHAROSU-SM01",
        "node_type": "street",
        "name": "남부순환로",
        "address": null,
        "latitude": null,
        "longitude": null,
        "source_id": "SRC-V1-FRAMEONE",
        "field_survey_priority": "S",
        "notes": "좌표·주소 확인 필요; v1 텍스트에서 분리",
        "status": "text_only"
      },
      "geometry": null
    },
    {
      "type": "Feature",
      "id": "SEOUL-GWANAK-SNU-SHAROSU-SM01-N04",
      "properties": {
        "node_id": "SEOUL-GWANAK-SNU-SHAROSU-SM01-N04",
        "parent_submarket_id": "SEOUL-GWANAK-SNU-SHAROSU-SM01",
        "node_type": "station",
        "name": "서울대입구역",
        "address": null,
        "latitude": null,
        "longitude": null,
        "source_id": "SRC-V1-FRAMEONE",
        "field_survey_priority": "S",
        "notes": "좌표·주소 확인 필요; v1 텍스트에서 분리",
        "status": "text_only"
      },
      "geometry": null
    },
    {
      "type": "Feature",
      "id": "SEOUL-GWANAK-NAKSEONGDAE-SM01-N01",
      "properties": {
        "node_id": "SEOUL-GWANAK-NAKSEONGDAE-SM01-N01",
        "parent_submarket_id": "SEOUL-GWANAK-NAKSEONGDAE-SM01",
        "node_type": "anchor",
        "name": "낙성대",
        "address": null,
        "latitude": null,
        "longitude": null,
        "source_id": "SRC-V1-FRAMEONE",
        "field_survey_priority": "A",
        "notes": "좌표·주소 확인 필요; v1 텍스트에서 분리",
        "status": "text_only"
      },
      "geometry": null
    },
    {
      "type": "Feature",
      "id": "SEOUL-GWANAK-NAKSEONGDAE-SM01-N02",
      "properties": {
        "node_id": "SEOUL-GWANAK-NAKSEONGDAE-SM01-N02",
        "parent_submarket_id": "SEOUL-GWANAK-NAKSEONGDAE-SM01",
        "node_type": "street",
        "name": "남부순환로",
        "address": null,
        "latitude": null,
        "longitude": null,
        "source_id": "SRC-V1-FRAMEONE",
        "field_survey_priority": "A",
        "notes": "좌표·주소 확인 필요; v1 텍스트에서 분리",
        "status": "text_only"
      },
      "geometry": null
    },
    {
      "type": "Feature",
      "id": "SEOUL-GWANAK-NAKSEONGDAE-SM01-N03",
      "properties": {
        "node_id": "SEOUL-GWANAK-NAKSEONGDAE-SM01-N03",
        "parent_submarket_id": "SEOUL-GWANAK-NAKSEONGDAE-SM01",
        "node_type": "street",
        "name": "낙성대로",
        "address": null,
        "latitude": null,
        "longitude": null,
        "source_id": "SRC-V1-FRAMEONE",
        "field_survey_priority": "A",
        "notes": "좌표·주소 확인 필요; v1 텍스트에서 분리",
        "status": "text_only"
      },
      "geometry": null
    },
    {
      "type": "Feature",
      "id": "SEOUL-GWANAK-NAKSEONGDAE-SM01-N04",
      "properties": {
        "node_id": "SEOUL-GWANAK-NAKSEONGDAE-SM01-N04",
        "parent_submarket_id": "SEOUL-GWANAK-NAKSEONGDAE-SM01",
        "node_type": "station",
        "name": "낙성대역",
        "address": null,
        "latitude": null,
        "longitude": null,
        "source_id": "SRC-V1-FRAMEONE",
        "field_survey_priority": "A",
        "notes": "좌표·주소 확인 필요; v1 텍스트에서 분리",
        "status": "text_only"
      },
      "geometry": null
    },
    {
      "type": "Feature",
      "id": "SEOUL-GWANAK-NAKSEONGDAE-SM01-N05",
      "properties": {
        "node_id": "SEOUL-GWANAK-NAKSEONGDAE-SM01-N05",
        "parent_submarket_id": "SEOUL-GWANAK-NAKSEONGDAE-SM01",
        "node_type": "traditional_market",
        "name": "인헌시장",
        "address": null,
        "latitude": null,
        "longitude": null,
        "source_id": "SRC-V1-FRAMEONE",
        "field_survey_priority": "A",
        "notes": "좌표·주소 확인 필요; v1 텍스트에서 분리",
        "status": "text_only"
      },
      "geometry": null
    },
    {
      "type": "Feature",
      "id": "SEOUL-GWANAK-NAKSEONGDAE-SM01-N06",
      "properties": {
        "node_id": "SEOUL-GWANAK-NAKSEONGDAE-SM01-N06",
        "parent_submarket_id": "SEOUL-GWANAK-NAKSEONGDAE-SM01",
        "node_type": "park_water_access",
        "name": "낙성대공원",
        "address": null,
        "latitude": null,
        "longitude": null,
        "source_id": "SRC-V1-FRAMEONE",
        "field_survey_priority": "A",
        "notes": "좌표·주소 확인 필요; v1 텍스트에서 분리",
        "status": "text_only"
      },
      "geometry": null
    },
    {
      "type": "Feature",
      "id": "SEOUL-GWANAK-BONGCHEON-SM01-N01",
      "properties": {
        "node_id": "SEOUL-GWANAK-BONGCHEON-SM01-N01",
        "parent_submarket_id": "SEOUL-GWANAK-BONGCHEON-SM01",
        "node_type": "anchor",
        "name": "봉천",
        "address": null,
        "latitude": null,
        "longitude": null,
        "source_id": "SRC-V1-FRAMEONE",
        "field_survey_priority": "C",
        "notes": "좌표·주소 확인 필요; v1 텍스트에서 분리",
        "status": "text_only"
      },
      "geometry": null
    },
    {
      "type": "Feature",
      "id": "SEOUL-GWANAK-BONGCHEON-SM01-N02",
      "properties": {
        "node_id": "SEOUL-GWANAK-BONGCHEON-SM01-N02",
        "parent_submarket_id": "SEOUL-GWANAK-BONGCHEON-SM01",
        "node_type": "street",
        "name": "남부순환로",
        "address": null,
        "latitude": null,
        "longitude": null,
        "source_id": "SRC-V1-FRAMEONE",
        "field_survey_priority": "C",
        "notes": "좌표·주소 확인 필요; v1 텍스트에서 분리",
        "status": "text_only"
      },
      "geometry": null
    },
    {
      "type": "Feature",
      "id": "SEOUL-GWANAK-BONGCHEON-SM01-N03",
      "properties": {
        "node_id": "SEOUL-GWANAK-BONGCHEON-SM01-N03",
        "parent_submarket_id": "SEOUL-GWANAK-BONGCHEON-SM01",
        "node_type": "street",
        "name": "봉천로",
        "address": null,
        "latitude": null,
        "longitude": null,
        "source_id": "SRC-V1-FRAMEONE",
        "field_survey_priority": "C",
        "notes": "좌표·주소 확인 필요; v1 텍스트에서 분리",
        "status": "text_only"
      },
      "geometry": null
    },
    {
      "type": "Feature",
      "id": "SEOUL-GWANAK-BONGCHEON-SM01-N04",
      "properties": {
        "node_id": "SEOUL-GWANAK-BONGCHEON-SM01-N04",
        "parent_submarket_id": "SEOUL-GWANAK-BONGCHEON-SM01",
        "node_type": "station",
        "name": "봉천역",
        "address": null,
        "latitude": null,
        "longitude": null,
        "source_id": "SRC-V1-FRAMEONE",
        "field_survey_priority": "C",
        "notes": "좌표·주소 확인 필요; v1 텍스트에서 분리",
        "status": "text_only"
      },
      "geometry": null
    },
    {
      "type": "Feature",
      "id": "SEOUL-GWANAK-BONGCHEON-SM01-N05",
      "properties": {
        "node_id": "SEOUL-GWANAK-BONGCHEON-SM01-N05",
        "parent_submarket_id": "SEOUL-GWANAK-BONGCHEON-SM01",
        "node_type": "traditional_market",
        "name": "봉천제일시장",
        "address": null,
        "latitude": null,
        "longitude": null,
        "source_id": "SRC-V1-FRAMEONE",
        "field_survey_priority": "C",
        "notes": "좌표·주소 확인 필요; v1 텍스트에서 분리",
        "status": "text_only"
      },
      "geometry": null
    },
    {
      "type": "Feature",
      "id": "SEOUL-GWANAK-DAEHAKDONG-GWANAKSAN-SM01-N01",
      "properties": {
        "node_id": "SEOUL-GWANAK-DAEHAKDONG-GWANAKSAN-SM01-N01",
        "parent_submarket_id": "SEOUL-GWANAK-DAEHAKDONG-GWANAKSAN-SM01",
        "node_type": "university",
        "name": "서울대벤처타운",
        "address": null,
        "latitude": null,
        "longitude": null,
        "source_id": "SRC-V1-FRAMEONE",
        "field_survey_priority": "B",
        "notes": "좌표·주소 확인 필요; v1 텍스트에서 분리",
        "status": "text_only"
      },
      "geometry": null
    },
    {
      "type": "Feature",
      "id": "SEOUL-GWANAK-DAEHAKDONG-GWANAKSAN-SM01-N02",
      "properties": {
        "node_id": "SEOUL-GWANAK-DAEHAKDONG-GWANAKSAN-SM01-N02",
        "parent_submarket_id": "SEOUL-GWANAK-DAEHAKDONG-GWANAKSAN-SM01",
        "node_type": "street",
        "name": "신림로",
        "address": null,
        "latitude": null,
        "longitude": null,
        "source_id": "SRC-V1-FRAMEONE",
        "field_survey_priority": "B",
        "notes": "좌표·주소 확인 필요; v1 텍스트에서 분리",
        "status": "text_only"
      },
      "geometry": null
    },
    {
      "type": "Feature",
      "id": "SEOUL-GWANAK-DAEHAKDONG-GWANAKSAN-SM01-N03",
      "properties": {
        "node_id": "SEOUL-GWANAK-DAEHAKDONG-GWANAKSAN-SM01-N03",
        "parent_submarket_id": "SEOUL-GWANAK-DAEHAKDONG-GWANAKSAN-SM01",
        "node_type": "street",
        "name": "관악산나들길",
        "address": null,
        "latitude": null,
        "longitude": null,
        "source_id": "SRC-V1-FRAMEONE",
        "field_survey_priority": "B",
        "notes": "좌표·주소 확인 필요; v1 텍스트에서 분리",
        "status": "text_only"
      },
      "geometry": null
    },
    {
      "type": "Feature",
      "id": "SEOUL-GWANAK-DAEHAKDONG-GWANAKSAN-SM01-N04",
      "properties": {
        "node_id": "SEOUL-GWANAK-DAEHAKDONG-GWANAKSAN-SM01-N04",
        "parent_submarket_id": "SEOUL-GWANAK-DAEHAKDONG-GWANAKSAN-SM01",
        "node_type": "university",
        "name": "서울대 정문",
        "address": null,
        "latitude": null,
        "longitude": null,
        "source_id": "SRC-V1-FRAMEONE",
        "field_survey_priority": "B",
        "notes": "좌표·주소 확인 필요; v1 텍스트에서 분리",
        "status": "text_only"
      },
      "geometry": null
    },
    {
      "type": "Feature",
      "id": "SEOUL-GWANAK-SINDAEBANG-NANGOK-SM01-N01",
      "properties": {
        "node_id": "SEOUL-GWANAK-SINDAEBANG-NANGOK-SM01-N01",
        "parent_submarket_id": "SEOUL-GWANAK-SINDAEBANG-NANGOK-SM01",
        "node_type": "anchor",
        "name": "신대방",
        "address": null,
        "latitude": null,
        "longitude": null,
        "source_id": "SRC-V1-FRAMEONE",
        "field_survey_priority": "B",
        "notes": "좌표·주소 확인 필요; v1 텍스트에서 분리",
        "status": "text_only"
      },
      "geometry": null
    },
    {
      "type": "Feature",
      "id": "SEOUL-GWANAK-SINDAEBANG-NANGOK-SM01-N02",
      "properties": {
        "node_id": "SEOUL-GWANAK-SINDAEBANG-NANGOK-SM01-N02",
        "parent_submarket_id": "SEOUL-GWANAK-SINDAEBANG-NANGOK-SM01",
        "node_type": "street",
        "name": "난곡로",
        "address": null,
        "latitude": null,
        "longitude": null,
        "source_id": "SRC-V1-FRAMEONE",
        "field_survey_priority": "B",
        "notes": "좌표·주소 확인 필요; v1 텍스트에서 분리",
        "status": "text_only"
      },
      "geometry": null
    },
    {
      "type": "Feature",
      "id": "SEOUL-GWANAK-SINDAEBANG-NANGOK-SM01-N03",
      "properties": {
        "node_id": "SEOUL-GWANAK-SINDAEBANG-NANGOK-SM01-N03",
        "parent_submarket_id": "SEOUL-GWANAK-SINDAEBANG-NANGOK-SM01",
        "node_type": "street",
        "name": "신사로",
        "address": null,
        "latitude": null,
        "longitude": null,
        "source_id": "SRC-V1-FRAMEONE",
        "field_survey_priority": "B",
        "notes": "좌표·주소 확인 필요; v1 텍스트에서 분리",
        "status": "text_only"
      },
      "geometry": null
    },
    {
      "type": "Feature",
      "id": "SEOUL-GWANAK-SINDAEBANG-NANGOK-SM01-N04",
      "properties": {
        "node_id": "SEOUL-GWANAK-SINDAEBANG-NANGOK-SM01-N04",
        "parent_submarket_id": "SEOUL-GWANAK-SINDAEBANG-NANGOK-SM01",
        "node_type": "station",
        "name": "신대방역",
        "address": null,
        "latitude": null,
        "longitude": null,
        "source_id": "SRC-V1-FRAMEONE",
        "field_survey_priority": "B",
        "notes": "좌표·주소 확인 필요; v1 텍스트에서 분리",
        "status": "text_only"
      },
      "geometry": null
    },
    {
      "type": "Feature",
      "id": "SEOUL-SEOCHO-GANGNAMSTN-WEST-SM01-N01",
      "properties": {
        "node_id": "SEOUL-SEOCHO-GANGNAMSTN-WEST-SM01-N01",
        "parent_submarket_id": "SEOUL-SEOCHO-GANGNAMSTN-WEST-SM01",
        "node_type": "anchor",
        "name": "강남",
        "address": null,
        "latitude": null,
        "longitude": null,
        "source_id": "SRC-V1-FRAMEONE",
        "field_survey_priority": "A",
        "notes": "좌표·주소 확인 필요; v1 텍스트에서 분리",
        "status": "text_only"
      },
      "geometry": null
    },
    {
      "type": "Feature",
      "id": "SEOUL-SEOCHO-GANGNAMSTN-WEST-SM01-N02",
      "properties": {
        "node_id": "SEOUL-SEOCHO-GANGNAMSTN-WEST-SM01-N02",
        "parent_submarket_id": "SEOUL-SEOCHO-GANGNAMSTN-WEST-SM01",
        "node_type": "street",
        "name": "강남대로",
        "address": null,
        "latitude": null,
        "longitude": null,
        "source_id": "SRC-V1-FRAMEONE",
        "field_survey_priority": "A",
        "notes": "좌표·주소 확인 필요; v1 텍스트에서 분리",
        "status": "text_only"
      },
      "geometry": null
    },
    {
      "type": "Feature",
      "id": "SEOUL-SEOCHO-GANGNAMSTN-WEST-SM02-N03",
      "properties": {
        "node_id": "SEOUL-SEOCHO-GANGNAMSTN-WEST-SM02-N03",
        "parent_submarket_id": "SEOUL-SEOCHO-GANGNAMSTN-WEST-SM02",
        "node_type": "street",
        "name": "서초대로",
        "address": null,
        "latitude": null,
        "longitude": null,
        "source_id": "SRC-V1-FRAMEONE",
        "field_survey_priority": "A",
        "notes": "좌표·주소 확인 필요; v1 텍스트에서 분리",
        "status": "text_only"
      },
      "geometry": null
    },
    {
      "type": "Feature",
      "id": "SEOUL-SEOCHO-GYODAE-SM01-N01",
      "properties": {
        "node_id": "SEOUL-SEOCHO-GYODAE-SM01-N01",
        "parent_submarket_id": "SEOUL-SEOCHO-GYODAE-SM01",
        "node_type": "anchor",
        "name": "교대",
        "address": null,
        "latitude": null,
        "longitude": null,
        "source_id": "SRC-V1-FRAMEONE",
        "field_survey_priority": "B",
        "notes": "좌표·주소 확인 필요; v1 텍스트에서 분리",
        "status": "text_only"
      },
      "geometry": null
    },
    {
      "type": "Feature",
      "id": "SEOUL-SEOCHO-GYODAE-SM01-N02",
      "properties": {
        "node_id": "SEOUL-SEOCHO-GYODAE-SM01-N02",
        "parent_submarket_id": "SEOUL-SEOCHO-GYODAE-SM01",
        "node_type": "street",
        "name": "서초대로",
        "address": null,
        "latitude": null,
        "longitude": null,
        "source_id": "SRC-V1-FRAMEONE",
        "field_survey_priority": "B",
        "notes": "좌표·주소 확인 필요; v1 텍스트에서 분리",
        "status": "text_only"
      },
      "geometry": null
    },
    {
      "type": "Feature",
      "id": "SEOUL-SEOCHO-GYODAE-SM01-N03",
      "properties": {
        "node_id": "SEOUL-SEOCHO-GYODAE-SM01-N03",
        "parent_submarket_id": "SEOUL-SEOCHO-GYODAE-SM01",
        "node_type": "street",
        "name": "반포대로",
        "address": null,
        "latitude": null,
        "longitude": null,
        "source_id": "SRC-V1-FRAMEONE",
        "field_survey_priority": "B",
        "notes": "좌표·주소 확인 필요; v1 텍스트에서 분리",
        "status": "text_only"
      },
      "geometry": null
    },
    {
      "type": "Feature",
      "id": "SEOUL-SEOCHO-GYODAE-SM01-N04",
      "properties": {
        "node_id": "SEOUL-SEOCHO-GYODAE-SM01-N04",
        "parent_submarket_id": "SEOUL-SEOCHO-GYODAE-SM01",
        "node_type": "station",
        "name": "교대역",
        "address": null,
        "latitude": null,
        "longitude": null,
        "source_id": "SRC-V1-FRAMEONE",
        "field_survey_priority": "B",
        "notes": "좌표·주소 확인 필요; v1 텍스트에서 분리",
        "status": "text_only"
      },
      "geometry": null
    },
    {
      "type": "Feature",
      "id": "SEOUL-SEOCHO-SEOCHO-SM01-N01",
      "properties": {
        "node_id": "SEOUL-SEOCHO-SEOCHO-SM01-N01",
        "parent_submarket_id": "SEOUL-SEOCHO-SEOCHO-SM01",
        "node_type": "anchor",
        "name": "서초",
        "address": null,
        "latitude": null,
        "longitude": null,
        "source_id": "SRC-V1-FRAMEONE",
        "field_survey_priority": "C",
        "notes": "좌표·주소 확인 필요; v1 텍스트에서 분리",
        "status": "text_only"
      },
      "geometry": null
    },
    {
      "type": "Feature",
      "id": "SEOUL-SEOCHO-SEOCHO-SM01-N02",
      "properties": {
        "node_id": "SEOUL-SEOCHO-SEOCHO-SM01-N02",
        "parent_submarket_id": "SEOUL-SEOCHO-SEOCHO-SM01",
        "node_type": "street",
        "name": "반포대로",
        "address": null,
        "latitude": null,
        "longitude": null,
        "source_id": "SRC-V1-FRAMEONE",
        "field_survey_priority": "C",
        "notes": "좌표·주소 확인 필요; v1 텍스트에서 분리",
        "status": "text_only"
      },
      "geometry": null
    },
    {
      "type": "Feature",
      "id": "SEOUL-SEOCHO-SEOCHO-SM01-N03",
      "properties": {
        "node_id": "SEOUL-SEOCHO-SEOCHO-SM01-N03",
        "parent_submarket_id": "SEOUL-SEOCHO-SEOCHO-SM01",
        "node_type": "street",
        "name": "서초대로",
        "address": null,
        "latitude": null,
        "longitude": null,
        "source_id": "SRC-V1-FRAMEONE",
        "field_survey_priority": "C",
        "notes": "좌표·주소 확인 필요; v1 텍스트에서 분리",
        "status": "text_only"
      },
      "geometry": null
    },
    {
      "type": "Feature",
      "id": "SEOUL-SEOCHO-SEOCHO-SM01-N04",
      "properties": {
        "node_id": "SEOUL-SEOCHO-SEOCHO-SM01-N04",
        "parent_submarket_id": "SEOUL-SEOCHO-SEOCHO-SM01",
        "node_type": "station",
        "name": "서초역",
        "address": null,
        "latitude": null,
        "longitude": null,
        "source_id": "SRC-V1-FRAMEONE",
        "field_survey_priority": "C",
        "notes": "좌표·주소 확인 필요; v1 텍스트에서 분리",
        "status": "text_only"
      },
      "geometry": null
    },
    {
      "type": "Feature",
      "id": "SEOUL-SEOCHO-SEOCHO-SM01-N05",
      "properties": {
        "node_id": "SEOUL-SEOCHO-SEOCHO-SM01-N05",
        "parent_submarket_id": "SEOUL-SEOCHO-SEOCHO-SM01",
        "node_type": "anchor",
        "name": "예술의전당",
        "address": null,
        "latitude": null,
        "longitude": null,
        "source_id": "SRC-V1-FRAMEONE",
        "field_survey_priority": "C",
        "notes": "좌표·주소 확인 필요; v1 텍스트에서 분리",
        "status": "text_only"
      },
      "geometry": null
    },
    {
      "type": "Feature",
      "id": "SEOUL-SEOCHO-BANPO-EXPRESSTERMINAL-SM01-N01",
      "properties": {
        "node_id": "SEOUL-SEOCHO-BANPO-EXPRESSTERMINAL-SM01-N01",
        "parent_submarket_id": "SEOUL-SEOCHO-BANPO-EXPRESSTERMINAL-SM01",
        "node_type": "anchor",
        "name": "고속터미널",
        "address": null,
        "latitude": null,
        "longitude": null,
        "source_id": "SRC-V1-FRAMEONE",
        "field_survey_priority": "A",
        "notes": "좌표·주소 확인 필요; v1 텍스트에서 분리",
        "status": "text_only"
      },
      "geometry": null
    },
    {
      "type": "Feature",
      "id": "SEOUL-SEOCHO-BANPO-EXPRESSTERMINAL-SM01-N02",
      "properties": {
        "node_id": "SEOUL-SEOCHO-BANPO-EXPRESSTERMINAL-SM01-N02",
        "parent_submarket_id": "SEOUL-SEOCHO-BANPO-EXPRESSTERMINAL-SM01",
        "node_type": "anchor",
        "name": "신반포",
        "address": null,
        "latitude": null,
        "longitude": null,
        "source_id": "SRC-V1-FRAMEONE",
        "field_survey_priority": "A",
        "notes": "좌표·주소 확인 필요; v1 텍스트에서 분리",
        "status": "text_only"
      },
      "geometry": null
    },
    {
      "type": "Feature",
      "id": "SEOUL-SEOCHO-BANPO-EXPRESSTERMINAL-SM01-N03",
      "properties": {
        "node_id": "SEOUL-SEOCHO-BANPO-EXPRESSTERMINAL-SM01-N03",
        "parent_submarket_id": "SEOUL-SEOCHO-BANPO-EXPRESSTERMINAL-SM01",
        "node_type": "street",
        "name": "신반포로",
        "address": null,
        "latitude": null,
        "longitude": null,
        "source_id": "SRC-V1-FRAMEONE",
        "field_survey_priority": "A",
        "notes": "좌표·주소 확인 필요; v1 텍스트에서 분리",
        "status": "text_only"
      },
      "geometry": null
    },
    {
      "type": "Feature",
      "id": "SEOUL-SEOCHO-BANPO-EXPRESSTERMINAL-SM01-N04",
      "properties": {
        "node_id": "SEOUL-SEOCHO-BANPO-EXPRESSTERMINAL-SM01-N04",
        "parent_submarket_id": "SEOUL-SEOCHO-BANPO-EXPRESSTERMINAL-SM01",
        "node_type": "street",
        "name": "사평대로",
        "address": null,
        "latitude": null,
        "longitude": null,
        "source_id": "SRC-V1-FRAMEONE",
        "field_survey_priority": "A",
        "notes": "좌표·주소 확인 필요; v1 텍스트에서 분리",
        "status": "text_only"
      },
      "geometry": null
    },
    {
      "type": "Feature",
      "id": "SEOUL-SEOCHO-BANPO-EXPRESSTERMINAL-SM01-N05",
      "properties": {
        "node_id": "SEOUL-SEOCHO-BANPO-EXPRESSTERMINAL-SM01-N05",
        "parent_submarket_id": "SEOUL-SEOCHO-BANPO-EXPRESSTERMINAL-SM01",
        "node_type": "anchor",
        "name": "신세계강남",
        "address": null,
        "latitude": null,
        "longitude": null,
        "source_id": "SRC-V1-FRAMEONE",
        "field_survey_priority": "A",
        "notes": "좌표·주소 확인 필요; v1 텍스트에서 분리",
        "status": "text_only"
      },
      "geometry": null
    },
    {
      "type": "Feature",
      "id": "SEOUL-SEOCHO-BANPO-EXPRESSTERMINAL-SM01-N06",
      "properties": {
        "node_id": "SEOUL-SEOCHO-BANPO-EXPRESSTERMINAL-SM01-N06",
        "parent_submarket_id": "SEOUL-SEOCHO-BANPO-EXPRESSTERMINAL-SM01",
        "node_type": "park_water_access",
        "name": "반포한강공원",
        "address": null,
        "latitude": null,
        "longitude": null,
        "source_id": "SRC-V1-FRAMEONE",
        "field_survey_priority": "A",
        "notes": "좌표·주소 확인 필요; v1 텍스트에서 분리",
        "status": "text_only"
      },
      "geometry": null
    },
    {
      "type": "Feature",
      "id": "SEOUL-SEOCHO-JAMWON-SM01-N01",
      "properties": {
        "node_id": "SEOUL-SEOCHO-JAMWON-SM01-N01",
        "parent_submarket_id": "SEOUL-SEOCHO-JAMWON-SM01",
        "node_type": "anchor",
        "name": "잠원",
        "address": null,
        "latitude": null,
        "longitude": null,
        "source_id": "SRC-V1-FRAMEONE",
        "field_survey_priority": "B",
        "notes": "좌표·주소 확인 필요; v1 텍스트에서 분리",
        "status": "text_only"
      },
      "geometry": null
    },
    {
      "type": "Feature",
      "id": "SEOUL-SEOCHO-JAMWON-SM01-N02",
      "properties": {
        "node_id": "SEOUL-SEOCHO-JAMWON-SM01-N02",
        "parent_submarket_id": "SEOUL-SEOCHO-JAMWON-SM01",
        "node_type": "street",
        "name": "나루터로",
        "address": null,
        "latitude": null,
        "longitude": null,
        "source_id": "SRC-V1-FRAMEONE",
        "field_survey_priority": "B",
        "notes": "좌표·주소 확인 필요; v1 텍스트에서 분리",
        "status": "text_only"
      },
      "geometry": null
    },
    {
      "type": "Feature",
      "id": "SEOUL-SEOCHO-JAMWON-SM01-N03",
      "properties": {
        "node_id": "SEOUL-SEOCHO-JAMWON-SM01-N03",
        "parent_submarket_id": "SEOUL-SEOCHO-JAMWON-SM01",
        "node_type": "street",
        "name": "신반포로",
        "address": null,
        "latitude": null,
        "longitude": null,
        "source_id": "SRC-V1-FRAMEONE",
        "field_survey_priority": "B",
        "notes": "좌표·주소 확인 필요; v1 텍스트에서 분리",
        "status": "text_only"
      },
      "geometry": null
    },
    {
      "type": "Feature",
      "id": "SEOUL-SEOCHO-JAMWON-SM01-N04",
      "properties": {
        "node_id": "SEOUL-SEOCHO-JAMWON-SM01-N04",
        "parent_submarket_id": "SEOUL-SEOCHO-JAMWON-SM01",
        "node_type": "station",
        "name": "잠원역",
        "address": null,
        "latitude": null,
        "longitude": null,
        "source_id": "SRC-V1-FRAMEONE",
        "field_survey_priority": "B",
        "notes": "좌표·주소 확인 필요; v1 텍스트에서 분리",
        "status": "text_only"
      },
      "geometry": null
    },
    {
      "type": "Feature",
      "id": "SEOUL-SEOCHO-JAMWON-SM01-N05",
      "properties": {
        "node_id": "SEOUL-SEOCHO-JAMWON-SM01-N05",
        "parent_submarket_id": "SEOUL-SEOCHO-JAMWON-SM01",
        "node_type": "park_water_access",
        "name": "한강공원",
        "address": null,
        "latitude": null,
        "longitude": null,
        "source_id": "SRC-V1-FRAMEONE",
        "field_survey_priority": "B",
        "notes": "좌표·주소 확인 필요; v1 텍스트에서 분리",
        "status": "text_only"
      },
      "geometry": null
    },
    {
      "type": "Feature",
      "id": "SEOUL-SEOCHO-BANGBAE-SEORAE-SM01-N01",
      "properties": {
        "node_id": "SEOUL-SEOCHO-BANGBAE-SEORAE-SM01-N01",
        "parent_submarket_id": "SEOUL-SEOCHO-BANGBAE-SEORAE-SM01",
        "node_type": "anchor",
        "name": "방배",
        "address": null,
        "latitude": null,
        "longitude": null,
        "source_id": "SRC-V1-FRAMEONE",
        "field_survey_priority": "A",
        "notes": "좌표·주소 확인 필요; v1 텍스트에서 분리",
        "status": "text_only"
      },
      "geometry": null
    },
    {
      "type": "Feature",
      "id": "SEOUL-SEOCHO-BANGBAE-SEORAE-SM02-N02",
      "properties": {
        "node_id": "SEOUL-SEOCHO-BANGBAE-SEORAE-SM02-N02",
        "parent_submarket_id": "SEOUL-SEOCHO-BANGBAE-SEORAE-SM02",
        "node_type": "anchor",
        "name": "내방",
        "address": null,
        "latitude": null,
        "longitude": null,
        "source_id": "SRC-V1-FRAMEONE",
        "field_survey_priority": "A",
        "notes": "좌표·주소 확인 필요; v1 텍스트에서 분리",
        "status": "text_only"
      },
      "geometry": null
    },
    {
      "type": "Feature",
      "id": "SEOUL-SEOCHO-BANGBAE-SEORAE-SM01-N03",
      "properties": {
        "node_id": "SEOUL-SEOCHO-BANGBAE-SEORAE-SM01-N03",
        "parent_submarket_id": "SEOUL-SEOCHO-BANGBAE-SEORAE-SM01",
        "node_type": "street",
        "name": "방배로",
        "address": null,
        "latitude": null,
        "longitude": null,
        "source_id": "SRC-V1-FRAMEONE",
        "field_survey_priority": "A",
        "notes": "좌표·주소 확인 필요; v1 텍스트에서 분리",
        "status": "text_only"
      },
      "geometry": null
    },
    {
      "type": "Feature",
      "id": "SEOUL-SEOCHO-BANGBAE-SEORAE-SM01-N04",
      "properties": {
        "node_id": "SEOUL-SEOCHO-BANGBAE-SEORAE-SM01-N04",
        "parent_submarket_id": "SEOUL-SEOCHO-BANGBAE-SEORAE-SM01",
        "node_type": "street",
        "name": "서래로",
        "address": null,
        "latitude": null,
        "longitude": null,
        "source_id": "SRC-V1-FRAMEONE",
        "field_survey_priority": "A",
        "notes": "좌표·주소 확인 필요; v1 텍스트에서 분리",
        "status": "text_only"
      },
      "geometry": null
    },
    {
      "type": "Feature",
      "id": "SEOUL-SEOCHO-BANGBAE-SEORAE-SM01-N05",
      "properties": {
        "node_id": "SEOUL-SEOCHO-BANGBAE-SEORAE-SM01-N05",
        "parent_submarket_id": "SEOUL-SEOCHO-BANGBAE-SEORAE-SM01",
        "node_type": "station",
        "name": "방배역",
        "address": null,
        "latitude": null,
        "longitude": null,
        "source_id": "SRC-V1-FRAMEONE",
        "field_survey_priority": "A",
        "notes": "좌표·주소 확인 필요; v1 텍스트에서 분리",
        "status": "text_only"
      },
      "geometry": null
    },
    {
      "type": "Feature",
      "id": "SEOUL-SEOCHO-BANGBAE-SEORAE-SM02-N06",
      "properties": {
        "node_id": "SEOUL-SEOCHO-BANGBAE-SEORAE-SM02-N06",
        "parent_submarket_id": "SEOUL-SEOCHO-BANGBAE-SEORAE-SM02",
        "node_type": "station",
        "name": "내방역",
        "address": null,
        "latitude": null,
        "longitude": null,
        "source_id": "SRC-V1-FRAMEONE",
        "field_survey_priority": "A",
        "notes": "좌표·주소 확인 필요; v1 텍스트에서 분리",
        "status": "text_only"
      },
      "geometry": null
    },
    {
      "type": "Feature",
      "id": "SEOUL-SEOCHO-YANGJAE-SM01-N01",
      "properties": {
        "node_id": "SEOUL-SEOCHO-YANGJAE-SM01-N01",
        "parent_submarket_id": "SEOUL-SEOCHO-YANGJAE-SM01",
        "node_type": "anchor",
        "name": "양재",
        "address": null,
        "latitude": null,
        "longitude": null,
        "source_id": "SRC-V1-FRAMEONE",
        "field_survey_priority": "S",
        "notes": "좌표·주소 확인 필요; v1 텍스트에서 분리",
        "status": "text_only"
      },
      "geometry": null
    },
    {
      "type": "Feature",
      "id": "SEOUL-SEOCHO-YANGJAE-SM01-N02",
      "properties": {
        "node_id": "SEOUL-SEOCHO-YANGJAE-SM01-N02",
        "parent_submarket_id": "SEOUL-SEOCHO-YANGJAE-SM01",
        "node_type": "anchor",
        "name": "양재시민의숲",
        "address": null,
        "latitude": null,
        "longitude": null,
        "source_id": "SRC-V1-FRAMEONE",
        "field_survey_priority": "S",
        "notes": "좌표·주소 확인 필요; v1 텍스트에서 분리",
        "status": "text_only"
      },
      "geometry": null
    },
    {
      "type": "Feature",
      "id": "SEOUL-SEOCHO-YANGJAE-SM01-N03",
      "properties": {
        "node_id": "SEOUL-SEOCHO-YANGJAE-SM01-N03",
        "parent_submarket_id": "SEOUL-SEOCHO-YANGJAE-SM01",
        "node_type": "street",
        "name": "강남대로",
        "address": null,
        "latitude": null,
        "longitude": null,
        "source_id": "SRC-V1-FRAMEONE",
        "field_survey_priority": "S",
        "notes": "좌표·주소 확인 필요; v1 텍스트에서 분리",
        "status": "text_only"
      },
      "geometry": null
    },
    {
      "type": "Feature",
      "id": "SEOUL-SEOCHO-YANGJAE-SM01-N04",
      "properties": {
        "node_id": "SEOUL-SEOCHO-YANGJAE-SM01-N04",
        "parent_submarket_id": "SEOUL-SEOCHO-YANGJAE-SM01",
        "node_type": "street",
        "name": "양재천로",
        "address": null,
        "latitude": null,
        "longitude": null,
        "source_id": "SRC-V1-FRAMEONE",
        "field_survey_priority": "S",
        "notes": "좌표·주소 확인 필요; v1 텍스트에서 분리",
        "status": "text_only"
      },
      "geometry": null
    },
    {
      "type": "Feature",
      "id": "SEOUL-SEOCHO-YANGJAE-SM01-N05",
      "properties": {
        "node_id": "SEOUL-SEOCHO-YANGJAE-SM01-N05",
        "parent_submarket_id": "SEOUL-SEOCHO-YANGJAE-SM01",
        "node_type": "station",
        "name": "양재역",
        "address": null,
        "latitude": null,
        "longitude": null,
        "source_id": "SRC-V1-FRAMEONE",
        "field_survey_priority": "S",
        "notes": "좌표·주소 확인 필요; v1 텍스트에서 분리",
        "status": "text_only"
      },
      "geometry": null
    },
    {
      "type": "Feature",
      "id": "SEOUL-SEOCHO-YANGJAE-SM01-N06",
      "properties": {
        "node_id": "SEOUL-SEOCHO-YANGJAE-SM01-N06",
        "parent_submarket_id": "SEOUL-SEOCHO-YANGJAE-SM01",
        "node_type": "anchor",
        "name": "AT센터",
        "address": null,
        "latitude": null,
        "longitude": null,
        "source_id": "SRC-V1-FRAMEONE",
        "field_survey_priority": "S",
        "notes": "좌표·주소 확인 필요; v1 텍스트에서 분리",
        "status": "text_only"
      },
      "geometry": null
    },
    {
      "type": "Feature",
      "id": "SEOUL-SEOCHO-NAEGOK-CHEONGGYESAN-SM01-N01",
      "properties": {
        "node_id": "SEOUL-SEOCHO-NAEGOK-CHEONGGYESAN-SM01-N01",
        "parent_submarket_id": "SEOUL-SEOCHO-NAEGOK-CHEONGGYESAN-SM01",
        "node_type": "anchor",
        "name": "청계산입구",
        "address": null,
        "latitude": null,
        "longitude": null,
        "source_id": "SRC-V1-FRAMEONE",
        "field_survey_priority": "B",
        "notes": "좌표·주소 확인 필요; v1 텍스트에서 분리",
        "status": "text_only"
      },
      "geometry": null
    },
    {
      "type": "Feature",
      "id": "SEOUL-SEOCHO-NAEGOK-CHEONGGYESAN-SM01-N02",
      "properties": {
        "node_id": "SEOUL-SEOCHO-NAEGOK-CHEONGGYESAN-SM01-N02",
        "parent_submarket_id": "SEOUL-SEOCHO-NAEGOK-CHEONGGYESAN-SM01",
        "node_type": "street",
        "name": "청계산로",
        "address": null,
        "latitude": null,
        "longitude": null,
        "source_id": "SRC-V1-FRAMEONE",
        "field_survey_priority": "B",
        "notes": "좌표·주소 확인 필요; v1 텍스트에서 분리",
        "status": "text_only"
      },
      "geometry": null
    },
    {
      "type": "Feature",
      "id": "SEOUL-SEOCHO-NAEGOK-CHEONGGYESAN-SM01-N03",
      "properties": {
        "node_id": "SEOUL-SEOCHO-NAEGOK-CHEONGGYESAN-SM01-N03",
        "parent_submarket_id": "SEOUL-SEOCHO-NAEGOK-CHEONGGYESAN-SM01",
        "node_type": "street",
        "name": "헌릉로",
        "address": null,
        "latitude": null,
        "longitude": null,
        "source_id": "SRC-V1-FRAMEONE",
        "field_survey_priority": "B",
        "notes": "좌표·주소 확인 필요; v1 텍스트에서 분리",
        "status": "text_only"
      },
      "geometry": null
    },
    {
      "type": "Feature",
      "id": "SEOUL-SEOCHO-NAEGOK-CHEONGGYESAN-SM01-N04",
      "properties": {
        "node_id": "SEOUL-SEOCHO-NAEGOK-CHEONGGYESAN-SM01-N04",
        "parent_submarket_id": "SEOUL-SEOCHO-NAEGOK-CHEONGGYESAN-SM01",
        "node_type": "station",
        "name": "청계산입구역",
        "address": null,
        "latitude": null,
        "longitude": null,
        "source_id": "SRC-V1-FRAMEONE",
        "field_survey_priority": "B",
        "notes": "좌표·주소 확인 필요; v1 텍스트에서 분리",
        "status": "text_only"
      },
      "geometry": null
    },
    {
      "type": "Feature",
      "id": "SEOUL-GANGNAM-GANGNAMSTN-SM01-N01",
      "properties": {
        "node_id": "SEOUL-GANGNAM-GANGNAMSTN-SM01-N01",
        "parent_submarket_id": "SEOUL-GANGNAM-GANGNAMSTN-SM01",
        "node_type": "anchor",
        "name": "강남",
        "address": null,
        "latitude": null,
        "longitude": null,
        "source_id": "SRC-V1-FRAMEONE",
        "field_survey_priority": "A",
        "notes": "좌표·주소 확인 필요; v1 텍스트에서 분리",
        "status": "text_only"
      },
      "geometry": null
    },
    {
      "type": "Feature",
      "id": "SEOUL-GANGNAM-GANGNAMSTN-SM01-N02",
      "properties": {
        "node_id": "SEOUL-GANGNAM-GANGNAMSTN-SM01-N02",
        "parent_submarket_id": "SEOUL-GANGNAM-GANGNAMSTN-SM01",
        "node_type": "street",
        "name": "강남대로",
        "address": null,
        "latitude": null,
        "longitude": null,
        "source_id": "SRC-V1-FRAMEONE",
        "field_survey_priority": "A",
        "notes": "좌표·주소 확인 필요; v1 텍스트에서 분리",
        "status": "text_only"
      },
      "geometry": null
    },
    {
      "type": "Feature",
      "id": "SEOUL-GANGNAM-GANGNAMSTN-SM01-N03",
      "properties": {
        "node_id": "SEOUL-GANGNAM-GANGNAMSTN-SM01-N03",
        "parent_submarket_id": "SEOUL-GANGNAM-GANGNAMSTN-SM01",
        "node_type": "street",
        "name": "테헤란로",
        "address": null,
        "latitude": null,
        "longitude": null,
        "source_id": "SRC-V1-FRAMEONE",
        "field_survey_priority": "A",
        "notes": "좌표·주소 확인 필요; v1 텍스트에서 분리",
        "status": "text_only"
      },
      "geometry": null
    },
    {
      "type": "Feature",
      "id": "SEOUL-GANGNAM-YEOKSAM-TEHERAN-SM01-N01",
      "properties": {
        "node_id": "SEOUL-GANGNAM-YEOKSAM-TEHERAN-SM01-N01",
        "parent_submarket_id": "SEOUL-GANGNAM-YEOKSAM-TEHERAN-SM01",
        "node_type": "station",
        "name": "역삼",
        "address": null,
        "latitude": null,
        "longitude": null,
        "source_id": "SRC-V1-FRAMEONE",
        "field_survey_priority": "A",
        "notes": "좌표·주소 확인 필요; v1 텍스트에서 분리",
        "status": "text_only"
      },
      "geometry": null
    },
    {
      "type": "Feature",
      "id": "SEOUL-GANGNAM-YEOKSAM-TEHERAN-SM01-N02",
      "properties": {
        "node_id": "SEOUL-GANGNAM-YEOKSAM-TEHERAN-SM01-N02",
        "parent_submarket_id": "SEOUL-GANGNAM-YEOKSAM-TEHERAN-SM01",
        "node_type": "street",
        "name": "테헤란로",
        "address": null,
        "latitude": null,
        "longitude": null,
        "source_id": "SRC-V1-FRAMEONE",
        "field_survey_priority": "A",
        "notes": "좌표·주소 확인 필요; v1 텍스트에서 분리",
        "status": "text_only"
      },
      "geometry": null
    },
    {
      "type": "Feature",
      "id": "SEOUL-GANGNAM-YEOKSAM-TEHERAN-SM01-N03",
      "properties": {
        "node_id": "SEOUL-GANGNAM-YEOKSAM-TEHERAN-SM01-N03",
        "parent_submarket_id": "SEOUL-GANGNAM-YEOKSAM-TEHERAN-SM01",
        "node_type": "street",
        "name": "논현로",
        "address": null,
        "latitude": null,
        "longitude": null,
        "source_id": "SRC-V1-FRAMEONE",
        "field_survey_priority": "A",
        "notes": "좌표·주소 확인 필요; v1 텍스트에서 분리",
        "status": "text_only"
      },
      "geometry": null
    },
    {
      "type": "Feature",
      "id": "SEOUL-GANGNAM-YEOKSAM-TEHERAN-SM01-N04",
      "properties": {
        "node_id": "SEOUL-GANGNAM-YEOKSAM-TEHERAN-SM01-N04",
        "parent_submarket_id": "SEOUL-GANGNAM-YEOKSAM-TEHERAN-SM01",
        "node_type": "station",
        "name": "역삼역",
        "address": null,
        "latitude": null,
        "longitude": null,
        "source_id": "SRC-V1-FRAMEONE",
        "field_survey_priority": "A",
        "notes": "좌표·주소 확인 필요; v1 텍스트에서 분리",
        "status": "text_only"
      },
      "geometry": null
    },
    {
      "type": "Feature",
      "id": "SEOUL-GANGNAM-SEOLLEUNG-SM01-N01",
      "properties": {
        "node_id": "SEOUL-GANGNAM-SEOLLEUNG-SM01-N01",
        "parent_submarket_id": "SEOUL-GANGNAM-SEOLLEUNG-SM01",
        "node_type": "anchor",
        "name": "선릉",
        "address": null,
        "latitude": null,
        "longitude": null,
        "source_id": "SRC-V1-FRAMEONE",
        "field_survey_priority": "A",
        "notes": "좌표·주소 확인 필요; v1 텍스트에서 분리",
        "status": "text_only"
      },
      "geometry": null
    },
    {
      "type": "Feature",
      "id": "SEOUL-GANGNAM-SEOLLEUNG-SM01-N02",
      "properties": {
        "node_id": "SEOUL-GANGNAM-SEOLLEUNG-SM01-N02",
        "parent_submarket_id": "SEOUL-GANGNAM-SEOLLEUNG-SM01",
        "node_type": "street",
        "name": "테헤란로",
        "address": null,
        "latitude": null,
        "longitude": null,
        "source_id": "SRC-V1-FRAMEONE",
        "field_survey_priority": "A",
        "notes": "좌표·주소 확인 필요; v1 텍스트에서 분리",
        "status": "text_only"
      },
      "geometry": null
    },
    {
      "type": "Feature",
      "id": "SEOUL-GANGNAM-SEOLLEUNG-SM01-N03",
      "properties": {
        "node_id": "SEOUL-GANGNAM-SEOLLEUNG-SM01-N03",
        "parent_submarket_id": "SEOUL-GANGNAM-SEOLLEUNG-SM01",
        "node_type": "street",
        "name": "선릉로",
        "address": null,
        "latitude": null,
        "longitude": null,
        "source_id": "SRC-V1-FRAMEONE",
        "field_survey_priority": "A",
        "notes": "좌표·주소 확인 필요; v1 텍스트에서 분리",
        "status": "text_only"
      },
      "geometry": null
    },
    {
      "type": "Feature",
      "id": "SEOUL-GANGNAM-SEOLLEUNG-SM01-N04",
      "properties": {
        "node_id": "SEOUL-GANGNAM-SEOLLEUNG-SM01-N04",
        "parent_submarket_id": "SEOUL-GANGNAM-SEOLLEUNG-SM01",
        "node_type": "station",
        "name": "선릉역",
        "address": null,
        "latitude": null,
        "longitude": null,
        "source_id": "SRC-V1-FRAMEONE",
        "field_survey_priority": "A",
        "notes": "좌표·주소 확인 필요; v1 텍스트에서 분리",
        "status": "text_only"
      },
      "geometry": null
    },
    {
      "type": "Feature",
      "id": "SEOUL-GANGNAM-SAMSUNG-COEX-SM01-N01",
      "properties": {
        "node_id": "SEOUL-GANGNAM-SAMSUNG-COEX-SM01-N01",
        "parent_submarket_id": "SEOUL-GANGNAM-SAMSUNG-COEX-SM01",
        "node_type": "anchor",
        "name": "삼성",
        "address": null,
        "latitude": null,
        "longitude": null,
        "source_id": "SRC-V1-FRAMEONE",
        "field_survey_priority": "A",
        "notes": "좌표·주소 확인 필요; v1 텍스트에서 분리",
        "status": "text_only"
      },
      "geometry": null
    },
    {
      "type": "Feature",
      "id": "SEOUL-GANGNAM-SAMSUNG-COEX-SM02-N02",
      "properties": {
        "node_id": "SEOUL-GANGNAM-SAMSUNG-COEX-SM02-N02",
        "parent_submarket_id": "SEOUL-GANGNAM-SAMSUNG-COEX-SM02",
        "node_type": "anchor",
        "name": "봉은사",
        "address": null,
        "latitude": null,
        "longitude": null,
        "source_id": "SRC-V1-FRAMEONE",
        "field_survey_priority": "A",
        "notes": "좌표·주소 확인 필요; v1 텍스트에서 분리",
        "status": "text_only"
      },
      "geometry": null
    },
    {
      "type": "Feature",
      "id": "SEOUL-GANGNAM-SAMSUNG-COEX-SM01-N03",
      "properties": {
        "node_id": "SEOUL-GANGNAM-SAMSUNG-COEX-SM01-N03",
        "parent_submarket_id": "SEOUL-GANGNAM-SAMSUNG-COEX-SM01",
        "node_type": "street",
        "name": "영동대로",
        "address": null,
        "latitude": null,
        "longitude": null,
        "source_id": "SRC-V1-FRAMEONE",
        "field_survey_priority": "A",
        "notes": "좌표·주소 확인 필요; v1 텍스트에서 분리",
        "status": "text_only"
      },
      "geometry": null
    },
    {
      "type": "Feature",
      "id": "SEOUL-GANGNAM-SAMSUNG-COEX-SM01-N04",
      "properties": {
        "node_id": "SEOUL-GANGNAM-SAMSUNG-COEX-SM01-N04",
        "parent_submarket_id": "SEOUL-GANGNAM-SAMSUNG-COEX-SM01",
        "node_type": "street",
        "name": "테헤란로",
        "address": null,
        "latitude": null,
        "longitude": null,
        "source_id": "SRC-V1-FRAMEONE",
        "field_survey_priority": "A",
        "notes": "좌표·주소 확인 필요; v1 텍스트에서 분리",
        "status": "text_only"
      },
      "geometry": null
    },
    {
      "type": "Feature",
      "id": "SEOUL-GANGNAM-SAMSUNG-COEX-SM01-N05",
      "properties": {
        "node_id": "SEOUL-GANGNAM-SAMSUNG-COEX-SM01-N05",
        "parent_submarket_id": "SEOUL-GANGNAM-SAMSUNG-COEX-SM01",
        "node_type": "station",
        "name": "삼성역",
        "address": null,
        "latitude": null,
        "longitude": null,
        "source_id": "SRC-V1-FRAMEONE",
        "field_survey_priority": "A",
        "notes": "좌표·주소 확인 필요; v1 텍스트에서 분리",
        "status": "text_only"
      },
      "geometry": null
    },
    {
      "type": "Feature",
      "id": "SEOUL-GANGNAM-SAMSUNG-COEX-SM01-N06",
      "properties": {
        "node_id": "SEOUL-GANGNAM-SAMSUNG-COEX-SM01-N06",
        "parent_submarket_id": "SEOUL-GANGNAM-SAMSUNG-COEX-SM01",
        "node_type": "shopping",
        "name": "코엑스",
        "address": null,
        "latitude": null,
        "longitude": null,
        "source_id": "SRC-V1-FRAMEONE",
        "field_survey_priority": "A",
        "notes": "좌표·주소 확인 필요; v1 텍스트에서 분리",
        "status": "text_only"
      },
      "geometry": null
    },
    {
      "type": "Feature",
      "id": "SEOUL-GANGNAM-SAMSUNG-COEX-SM01-N07",
      "properties": {
        "node_id": "SEOUL-GANGNAM-SAMSUNG-COEX-SM01-N07",
        "parent_submarket_id": "SEOUL-GANGNAM-SAMSUNG-COEX-SM01",
        "node_type": "station",
        "name": "무역센터",
        "address": null,
        "latitude": null,
        "longitude": null,
        "source_id": "SRC-V1-FRAMEONE",
        "field_survey_priority": "A",
        "notes": "좌표·주소 확인 필요; v1 텍스트에서 분리",
        "status": "text_only"
      },
      "geometry": null
    },
    {
      "type": "Feature",
      "id": "SEOUL-GANGNAM-CHEONGDAM-SM01-N01",
      "properties": {
        "node_id": "SEOUL-GANGNAM-CHEONGDAM-SM01-N01",
        "parent_submarket_id": "SEOUL-GANGNAM-CHEONGDAM-SM01",
        "node_type": "anchor",
        "name": "청담",
        "address": null,
        "latitude": null,
        "longitude": null,
        "source_id": "SRC-V1-FRAMEONE",
        "field_survey_priority": "A",
        "notes": "좌표·주소 확인 필요; v1 텍스트에서 분리",
        "status": "text_only"
      },
      "geometry": null
    },
    {
      "type": "Feature",
      "id": "SEOUL-GANGNAM-CHEONGDAM-SM01-N02",
      "properties": {
        "node_id": "SEOUL-GANGNAM-CHEONGDAM-SM01-N02",
        "parent_submarket_id": "SEOUL-GANGNAM-CHEONGDAM-SM01",
        "node_type": "street",
        "name": "도산대로",
        "address": null,
        "latitude": null,
        "longitude": null,
        "source_id": "SRC-V1-FRAMEONE",
        "field_survey_priority": "A",
        "notes": "좌표·주소 확인 필요; v1 텍스트에서 분리",
        "status": "text_only"
      },
      "geometry": null
    },
    {
      "type": "Feature",
      "id": "SEOUL-GANGNAM-CHEONGDAM-SM01-N03",
      "properties": {
        "node_id": "SEOUL-GANGNAM-CHEONGDAM-SM01-N03",
        "parent_submarket_id": "SEOUL-GANGNAM-CHEONGDAM-SM01",
        "node_type": "street",
        "name": "압구정로",
        "address": null,
        "latitude": null,
        "longitude": null,
        "source_id": "SRC-V1-FRAMEONE",
        "field_survey_priority": "A",
        "notes": "좌표·주소 확인 필요; v1 텍스트에서 분리",
        "status": "text_only"
      },
      "geometry": null
    },
    {
      "type": "Feature",
      "id": "SEOUL-GANGNAM-APGUJEONG-STATION-N01",
      "properties": {
        "node_id": "SEOUL-GANGNAM-APGUJEONG-STATION-N01",
        "parent_submarket_id": "SEOUL-GANGNAM-APGUJEONG-STATION",
        "node_type": "anchor",
        "name": "압구정",
        "address": null,
        "latitude": null,
        "longitude": null,
        "source_id": "SRC-V1-FRAMEONE",
        "field_survey_priority": "A",
        "notes": "좌표·주소 확인 필요; v1 텍스트에서 분리",
        "status": "text_only"
      },
      "geometry": null
    },
    {
      "type": "Feature",
      "id": "SEOUL-GANGNAM-APGUJEONG-STATION-N02",
      "properties": {
        "node_id": "SEOUL-GANGNAM-APGUJEONG-STATION-N02",
        "parent_submarket_id": "SEOUL-GANGNAM-APGUJEONG-STATION",
        "node_type": "street",
        "name": "압구정로데오",
        "address": null,
        "latitude": null,
        "longitude": null,
        "source_id": "SRC-V1-FRAMEONE",
        "field_survey_priority": "A",
        "notes": "좌표·주소 확인 필요; v1 텍스트에서 분리",
        "status": "text_only"
      },
      "geometry": null
    },
    {
      "type": "Feature",
      "id": "SEOUL-GANGNAM-APGUJEONG-STATION-N03",
      "properties": {
        "node_id": "SEOUL-GANGNAM-APGUJEONG-STATION-N03",
        "parent_submarket_id": "SEOUL-GANGNAM-APGUJEONG-STATION",
        "node_type": "street",
        "name": "압구정로",
        "address": null,
        "latitude": null,
        "longitude": null,
        "source_id": "SRC-V1-FRAMEONE",
        "field_survey_priority": "A",
        "notes": "좌표·주소 확인 필요; v1 텍스트에서 분리",
        "status": "text_only"
      },
      "geometry": null
    },
    {
      "type": "Feature",
      "id": "SEOUL-GANGNAM-APGUJEONG-STATION-N04",
      "properties": {
        "node_id": "SEOUL-GANGNAM-APGUJEONG-STATION-N04",
        "parent_submarket_id": "SEOUL-GANGNAM-APGUJEONG-STATION",
        "node_type": "street",
        "name": "선릉로",
        "address": null,
        "latitude": null,
        "longitude": null,
        "source_id": "SRC-V1-FRAMEONE",
        "field_survey_priority": "A",
        "notes": "좌표·주소 확인 필요; v1 텍스트에서 분리",
        "status": "text_only"
      },
      "geometry": null
    },
    {
      "type": "Feature",
      "id": "SEOUL-GANGNAM-APGUJEONG-STATION-N05",
      "properties": {
        "node_id": "SEOUL-GANGNAM-APGUJEONG-STATION-N05",
        "parent_submarket_id": "SEOUL-GANGNAM-APGUJEONG-STATION",
        "node_type": "station",
        "name": "압구정역",
        "address": null,
        "latitude": null,
        "longitude": null,
        "source_id": "SRC-V1-FRAMEONE",
        "field_survey_priority": "A",
        "notes": "좌표·주소 확인 필요; v1 텍스트에서 분리",
        "status": "text_only"
      },
      "geometry": null
    },
    {
      "type": "Feature",
      "id": "SEOUL-GANGNAM-SINSA-GAROSU-SM01-N01",
      "properties": {
        "node_id": "SEOUL-GANGNAM-SINSA-GAROSU-SM01-N01",
        "parent_submarket_id": "SEOUL-GANGNAM-SINSA-GAROSU-SM01",
        "node_type": "anchor",
        "name": "신사",
        "address": null,
        "latitude": null,
        "longitude": null,
        "source_id": "SRC-V1-FRAMEONE",
        "field_survey_priority": "A",
        "notes": "좌표·주소 확인 필요; v1 텍스트에서 분리",
        "status": "text_only"
      },
      "geometry": null
    },
    {
      "type": "Feature",
      "id": "SEOUL-GANGNAM-SINSA-GAROSU-SM01-N02",
      "properties": {
        "node_id": "SEOUL-GANGNAM-SINSA-GAROSU-SM01-N02",
        "parent_submarket_id": "SEOUL-GANGNAM-SINSA-GAROSU-SM01",
        "node_type": "street",
        "name": "도산대로",
        "address": null,
        "latitude": null,
        "longitude": null,
        "source_id": "SRC-V1-FRAMEONE",
        "field_survey_priority": "A",
        "notes": "좌표·주소 확인 필요; v1 텍스트에서 분리",
        "status": "text_only"
      },
      "geometry": null
    },
    {
      "type": "Feature",
      "id": "SEOUL-GANGNAM-SINSA-GAROSU-SM01-N03",
      "properties": {
        "node_id": "SEOUL-GANGNAM-SINSA-GAROSU-SM01-N03",
        "parent_submarket_id": "SEOUL-GANGNAM-SINSA-GAROSU-SM01",
        "node_type": "street",
        "name": "압구정로",
        "address": null,
        "latitude": null,
        "longitude": null,
        "source_id": "SRC-V1-FRAMEONE",
        "field_survey_priority": "A",
        "notes": "좌표·주소 확인 필요; v1 텍스트에서 분리",
        "status": "text_only"
      },
      "geometry": null
    },
    {
      "type": "Feature",
      "id": "SEOUL-GANGNAM-SINSA-GAROSU-SM02-N04",
      "properties": {
        "node_id": "SEOUL-GANGNAM-SINSA-GAROSU-SM02-N04",
        "parent_submarket_id": "SEOUL-GANGNAM-SINSA-GAROSU-SM02",
        "node_type": "street",
        "name": "가로수길",
        "address": null,
        "latitude": null,
        "longitude": null,
        "source_id": "SRC-V1-FRAMEONE",
        "field_survey_priority": "A",
        "notes": "좌표·주소 확인 필요; v1 텍스트에서 분리",
        "status": "text_only"
      },
      "geometry": null
    },
    {
      "type": "Feature",
      "id": "SEOUL-GANGNAM-SINSA-GAROSU-SM01-N05",
      "properties": {
        "node_id": "SEOUL-GANGNAM-SINSA-GAROSU-SM01-N05",
        "parent_submarket_id": "SEOUL-GANGNAM-SINSA-GAROSU-SM01",
        "node_type": "station",
        "name": "신사역",
        "address": null,
        "latitude": null,
        "longitude": null,
        "source_id": "SRC-V1-FRAMEONE",
        "field_survey_priority": "A",
        "notes": "좌표·주소 확인 필요; v1 텍스트에서 분리",
        "status": "text_only"
      },
      "geometry": null
    },
    {
      "type": "Feature",
      "id": "SEOUL-GANGNAM-NONHYEON-SM01-N01",
      "properties": {
        "node_id": "SEOUL-GANGNAM-NONHYEON-SM01-N01",
        "parent_submarket_id": "SEOUL-GANGNAM-NONHYEON-SM01",
        "node_type": "anchor",
        "name": "논현",
        "address": null,
        "latitude": null,
        "longitude": null,
        "source_id": "SRC-V1-FRAMEONE",
        "field_survey_priority": "B",
        "notes": "좌표·주소 확인 필요; v1 텍스트에서 분리",
        "status": "text_only"
      },
      "geometry": null
    },
    {
      "type": "Feature",
      "id": "SEOUL-GANGNAM-NONHYEON-SM01-N02",
      "properties": {
        "node_id": "SEOUL-GANGNAM-NONHYEON-SM01-N02",
        "parent_submarket_id": "SEOUL-GANGNAM-NONHYEON-SM01",
        "node_type": "anchor",
        "name": "학동",
        "address": null,
        "latitude": null,
        "longitude": null,
        "source_id": "SRC-V1-FRAMEONE",
        "field_survey_priority": "B",
        "notes": "좌표·주소 확인 필요; v1 텍스트에서 분리",
        "status": "text_only"
      },
      "geometry": null
    },
    {
      "type": "Feature",
      "id": "SEOUL-GANGNAM-NONHYEON-SM01-N03",
      "properties": {
        "node_id": "SEOUL-GANGNAM-NONHYEON-SM01-N03",
        "parent_submarket_id": "SEOUL-GANGNAM-NONHYEON-SM01",
        "node_type": "street",
        "name": "강남대로",
        "address": null,
        "latitude": null,
        "longitude": null,
        "source_id": "SRC-V1-FRAMEONE",
        "field_survey_priority": "B",
        "notes": "좌표·주소 확인 필요; v1 텍스트에서 분리",
        "status": "text_only"
      },
      "geometry": null
    },
    {
      "type": "Feature",
      "id": "SEOUL-GANGNAM-NONHYEON-SM01-N04",
      "properties": {
        "node_id": "SEOUL-GANGNAM-NONHYEON-SM01-N04",
        "parent_submarket_id": "SEOUL-GANGNAM-NONHYEON-SM01",
        "node_type": "street",
        "name": "학동로",
        "address": null,
        "latitude": null,
        "longitude": null,
        "source_id": "SRC-V1-FRAMEONE",
        "field_survey_priority": "B",
        "notes": "좌표·주소 확인 필요; v1 텍스트에서 분리",
        "status": "text_only"
      },
      "geometry": null
    },
    {
      "type": "Feature",
      "id": "SEOUL-GANGNAM-NONHYEON-SM01-N05",
      "properties": {
        "node_id": "SEOUL-GANGNAM-NONHYEON-SM01-N05",
        "parent_submarket_id": "SEOUL-GANGNAM-NONHYEON-SM01",
        "node_type": "station",
        "name": "논현역",
        "address": null,
        "latitude": null,
        "longitude": null,
        "source_id": "SRC-V1-FRAMEONE",
        "field_survey_priority": "B",
        "notes": "좌표·주소 확인 필요; v1 텍스트에서 분리",
        "status": "text_only"
      },
      "geometry": null
    },
    {
      "type": "Feature",
      "id": "SEOUL-GANGNAM-NONHYEON-SM01-N06",
      "properties": {
        "node_id": "SEOUL-GANGNAM-NONHYEON-SM01-N06",
        "parent_submarket_id": "SEOUL-GANGNAM-NONHYEON-SM01",
        "node_type": "traditional_market",
        "name": "영동시장",
        "address": null,
        "latitude": null,
        "longitude": null,
        "source_id": "SRC-V1-FRAMEONE",
        "field_survey_priority": "B",
        "notes": "좌표·주소 확인 필요; v1 텍스트에서 분리",
        "status": "text_only"
      },
      "geometry": null
    },
    {
      "type": "Feature",
      "id": "SEOUL-GANGNAM-DAECHI-DOGOK-SM03-N01",
      "properties": {
        "node_id": "SEOUL-GANGNAM-DAECHI-DOGOK-SM03-N01",
        "parent_submarket_id": "SEOUL-GANGNAM-DAECHI-DOGOK-SM03",
        "node_type": "anchor",
        "name": "한티",
        "address": null,
        "latitude": null,
        "longitude": null,
        "source_id": "SRC-V1-FRAMEONE",
        "field_survey_priority": "S",
        "notes": "좌표·주소 확인 필요; v1 텍스트에서 분리",
        "status": "text_only"
      },
      "geometry": null
    },
    {
      "type": "Feature",
      "id": "SEOUL-GANGNAM-DAECHI-DOGOK-SM01-N02",
      "properties": {
        "node_id": "SEOUL-GANGNAM-DAECHI-DOGOK-SM01-N02",
        "parent_submarket_id": "SEOUL-GANGNAM-DAECHI-DOGOK-SM01",
        "node_type": "anchor",
        "name": "대치",
        "address": null,
        "latitude": null,
        "longitude": null,
        "source_id": "SRC-V1-FRAMEONE",
        "field_survey_priority": "S",
        "notes": "좌표·주소 확인 필요; v1 텍스트에서 분리",
        "status": "text_only"
      },
      "geometry": null
    },
    {
      "type": "Feature",
      "id": "SEOUL-GANGNAM-DAECHI-DOGOK-SM01-N03",
      "properties": {
        "node_id": "SEOUL-GANGNAM-DAECHI-DOGOK-SM01-N03",
        "parent_submarket_id": "SEOUL-GANGNAM-DAECHI-DOGOK-SM01",
        "node_type": "street",
        "name": "도곡로",
        "address": null,
        "latitude": null,
        "longitude": null,
        "source_id": "SRC-V1-FRAMEONE",
        "field_survey_priority": "S",
        "notes": "좌표·주소 확인 필요; v1 텍스트에서 분리",
        "status": "text_only"
      },
      "geometry": null
    },
    {
      "type": "Feature",
      "id": "SEOUL-GANGNAM-DAECHI-DOGOK-SM01-N04",
      "properties": {
        "node_id": "SEOUL-GANGNAM-DAECHI-DOGOK-SM01-N04",
        "parent_submarket_id": "SEOUL-GANGNAM-DAECHI-DOGOK-SM01",
        "node_type": "street",
        "name": "남부순환로",
        "address": null,
        "latitude": null,
        "longitude": null,
        "source_id": "SRC-V1-FRAMEONE",
        "field_survey_priority": "S",
        "notes": "좌표·주소 확인 필요; v1 텍스트에서 분리",
        "status": "text_only"
      },
      "geometry": null
    },
    {
      "type": "Feature",
      "id": "SEOUL-GANGNAM-DAECHI-DOGOK-SM03-N05",
      "properties": {
        "node_id": "SEOUL-GANGNAM-DAECHI-DOGOK-SM03-N05",
        "parent_submarket_id": "SEOUL-GANGNAM-DAECHI-DOGOK-SM03",
        "node_type": "station",
        "name": "한티역",
        "address": null,
        "latitude": null,
        "longitude": null,
        "source_id": "SRC-V1-FRAMEONE",
        "field_survey_priority": "S",
        "notes": "좌표·주소 확인 필요; v1 텍스트에서 분리",
        "status": "text_only"
      },
      "geometry": null
    },
    {
      "type": "Feature",
      "id": "SEOUL-GANGNAM-SUSEO-SEGOK-SM01-N01",
      "properties": {
        "node_id": "SEOUL-GANGNAM-SUSEO-SEGOK-SM01-N01",
        "parent_submarket_id": "SEOUL-GANGNAM-SUSEO-SEGOK-SM01",
        "node_type": "anchor",
        "name": "수서",
        "address": null,
        "latitude": null,
        "longitude": null,
        "source_id": "SRC-V1-FRAMEONE",
        "field_survey_priority": "A",
        "notes": "좌표·주소 확인 필요; v1 텍스트에서 분리",
        "status": "text_only"
      },
      "geometry": null
    },
    {
      "type": "Feature",
      "id": "SEOUL-GANGNAM-SUSEO-SEGOK-SM01-N02",
      "properties": {
        "node_id": "SEOUL-GANGNAM-SUSEO-SEGOK-SM01-N02",
        "parent_submarket_id": "SEOUL-GANGNAM-SUSEO-SEGOK-SM01",
        "node_type": "street",
        "name": "광평로",
        "address": null,
        "latitude": null,
        "longitude": null,
        "source_id": "SRC-V1-FRAMEONE",
        "field_survey_priority": "A",
        "notes": "좌표·주소 확인 필요; v1 텍스트에서 분리",
        "status": "text_only"
      },
      "geometry": null
    },
    {
      "type": "Feature",
      "id": "SEOUL-GANGNAM-SUSEO-SEGOK-SM01-N03",
      "properties": {
        "node_id": "SEOUL-GANGNAM-SUSEO-SEGOK-SM01-N03",
        "parent_submarket_id": "SEOUL-GANGNAM-SUSEO-SEGOK-SM01",
        "node_type": "street",
        "name": "밤고개로",
        "address": null,
        "latitude": null,
        "longitude": null,
        "source_id": "SRC-V1-FRAMEONE",
        "field_survey_priority": "A",
        "notes": "좌표·주소 확인 필요; v1 텍스트에서 분리",
        "status": "text_only"
      },
      "geometry": null
    },
    {
      "type": "Feature",
      "id": "SEOUL-GANGNAM-SUSEO-SEGOK-SM01-N04",
      "properties": {
        "node_id": "SEOUL-GANGNAM-SUSEO-SEGOK-SM01-N04",
        "parent_submarket_id": "SEOUL-GANGNAM-SUSEO-SEGOK-SM01",
        "node_type": "station",
        "name": "수서역",
        "address": null,
        "latitude": null,
        "longitude": null,
        "source_id": "SRC-V1-FRAMEONE",
        "field_survey_priority": "A",
        "notes": "좌표·주소 확인 필요; v1 텍스트에서 분리",
        "status": "text_only"
      },
      "geometry": null
    },
    {
      "type": "Feature",
      "id": "SEOUL-SONGPA-JAMSIL-SM01-N01",
      "properties": {
        "node_id": "SEOUL-SONGPA-JAMSIL-SM01-N01",
        "parent_submarket_id": "SEOUL-SONGPA-JAMSIL-SM01",
        "node_type": "anchor",
        "name": "잠실",
        "address": null,
        "latitude": null,
        "longitude": null,
        "source_id": "SRC-V1-FRAMEONE",
        "field_survey_priority": "A",
        "notes": "좌표·주소 확인 필요; v1 텍스트에서 분리",
        "status": "text_only"
      },
      "geometry": null
    },
    {
      "type": "Feature",
      "id": "SEOUL-SONGPA-JAMSIL-SM01-N02",
      "properties": {
        "node_id": "SEOUL-SONGPA-JAMSIL-SM01-N02",
        "parent_submarket_id": "SEOUL-SONGPA-JAMSIL-SM01",
        "node_type": "street",
        "name": "올림픽로",
        "address": null,
        "latitude": null,
        "longitude": null,
        "source_id": "SRC-V1-FRAMEONE",
        "field_survey_priority": "A",
        "notes": "좌표·주소 확인 필요; v1 텍스트에서 분리",
        "status": "text_only"
      },
      "geometry": null
    },
    {
      "type": "Feature",
      "id": "SEOUL-SONGPA-JAMSIL-SM01-N03",
      "properties": {
        "node_id": "SEOUL-SONGPA-JAMSIL-SM01-N03",
        "parent_submarket_id": "SEOUL-SONGPA-JAMSIL-SM01",
        "node_type": "street",
        "name": "송파대로",
        "address": null,
        "latitude": null,
        "longitude": null,
        "source_id": "SRC-V1-FRAMEONE",
        "field_survey_priority": "A",
        "notes": "좌표·주소 확인 필요; v1 텍스트에서 분리",
        "status": "text_only"
      },
      "geometry": null
    },
    {
      "type": "Feature",
      "id": "SEOUL-SONGPA-JAMSIL-SM01-N04",
      "properties": {
        "node_id": "SEOUL-SONGPA-JAMSIL-SM01-N04",
        "parent_submarket_id": "SEOUL-SONGPA-JAMSIL-SM01",
        "node_type": "station",
        "name": "잠실역",
        "address": null,
        "latitude": null,
        "longitude": null,
        "source_id": "SRC-V1-FRAMEONE",
        "field_survey_priority": "A",
        "notes": "좌표·주소 확인 필요; v1 텍스트에서 분리",
        "status": "text_only"
      },
      "geometry": null
    },
    {
      "type": "Feature",
      "id": "SEOUL-SONGPA-JAMSIL-SM01-N05",
      "properties": {
        "node_id": "SEOUL-SONGPA-JAMSIL-SM01-N05",
        "parent_submarket_id": "SEOUL-SONGPA-JAMSIL-SM01",
        "node_type": "shopping",
        "name": "롯데월드몰",
        "address": null,
        "latitude": null,
        "longitude": null,
        "source_id": "SRC-V1-FRAMEONE",
        "field_survey_priority": "A",
        "notes": "좌표·주소 확인 필요; v1 텍스트에서 분리",
        "status": "text_only"
      },
      "geometry": null
    },
    {
      "type": "Feature",
      "id": "SEOUL-SONGPA-JAMSIL-SM01-N06",
      "properties": {
        "node_id": "SEOUL-SONGPA-JAMSIL-SM01-N06",
        "parent_submarket_id": "SEOUL-SONGPA-JAMSIL-SM01",
        "node_type": "anchor",
        "name": "롯데월드",
        "address": null,
        "latitude": null,
        "longitude": null,
        "source_id": "SRC-V1-FRAMEONE",
        "field_survey_priority": "A",
        "notes": "좌표·주소 확인 필요; v1 텍스트에서 분리",
        "status": "text_only"
      },
      "geometry": null
    },
    {
      "type": "Feature",
      "id": "SEOUL-SONGPA-SONGRIDAN-SM01-N01",
      "properties": {
        "node_id": "SEOUL-SONGPA-SONGRIDAN-SM01-N01",
        "parent_submarket_id": "SEOUL-SONGPA-SONGRIDAN-SM01",
        "node_type": "anchor",
        "name": "석촌",
        "address": null,
        "latitude": null,
        "longitude": null,
        "source_id": "SRC-V1-FRAMEONE",
        "field_survey_priority": "A",
        "notes": "좌표·주소 확인 필요; v1 텍스트에서 분리",
        "status": "text_only"
      },
      "geometry": null
    },
    {
      "type": "Feature",
      "id": "SEOUL-SONGPA-SONGRIDAN-SM01-N02",
      "properties": {
        "node_id": "SEOUL-SONGPA-SONGRIDAN-SM01-N02",
        "parent_submarket_id": "SEOUL-SONGPA-SONGRIDAN-SM01",
        "node_type": "anchor",
        "name": "송파나루",
        "address": null,
        "latitude": null,
        "longitude": null,
        "source_id": "SRC-V1-FRAMEONE",
        "field_survey_priority": "A",
        "notes": "좌표·주소 확인 필요; v1 텍스트에서 분리",
        "status": "text_only"
      },
      "geometry": null
    },
    {
      "type": "Feature",
      "id": "SEOUL-SONGPA-SONGRIDAN-SM01-N03",
      "properties": {
        "node_id": "SEOUL-SONGPA-SONGRIDAN-SM01-N03",
        "parent_submarket_id": "SEOUL-SONGPA-SONGRIDAN-SM01",
        "node_type": "street",
        "name": "백제고분로45길",
        "address": null,
        "latitude": null,
        "longitude": null,
        "source_id": "SRC-V1-FRAMEONE",
        "field_survey_priority": "A",
        "notes": "좌표·주소 확인 필요; v1 텍스트에서 분리",
        "status": "text_only"
      },
      "geometry": null
    },
    {
      "type": "Feature",
      "id": "SEOUL-SONGPA-SONGRIDAN-SM01-N04",
      "properties": {
        "node_id": "SEOUL-SONGPA-SONGRIDAN-SM01-N04",
        "parent_submarket_id": "SEOUL-SONGPA-SONGRIDAN-SM01",
        "node_type": "street",
        "name": "오금로",
        "address": null,
        "latitude": null,
        "longitude": null,
        "source_id": "SRC-V1-FRAMEONE",
        "field_survey_priority": "A",
        "notes": "좌표·주소 확인 필요; v1 텍스트에서 분리",
        "status": "text_only"
      },
      "geometry": null
    },
    {
      "type": "Feature",
      "id": "SEOUL-SONGPA-BANGI-SM02-N01",
      "properties": {
        "node_id": "SEOUL-SONGPA-BANGI-SM02-N01",
        "parent_submarket_id": "SEOUL-SONGPA-BANGI-SM02",
        "node_type": "anchor",
        "name": "몽촌토성",
        "address": null,
        "latitude": null,
        "longitude": null,
        "source_id": "SRC-V1-FRAMEONE",
        "field_survey_priority": "C",
        "notes": "좌표·주소 확인 필요; v1 텍스트에서 분리",
        "status": "text_only"
      },
      "geometry": null
    },
    {
      "type": "Feature",
      "id": "SEOUL-SONGPA-BANGI-SM01-N02",
      "properties": {
        "node_id": "SEOUL-SONGPA-BANGI-SM01-N02",
        "parent_submarket_id": "SEOUL-SONGPA-BANGI-SM01",
        "node_type": "anchor",
        "name": "한성백제",
        "address": null,
        "latitude": null,
        "longitude": null,
        "source_id": "SRC-V1-FRAMEONE",
        "field_survey_priority": "C",
        "notes": "좌표·주소 확인 필요; v1 텍스트에서 분리",
        "status": "text_only"
      },
      "geometry": null
    },
    {
      "type": "Feature",
      "id": "SEOUL-SONGPA-BANGI-SM01-N03",
      "properties": {
        "node_id": "SEOUL-SONGPA-BANGI-SM01-N03",
        "parent_submarket_id": "SEOUL-SONGPA-BANGI-SM01",
        "node_type": "street",
        "name": "오금로",
        "address": null,
        "latitude": null,
        "longitude": null,
        "source_id": "SRC-V1-FRAMEONE",
        "field_survey_priority": "C",
        "notes": "좌표·주소 확인 필요; v1 텍스트에서 분리",
        "status": "text_only"
      },
      "geometry": null
    },
    {
      "type": "Feature",
      "id": "SEOUL-SONGPA-BANGI-SM01-N04",
      "properties": {
        "node_id": "SEOUL-SONGPA-BANGI-SM01-N04",
        "parent_submarket_id": "SEOUL-SONGPA-BANGI-SM01",
        "node_type": "street",
        "name": "위례성대로",
        "address": null,
        "latitude": null,
        "longitude": null,
        "source_id": "SRC-V1-FRAMEONE",
        "field_survey_priority": "C",
        "notes": "좌표·주소 확인 필요; v1 텍스트에서 분리",
        "status": "text_only"
      },
      "geometry": null
    },
    {
      "type": "Feature",
      "id": "SEOUL-SONGPA-BANGI-SM02-N05",
      "properties": {
        "node_id": "SEOUL-SONGPA-BANGI-SM02-N05",
        "parent_submarket_id": "SEOUL-SONGPA-BANGI-SM02",
        "node_type": "station",
        "name": "몽촌토성역",
        "address": null,
        "latitude": null,
        "longitude": null,
        "source_id": "SRC-V1-FRAMEONE",
        "field_survey_priority": "C",
        "notes": "좌표·주소 확인 필요; v1 텍스트에서 분리",
        "status": "text_only"
      },
      "geometry": null
    },
    {
      "type": "Feature",
      "id": "SEOUL-SONGPA-MUNJEONG-SM02-N01",
      "properties": {
        "node_id": "SEOUL-SONGPA-MUNJEONG-SM02-N01",
        "parent_submarket_id": "SEOUL-SONGPA-MUNJEONG-SM02",
        "node_type": "anchor",
        "name": "문정",
        "address": null,
        "latitude": null,
        "longitude": null,
        "source_id": "SRC-V1-FRAMEONE",
        "field_survey_priority": "S",
        "notes": "좌표·주소 확인 필요; v1 텍스트에서 분리",
        "status": "text_only"
      },
      "geometry": null
    },
    {
      "type": "Feature",
      "id": "SEOUL-SONGPA-MUNJEONG-SM01-N02",
      "properties": {
        "node_id": "SEOUL-SONGPA-MUNJEONG-SM01-N02",
        "parent_submarket_id": "SEOUL-SONGPA-MUNJEONG-SM01",
        "node_type": "street",
        "name": "송파대로",
        "address": null,
        "latitude": null,
        "longitude": null,
        "source_id": "SRC-V1-FRAMEONE",
        "field_survey_priority": "S",
        "notes": "좌표·주소 확인 필요; v1 텍스트에서 분리",
        "status": "text_only"
      },
      "geometry": null
    },
    {
      "type": "Feature",
      "id": "SEOUL-SONGPA-MUNJEONG-SM01-N03",
      "properties": {
        "node_id": "SEOUL-SONGPA-MUNJEONG-SM01-N03",
        "parent_submarket_id": "SEOUL-SONGPA-MUNJEONG-SM01",
        "node_type": "street",
        "name": "법원로",
        "address": null,
        "latitude": null,
        "longitude": null,
        "source_id": "SRC-V1-FRAMEONE",
        "field_survey_priority": "S",
        "notes": "좌표·주소 확인 필요; v1 텍스트에서 분리",
        "status": "text_only"
      },
      "geometry": null
    },
    {
      "type": "Feature",
      "id": "SEOUL-SONGPA-MUNJEONG-SM01-N04",
      "properties": {
        "node_id": "SEOUL-SONGPA-MUNJEONG-SM01-N04",
        "parent_submarket_id": "SEOUL-SONGPA-MUNJEONG-SM01",
        "node_type": "anchor",
        "name": "가든파이브",
        "address": null,
        "latitude": null,
        "longitude": null,
        "source_id": "SRC-V1-FRAMEONE",
        "field_survey_priority": "S",
        "notes": "좌표·주소 확인 필요; v1 텍스트에서 분리",
        "status": "text_only"
      },
      "geometry": null
    },
    {
      "type": "Feature",
      "id": "SEOUL-SONGPA-MUNJEONG-SM02-N05",
      "properties": {
        "node_id": "SEOUL-SONGPA-MUNJEONG-SM02-N05",
        "parent_submarket_id": "SEOUL-SONGPA-MUNJEONG-SM02",
        "node_type": "station",
        "name": "문정역",
        "address": null,
        "latitude": null,
        "longitude": null,
        "source_id": "SRC-V1-FRAMEONE",
        "field_survey_priority": "S",
        "notes": "좌표·주소 확인 필요; v1 텍스트에서 분리",
        "status": "text_only"
      },
      "geometry": null
    },
    {
      "type": "Feature",
      "id": "SEOUL-SONGPA-GARAKMARKET-SM02-N01",
      "properties": {
        "node_id": "SEOUL-SONGPA-GARAKMARKET-SM02-N01",
        "parent_submarket_id": "SEOUL-SONGPA-GARAKMARKET-SM02",
        "node_type": "traditional_market",
        "name": "가락시장",
        "address": null,
        "latitude": null,
        "longitude": null,
        "source_id": "SRC-V1-FRAMEONE",
        "field_survey_priority": "B",
        "notes": "좌표·주소 확인 필요; v1 텍스트에서 분리",
        "status": "text_only"
      },
      "geometry": null
    },
    {
      "type": "Feature",
      "id": "SEOUL-SONGPA-GARAKMARKET-SM01-N02",
      "properties": {
        "node_id": "SEOUL-SONGPA-GARAKMARKET-SM01-N02",
        "parent_submarket_id": "SEOUL-SONGPA-GARAKMARKET-SM01",
        "node_type": "street",
        "name": "송파대로",
        "address": null,
        "latitude": null,
        "longitude": null,
        "source_id": "SRC-V1-FRAMEONE",
        "field_survey_priority": "B",
        "notes": "좌표·주소 확인 필요; v1 텍스트에서 분리",
        "status": "text_only"
      },
      "geometry": null
    },
    {
      "type": "Feature",
      "id": "SEOUL-SONGPA-GARAKMARKET-SM01-N03",
      "properties": {
        "node_id": "SEOUL-SONGPA-GARAKMARKET-SM01-N03",
        "parent_submarket_id": "SEOUL-SONGPA-GARAKMARKET-SM01",
        "node_type": "street",
        "name": "양재대로",
        "address": null,
        "latitude": null,
        "longitude": null,
        "source_id": "SRC-V1-FRAMEONE",
        "field_survey_priority": "B",
        "notes": "좌표·주소 확인 필요; v1 텍스트에서 분리",
        "status": "text_only"
      },
      "geometry": null
    },
    {
      "type": "Feature",
      "id": "SEOUL-SONGPA-GARAKMARKET-SM02-N04",
      "properties": {
        "node_id": "SEOUL-SONGPA-GARAKMARKET-SM02-N04",
        "parent_submarket_id": "SEOUL-SONGPA-GARAKMARKET-SM02",
        "node_type": "station",
        "name": "가락시장역",
        "address": null,
        "latitude": null,
        "longitude": null,
        "source_id": "SRC-V1-FRAMEONE",
        "field_survey_priority": "B",
        "notes": "좌표·주소 확인 필요; v1 텍스트에서 분리",
        "status": "text_only"
      },
      "geometry": null
    },
    {
      "type": "Feature",
      "id": "SEOUL-SONGPA-SEOKCHON-SAMJEON-SM01-N01",
      "properties": {
        "node_id": "SEOUL-SONGPA-SEOKCHON-SAMJEON-SM01-N01",
        "parent_submarket_id": "SEOUL-SONGPA-SEOKCHON-SAMJEON-SM01",
        "node_type": "anchor",
        "name": "석촌",
        "address": null,
        "latitude": null,
        "longitude": null,
        "source_id": "SRC-V1-FRAMEONE",
        "field_survey_priority": "C",
        "notes": "좌표·주소 확인 필요; v1 텍스트에서 분리",
        "status": "text_only"
      },
      "geometry": null
    },
    {
      "type": "Feature",
      "id": "SEOUL-SONGPA-SEOKCHON-SAMJEON-SM02-N02",
      "properties": {
        "node_id": "SEOUL-SONGPA-SEOKCHON-SAMJEON-SM02-N02",
        "parent_submarket_id": "SEOUL-SONGPA-SEOKCHON-SAMJEON-SM02",
        "node_type": "anchor",
        "name": "삼전",
        "address": null,
        "latitude": null,
        "longitude": null,
        "source_id": "SRC-V1-FRAMEONE",
        "field_survey_priority": "C",
        "notes": "좌표·주소 확인 필요; v1 텍스트에서 분리",
        "status": "text_only"
      },
      "geometry": null
    },
    {
      "type": "Feature",
      "id": "SEOUL-SONGPA-SEOKCHON-SAMJEON-SM01-N03",
      "properties": {
        "node_id": "SEOUL-SONGPA-SEOKCHON-SAMJEON-SM01-N03",
        "parent_submarket_id": "SEOUL-SONGPA-SEOKCHON-SAMJEON-SM01",
        "node_type": "street",
        "name": "백제고분로",
        "address": null,
        "latitude": null,
        "longitude": null,
        "source_id": "SRC-V1-FRAMEONE",
        "field_survey_priority": "C",
        "notes": "좌표·주소 확인 필요; v1 텍스트에서 분리",
        "status": "text_only"
      },
      "geometry": null
    },
    {
      "type": "Feature",
      "id": "SEOUL-SONGPA-SEOKCHON-SAMJEON-SM01-N04",
      "properties": {
        "node_id": "SEOUL-SONGPA-SEOKCHON-SAMJEON-SM01-N04",
        "parent_submarket_id": "SEOUL-SONGPA-SEOKCHON-SAMJEON-SM01",
        "node_type": "street",
        "name": "삼학사로",
        "address": null,
        "latitude": null,
        "longitude": null,
        "source_id": "SRC-V1-FRAMEONE",
        "field_survey_priority": "C",
        "notes": "좌표·주소 확인 필요; v1 텍스트에서 분리",
        "status": "text_only"
      },
      "geometry": null
    },
    {
      "type": "Feature",
      "id": "SEOUL-SONGPA-SEOKCHON-SAMJEON-SM01-N05",
      "properties": {
        "node_id": "SEOUL-SONGPA-SEOKCHON-SAMJEON-SM01-N05",
        "parent_submarket_id": "SEOUL-SONGPA-SEOKCHON-SAMJEON-SM01",
        "node_type": "station",
        "name": "석촌역",
        "address": null,
        "latitude": null,
        "longitude": null,
        "source_id": "SRC-V1-FRAMEONE",
        "field_survey_priority": "C",
        "notes": "좌표·주소 확인 필요; v1 텍스트에서 분리",
        "status": "text_only"
      },
      "geometry": null
    },
    {
      "type": "Feature",
      "id": "SEOUL-SONGPA-SEOKCHON-SAMJEON-SM02-N06",
      "properties": {
        "node_id": "SEOUL-SONGPA-SEOKCHON-SAMJEON-SM02-N06",
        "parent_submarket_id": "SEOUL-SONGPA-SEOKCHON-SAMJEON-SM02",
        "node_type": "station",
        "name": "삼전역",
        "address": null,
        "latitude": null,
        "longitude": null,
        "source_id": "SRC-V1-FRAMEONE",
        "field_survey_priority": "C",
        "notes": "좌표·주소 확인 필요; v1 텍스트에서 분리",
        "status": "text_only"
      },
      "geometry": null
    },
    {
      "type": "Feature",
      "id": "SEOUL-SONGPA-OLYMPICPARK-SM01-N01",
      "properties": {
        "node_id": "SEOUL-SONGPA-OLYMPICPARK-SM01-N01",
        "parent_submarket_id": "SEOUL-SONGPA-OLYMPICPARK-SM01",
        "node_type": "park_water_access",
        "name": "올림픽공원",
        "address": null,
        "latitude": null,
        "longitude": null,
        "source_id": "SRC-V1-FRAMEONE",
        "field_survey_priority": "A",
        "notes": "좌표·주소 확인 필요; v1 텍스트에서 분리",
        "status": "text_only"
      },
      "geometry": null
    },
    {
      "type": "Feature",
      "id": "SEOUL-SONGPA-OLYMPICPARK-SM01-N02",
      "properties": {
        "node_id": "SEOUL-SONGPA-OLYMPICPARK-SM01-N02",
        "parent_submarket_id": "SEOUL-SONGPA-OLYMPICPARK-SM01",
        "node_type": "anchor",
        "name": "한성백제",
        "address": null,
        "latitude": null,
        "longitude": null,
        "source_id": "SRC-V1-FRAMEONE",
        "field_survey_priority": "A",
        "notes": "좌표·주소 확인 필요; v1 텍스트에서 분리",
        "status": "text_only"
      },
      "geometry": null
    },
    {
      "type": "Feature",
      "id": "SEOUL-SONGPA-OLYMPICPARK-SM01-N03",
      "properties": {
        "node_id": "SEOUL-SONGPA-OLYMPICPARK-SM01-N03",
        "parent_submarket_id": "SEOUL-SONGPA-OLYMPICPARK-SM01",
        "node_type": "street",
        "name": "위례성대로",
        "address": null,
        "latitude": null,
        "longitude": null,
        "source_id": "SRC-V1-FRAMEONE",
        "field_survey_priority": "A",
        "notes": "좌표·주소 확인 필요; v1 텍스트에서 분리",
        "status": "text_only"
      },
      "geometry": null
    },
    {
      "type": "Feature",
      "id": "SEOUL-SONGPA-OLYMPICPARK-SM01-N04",
      "properties": {
        "node_id": "SEOUL-SONGPA-OLYMPICPARK-SM01-N04",
        "parent_submarket_id": "SEOUL-SONGPA-OLYMPICPARK-SM01",
        "node_type": "street",
        "name": "올림픽로",
        "address": null,
        "latitude": null,
        "longitude": null,
        "source_id": "SRC-V1-FRAMEONE",
        "field_survey_priority": "A",
        "notes": "좌표·주소 확인 필요; v1 텍스트에서 분리",
        "status": "text_only"
      },
      "geometry": null
    },
    {
      "type": "Feature",
      "id": "SEOUL-SONGPA-OLYMPICPARK-SM01-N05",
      "properties": {
        "node_id": "SEOUL-SONGPA-OLYMPICPARK-SM01-N05",
        "parent_submarket_id": "SEOUL-SONGPA-OLYMPICPARK-SM01",
        "node_type": "anchor",
        "name": "KSPO DOME",
        "address": null,
        "latitude": null,
        "longitude": null,
        "source_id": "SRC-V1-FRAMEONE",
        "field_survey_priority": "A",
        "notes": "좌표·주소 확인 필요; v1 텍스트에서 분리",
        "status": "text_only"
      },
      "geometry": null
    },
    {
      "type": "Feature",
      "id": "SEOUL-SONGPA-OLYMPICPARK-SM01-N06",
      "properties": {
        "node_id": "SEOUL-SONGPA-OLYMPICPARK-SM01-N06",
        "parent_submarket_id": "SEOUL-SONGPA-OLYMPICPARK-SM01",
        "node_type": "tourism_culture",
        "name": "한성백제박물관",
        "address": null,
        "latitude": null,
        "longitude": null,
        "source_id": "SRC-V1-FRAMEONE",
        "field_survey_priority": "A",
        "notes": "좌표·주소 확인 필요; v1 텍스트에서 분리",
        "status": "text_only"
      },
      "geometry": null
    },
    {
      "type": "Feature",
      "id": "SEOUL-SONGPA-WIRYE-SONGPA-SM01-N01",
      "properties": {
        "node_id": "SEOUL-SONGPA-WIRYE-SONGPA-SM01-N01",
        "parent_submarket_id": "SEOUL-SONGPA-WIRYE-SONGPA-SM01",
        "node_type": "anchor",
        "name": "장지(버스 연계)",
        "address": null,
        "latitude": null,
        "longitude": null,
        "source_id": "SRC-V1-FRAMEONE",
        "field_survey_priority": "A",
        "notes": "좌표·주소 확인 필요; v1 텍스트에서 분리",
        "status": "text_only"
      },
      "geometry": null
    },
    {
      "type": "Feature",
      "id": "SEOUL-SONGPA-WIRYE-SONGPA-SM03-N02",
      "properties": {
        "node_id": "SEOUL-SONGPA-WIRYE-SONGPA-SM03-N02",
        "parent_submarket_id": "SEOUL-SONGPA-WIRYE-SONGPA-SM03",
        "node_type": "street",
        "name": "위례광장로",
        "address": null,
        "latitude": null,
        "longitude": null,
        "source_id": "SRC-V1-FRAMEONE",
        "field_survey_priority": "A",
        "notes": "좌표·주소 확인 필요; v1 텍스트에서 분리",
        "status": "text_only"
      },
      "geometry": null
    },
    {
      "type": "Feature",
      "id": "SEOUL-SONGPA-WIRYE-SONGPA-SM01-N03",
      "properties": {
        "node_id": "SEOUL-SONGPA-WIRYE-SONGPA-SM01-N03",
        "parent_submarket_id": "SEOUL-SONGPA-WIRYE-SONGPA-SM01",
        "node_type": "street",
        "name": "위례순환로",
        "address": null,
        "latitude": null,
        "longitude": null,
        "source_id": "SRC-V1-FRAMEONE",
        "field_survey_priority": "A",
        "notes": "좌표·주소 확인 필요; v1 텍스트에서 분리",
        "status": "text_only"
      },
      "geometry": null
    },
    {
      "type": "Feature",
      "id": "SEOUL-SONGPA-GEOYEO-MACHEON-SM01-N01",
      "properties": {
        "node_id": "SEOUL-SONGPA-GEOYEO-MACHEON-SM01-N01",
        "parent_submarket_id": "SEOUL-SONGPA-GEOYEO-MACHEON-SM01",
        "node_type": "anchor",
        "name": "거여",
        "address": null,
        "latitude": null,
        "longitude": null,
        "source_id": "SRC-V1-FRAMEONE",
        "field_survey_priority": "A",
        "notes": "좌표·주소 확인 필요; v1 텍스트에서 분리",
        "status": "text_only"
      },
      "geometry": null
    },
    {
      "type": "Feature",
      "id": "SEOUL-SONGPA-GEOYEO-MACHEON-SM01-N02",
      "properties": {
        "node_id": "SEOUL-SONGPA-GEOYEO-MACHEON-SM01-N02",
        "parent_submarket_id": "SEOUL-SONGPA-GEOYEO-MACHEON-SM01",
        "node_type": "anchor",
        "name": "마천",
        "address": null,
        "latitude": null,
        "longitude": null,
        "source_id": "SRC-V1-FRAMEONE",
        "field_survey_priority": "A",
        "notes": "좌표·주소 확인 필요; v1 텍스트에서 분리",
        "status": "text_only"
      },
      "geometry": null
    },
    {
      "type": "Feature",
      "id": "SEOUL-SONGPA-GEOYEO-MACHEON-SM01-N03",
      "properties": {
        "node_id": "SEOUL-SONGPA-GEOYEO-MACHEON-SM01-N03",
        "parent_submarket_id": "SEOUL-SONGPA-GEOYEO-MACHEON-SM01",
        "node_type": "street",
        "name": "오금로",
        "address": null,
        "latitude": null,
        "longitude": null,
        "source_id": "SRC-V1-FRAMEONE",
        "field_survey_priority": "A",
        "notes": "좌표·주소 확인 필요; v1 텍스트에서 분리",
        "status": "text_only"
      },
      "geometry": null
    },
    {
      "type": "Feature",
      "id": "SEOUL-SONGPA-GEOYEO-MACHEON-SM01-N04",
      "properties": {
        "node_id": "SEOUL-SONGPA-GEOYEO-MACHEON-SM01-N04",
        "parent_submarket_id": "SEOUL-SONGPA-GEOYEO-MACHEON-SM01",
        "node_type": "street",
        "name": "마천로",
        "address": null,
        "latitude": null,
        "longitude": null,
        "source_id": "SRC-V1-FRAMEONE",
        "field_survey_priority": "A",
        "notes": "좌표·주소 확인 필요; v1 텍스트에서 분리",
        "status": "text_only"
      },
      "geometry": null
    },
    {
      "type": "Feature",
      "id": "SEOUL-SONGPA-GEOYEO-MACHEON-SM01-N05",
      "properties": {
        "node_id": "SEOUL-SONGPA-GEOYEO-MACHEON-SM01-N05",
        "parent_submarket_id": "SEOUL-SONGPA-GEOYEO-MACHEON-SM01",
        "node_type": "station",
        "name": "거여역",
        "address": null,
        "latitude": null,
        "longitude": null,
        "source_id": "SRC-V1-FRAMEONE",
        "field_survey_priority": "A",
        "notes": "좌표·주소 확인 필요; v1 텍스트에서 분리",
        "status": "text_only"
      },
      "geometry": null
    },
    {
      "type": "Feature",
      "id": "SEOUL-SONGPA-GEOYEO-MACHEON-SM01-N06",
      "properties": {
        "node_id": "SEOUL-SONGPA-GEOYEO-MACHEON-SM01-N06",
        "parent_submarket_id": "SEOUL-SONGPA-GEOYEO-MACHEON-SM01",
        "node_type": "traditional_market",
        "name": "마천중앙시장",
        "address": null,
        "latitude": null,
        "longitude": null,
        "source_id": "SRC-V1-FRAMEONE",
        "field_survey_priority": "A",
        "notes": "좌표·주소 확인 필요; v1 텍스트에서 분리",
        "status": "text_only"
      },
      "geometry": null
    },
    {
      "type": "Feature",
      "id": "SEOUL-GANGDONG-CHEONHO-SM01-N01",
      "properties": {
        "node_id": "SEOUL-GANGDONG-CHEONHO-SM01-N01",
        "parent_submarket_id": "SEOUL-GANGDONG-CHEONHO-SM01",
        "node_type": "anchor",
        "name": "천호",
        "address": null,
        "latitude": null,
        "longitude": null,
        "source_id": "SRC-V1-FRAMEONE",
        "field_survey_priority": "A",
        "notes": "좌표·주소 확인 필요; v1 텍스트에서 분리",
        "status": "text_only"
      },
      "geometry": null
    },
    {
      "type": "Feature",
      "id": "SEOUL-GANGDONG-CHEONHO-SM01-N02",
      "properties": {
        "node_id": "SEOUL-GANGDONG-CHEONHO-SM01-N02",
        "parent_submarket_id": "SEOUL-GANGDONG-CHEONHO-SM01",
        "node_type": "street",
        "name": "천호대로",
        "address": null,
        "latitude": null,
        "longitude": null,
        "source_id": "SRC-V1-FRAMEONE",
        "field_survey_priority": "A",
        "notes": "좌표·주소 확인 필요; v1 텍스트에서 분리",
        "status": "text_only"
      },
      "geometry": null
    },
    {
      "type": "Feature",
      "id": "SEOUL-GANGDONG-CHEONHO-SM01-N03",
      "properties": {
        "node_id": "SEOUL-GANGDONG-CHEONHO-SM01-N03",
        "parent_submarket_id": "SEOUL-GANGDONG-CHEONHO-SM01",
        "node_type": "street",
        "name": "구천면로",
        "address": null,
        "latitude": null,
        "longitude": null,
        "source_id": "SRC-V1-FRAMEONE",
        "field_survey_priority": "A",
        "notes": "좌표·주소 확인 필요; v1 텍스트에서 분리",
        "status": "text_only"
      },
      "geometry": null
    },
    {
      "type": "Feature",
      "id": "SEOUL-GANGDONG-CHEONHO-SM01-N04",
      "properties": {
        "node_id": "SEOUL-GANGDONG-CHEONHO-SM01-N04",
        "parent_submarket_id": "SEOUL-GANGDONG-CHEONHO-SM01",
        "node_type": "station",
        "name": "천호역",
        "address": null,
        "latitude": null,
        "longitude": null,
        "source_id": "SRC-V1-FRAMEONE",
        "field_survey_priority": "A",
        "notes": "좌표·주소 확인 필요; v1 텍스트에서 분리",
        "status": "text_only"
      },
      "geometry": null
    },
    {
      "type": "Feature",
      "id": "SEOUL-GANGDONG-CHEONHO-SM01-N05",
      "properties": {
        "node_id": "SEOUL-GANGDONG-CHEONHO-SM01-N05",
        "parent_submarket_id": "SEOUL-GANGDONG-CHEONHO-SM01",
        "node_type": "shopping",
        "name": "현대백화점",
        "address": null,
        "latitude": null,
        "longitude": null,
        "source_id": "SRC-V1-FRAMEONE",
        "field_survey_priority": "A",
        "notes": "좌표·주소 확인 필요; v1 텍스트에서 분리",
        "status": "text_only"
      },
      "geometry": null
    },
    {
      "type": "Feature",
      "id": "SEOUL-GANGDONG-GANGDONG-GILDONG-SM01-N01",
      "properties": {
        "node_id": "SEOUL-GANGDONG-GANGDONG-GILDONG-SM01-N01",
        "parent_submarket_id": "SEOUL-GANGDONG-GANGDONG-GILDONG-SM01",
        "node_type": "anchor",
        "name": "강동",
        "address": null,
        "latitude": null,
        "longitude": null,
        "source_id": "SRC-V1-FRAMEONE",
        "field_survey_priority": "B",
        "notes": "좌표·주소 확인 필요; v1 텍스트에서 분리",
        "status": "text_only"
      },
      "geometry": null
    },
    {
      "type": "Feature",
      "id": "SEOUL-GANGDONG-GANGDONG-GILDONG-SM01-N02",
      "properties": {
        "node_id": "SEOUL-GANGDONG-GANGDONG-GILDONG-SM01-N02",
        "parent_submarket_id": "SEOUL-GANGDONG-GANGDONG-GILDONG-SM01",
        "node_type": "street",
        "name": "길동",
        "address": null,
        "latitude": null,
        "longitude": null,
        "source_id": "SRC-V1-FRAMEONE",
        "field_survey_priority": "B",
        "notes": "좌표·주소 확인 필요; v1 텍스트에서 분리",
        "status": "text_only"
      },
      "geometry": null
    },
    {
      "type": "Feature",
      "id": "SEOUL-GANGDONG-GANGDONG-GILDONG-SM01-N03",
      "properties": {
        "node_id": "SEOUL-GANGDONG-GANGDONG-GILDONG-SM01-N03",
        "parent_submarket_id": "SEOUL-GANGDONG-GANGDONG-GILDONG-SM01",
        "node_type": "street",
        "name": "천호대로",
        "address": null,
        "latitude": null,
        "longitude": null,
        "source_id": "SRC-V1-FRAMEONE",
        "field_survey_priority": "B",
        "notes": "좌표·주소 확인 필요; v1 텍스트에서 분리",
        "status": "text_only"
      },
      "geometry": null
    },
    {
      "type": "Feature",
      "id": "SEOUL-GANGDONG-GANGDONG-GILDONG-SM01-N04",
      "properties": {
        "node_id": "SEOUL-GANGDONG-GANGDONG-GILDONG-SM01-N04",
        "parent_submarket_id": "SEOUL-GANGDONG-GANGDONG-GILDONG-SM01",
        "node_type": "street",
        "name": "양재대로",
        "address": null,
        "latitude": null,
        "longitude": null,
        "source_id": "SRC-V1-FRAMEONE",
        "field_survey_priority": "B",
        "notes": "좌표·주소 확인 필요; v1 텍스트에서 분리",
        "status": "text_only"
      },
      "geometry": null
    },
    {
      "type": "Feature",
      "id": "SEOUL-GANGDONG-GANGDONG-GILDONG-SM01-N05",
      "properties": {
        "node_id": "SEOUL-GANGDONG-GANGDONG-GILDONG-SM01-N05",
        "parent_submarket_id": "SEOUL-GANGDONG-GANGDONG-GILDONG-SM01",
        "node_type": "station",
        "name": "강동역",
        "address": null,
        "latitude": null,
        "longitude": null,
        "source_id": "SRC-V1-FRAMEONE",
        "field_survey_priority": "B",
        "notes": "좌표·주소 확인 필요; v1 텍스트에서 분리",
        "status": "text_only"
      },
      "geometry": null
    },
    {
      "type": "Feature",
      "id": "SEOUL-GANGDONG-AMSA-SM01-N01",
      "properties": {
        "node_id": "SEOUL-GANGDONG-AMSA-SM01-N01",
        "parent_submarket_id": "SEOUL-GANGDONG-AMSA-SM01",
        "node_type": "anchor",
        "name": "암사",
        "address": null,
        "latitude": null,
        "longitude": null,
        "source_id": "SRC-V1-FRAMEONE",
        "field_survey_priority": "C",
        "notes": "좌표·주소 확인 필요; v1 텍스트에서 분리",
        "status": "text_only"
      },
      "geometry": null
    },
    {
      "type": "Feature",
      "id": "SEOUL-GANGDONG-AMSA-SM01-N02",
      "properties": {
        "node_id": "SEOUL-GANGDONG-AMSA-SM01-N02",
        "parent_submarket_id": "SEOUL-GANGDONG-AMSA-SM01",
        "node_type": "street",
        "name": "올림픽로",
        "address": null,
        "latitude": null,
        "longitude": null,
        "source_id": "SRC-V1-FRAMEONE",
        "field_survey_priority": "C",
        "notes": "좌표·주소 확인 필요; v1 텍스트에서 분리",
        "status": "text_only"
      },
      "geometry": null
    },
    {
      "type": "Feature",
      "id": "SEOUL-GANGDONG-AMSA-SM01-N03",
      "properties": {
        "node_id": "SEOUL-GANGDONG-AMSA-SM01-N03",
        "parent_submarket_id": "SEOUL-GANGDONG-AMSA-SM01",
        "node_type": "street",
        "name": "고덕로",
        "address": null,
        "latitude": null,
        "longitude": null,
        "source_id": "SRC-V1-FRAMEONE",
        "field_survey_priority": "C",
        "notes": "좌표·주소 확인 필요; v1 텍스트에서 분리",
        "status": "text_only"
      },
      "geometry": null
    },
    {
      "type": "Feature",
      "id": "SEOUL-GANGDONG-AMSA-SM01-N04",
      "properties": {
        "node_id": "SEOUL-GANGDONG-AMSA-SM01-N04",
        "parent_submarket_id": "SEOUL-GANGDONG-AMSA-SM01",
        "node_type": "station",
        "name": "암사역",
        "address": null,
        "latitude": null,
        "longitude": null,
        "source_id": "SRC-V1-FRAMEONE",
        "field_survey_priority": "C",
        "notes": "좌표·주소 확인 필요; v1 텍스트에서 분리",
        "status": "text_only"
      },
      "geometry": null
    },
    {
      "type": "Feature",
      "id": "SEOUL-GANGDONG-AMSA-SM01-N05",
      "properties": {
        "node_id": "SEOUL-GANGDONG-AMSA-SM01-N05",
        "parent_submarket_id": "SEOUL-GANGDONG-AMSA-SM01",
        "node_type": "traditional_market",
        "name": "암사종합시장",
        "address": null,
        "latitude": null,
        "longitude": null,
        "source_id": "SRC-V1-FRAMEONE",
        "field_survey_priority": "C",
        "notes": "좌표·주소 확인 필요; v1 텍스트에서 분리",
        "status": "text_only"
      },
      "geometry": null
    },
    {
      "type": "Feature",
      "id": "SEOUL-GANGDONG-GODEOK-SANGIL-SM01-N01",
      "properties": {
        "node_id": "SEOUL-GANGDONG-GODEOK-SANGIL-SM01-N01",
        "parent_submarket_id": "SEOUL-GANGDONG-GODEOK-SANGIL-SM01",
        "node_type": "anchor",
        "name": "고덕",
        "address": null,
        "latitude": null,
        "longitude": null,
        "source_id": "SRC-V1-FRAMEONE",
        "field_survey_priority": "S",
        "notes": "좌표·주소 확인 필요; v1 텍스트에서 분리",
        "status": "text_only"
      },
      "geometry": null
    },
    {
      "type": "Feature",
      "id": "SEOUL-GANGDONG-GODEOK-SANGIL-SM02-N02",
      "properties": {
        "node_id": "SEOUL-GANGDONG-GODEOK-SANGIL-SM02-N02",
        "parent_submarket_id": "SEOUL-GANGDONG-GODEOK-SANGIL-SM02",
        "node_type": "anchor",
        "name": "상일동",
        "address": null,
        "latitude": null,
        "longitude": null,
        "source_id": "SRC-V1-FRAMEONE",
        "field_survey_priority": "S",
        "notes": "좌표·주소 확인 필요; v1 텍스트에서 분리",
        "status": "text_only"
      },
      "geometry": null
    },
    {
      "type": "Feature",
      "id": "SEOUL-GANGDONG-GODEOK-SANGIL-SM01-N03",
      "properties": {
        "node_id": "SEOUL-GANGDONG-GODEOK-SANGIL-SM01-N03",
        "parent_submarket_id": "SEOUL-GANGDONG-GODEOK-SANGIL-SM01",
        "node_type": "street",
        "name": "고덕로",
        "address": null,
        "latitude": null,
        "longitude": null,
        "source_id": "SRC-V1-FRAMEONE",
        "field_survey_priority": "S",
        "notes": "좌표·주소 확인 필요; v1 텍스트에서 분리",
        "status": "text_only"
      },
      "geometry": null
    },
    {
      "type": "Feature",
      "id": "SEOUL-GANGDONG-GODEOK-SANGIL-SM01-N04",
      "properties": {
        "node_id": "SEOUL-GANGDONG-GODEOK-SANGIL-SM01-N04",
        "parent_submarket_id": "SEOUL-GANGDONG-GODEOK-SANGIL-SM01",
        "node_type": "street",
        "name": "상일로",
        "address": null,
        "latitude": null,
        "longitude": null,
        "source_id": "SRC-V1-FRAMEONE",
        "field_survey_priority": "S",
        "notes": "좌표·주소 확인 필요; v1 텍스트에서 분리",
        "status": "text_only"
      },
      "geometry": null
    },
    {
      "type": "Feature",
      "id": "SEOUL-GANGDONG-GODEOK-SANGIL-SM01-N05",
      "properties": {
        "node_id": "SEOUL-GANGDONG-GODEOK-SANGIL-SM01-N05",
        "parent_submarket_id": "SEOUL-GANGDONG-GODEOK-SANGIL-SM01",
        "node_type": "station",
        "name": "고덕역",
        "address": null,
        "latitude": null,
        "longitude": null,
        "source_id": "SRC-V1-FRAMEONE",
        "field_survey_priority": "S",
        "notes": "좌표·주소 확인 필요; v1 텍스트에서 분리",
        "status": "text_only"
      },
      "geometry": null
    },
    {
      "type": "Feature",
      "id": "SEOUL-GANGDONG-GODEOK-SANGIL-SM02-N06",
      "properties": {
        "node_id": "SEOUL-GANGDONG-GODEOK-SANGIL-SM02-N06",
        "parent_submarket_id": "SEOUL-GANGDONG-GODEOK-SANGIL-SM02",
        "node_type": "station",
        "name": "상일동역",
        "address": null,
        "latitude": null,
        "longitude": null,
        "source_id": "SRC-V1-FRAMEONE",
        "field_survey_priority": "S",
        "notes": "좌표·주소 확인 필요; v1 텍스트에서 분리",
        "status": "text_only"
      },
      "geometry": null
    },
    {
      "type": "Feature",
      "id": "SEOUL-GANGDONG-DUNCHON-SM01-N01",
      "properties": {
        "node_id": "SEOUL-GANGDONG-DUNCHON-SM01-N01",
        "parent_submarket_id": "SEOUL-GANGDONG-DUNCHON-SM01",
        "node_type": "anchor",
        "name": "둔촌동",
        "address": null,
        "latitude": null,
        "longitude": null,
        "source_id": "SRC-V1-FRAMEONE",
        "field_survey_priority": "A",
        "notes": "좌표·주소 확인 필요; v1 텍스트에서 분리",
        "status": "text_only"
      },
      "geometry": null
    },
    {
      "type": "Feature",
      "id": "SEOUL-GANGDONG-DUNCHON-SM01-N02",
      "properties": {
        "node_id": "SEOUL-GANGDONG-DUNCHON-SM01-N02",
        "parent_submarket_id": "SEOUL-GANGDONG-DUNCHON-SM01",
        "node_type": "hospital",
        "name": "중앙보훈병원",
        "address": null,
        "latitude": null,
        "longitude": null,
        "source_id": "SRC-V1-FRAMEONE",
        "field_survey_priority": "A",
        "notes": "좌표·주소 확인 필요; v1 텍스트에서 분리",
        "status": "text_only"
      },
      "geometry": null
    },
    {
      "type": "Feature",
      "id": "SEOUL-GANGDONG-DUNCHON-SM01-N03",
      "properties": {
        "node_id": "SEOUL-GANGDONG-DUNCHON-SM01-N03",
        "parent_submarket_id": "SEOUL-GANGDONG-DUNCHON-SM01",
        "node_type": "street",
        "name": "양재대로",
        "address": null,
        "latitude": null,
        "longitude": null,
        "source_id": "SRC-V1-FRAMEONE",
        "field_survey_priority": "A",
        "notes": "좌표·주소 확인 필요; v1 텍스트에서 분리",
        "status": "text_only"
      },
      "geometry": null
    },
    {
      "type": "Feature",
      "id": "SEOUL-GANGDONG-DUNCHON-SM01-N04",
      "properties": {
        "node_id": "SEOUL-GANGDONG-DUNCHON-SM01-N04",
        "parent_submarket_id": "SEOUL-GANGDONG-DUNCHON-SM01",
        "node_type": "street",
        "name": "명일로",
        "address": null,
        "latitude": null,
        "longitude": null,
        "source_id": "SRC-V1-FRAMEONE",
        "field_survey_priority": "A",
        "notes": "좌표·주소 확인 필요; v1 텍스트에서 분리",
        "status": "text_only"
      },
      "geometry": null
    },
    {
      "type": "Feature",
      "id": "SEOUL-GANGDONG-DUNCHON-SM01-N05",
      "properties": {
        "node_id": "SEOUL-GANGDONG-DUNCHON-SM01-N05",
        "parent_submarket_id": "SEOUL-GANGDONG-DUNCHON-SM01",
        "node_type": "station",
        "name": "둔촌동역",
        "address": null,
        "latitude": null,
        "longitude": null,
        "source_id": "SRC-V1-FRAMEONE",
        "field_survey_priority": "A",
        "notes": "좌표·주소 확인 필요; v1 텍스트에서 분리",
        "status": "text_only"
      },
      "geometry": null
    },
    {
      "type": "Feature",
      "id": "SEOUL-GANGDONG-DUNCHON-SM01-N06",
      "properties": {
        "node_id": "SEOUL-GANGDONG-DUNCHON-SM01-N06",
        "parent_submarket_id": "SEOUL-GANGDONG-DUNCHON-SM01",
        "node_type": "hospital",
        "name": "보훈병원",
        "address": null,
        "latitude": null,
        "longitude": null,
        "source_id": "SRC-V1-FRAMEONE",
        "field_survey_priority": "A",
        "notes": "좌표·주소 확인 필요; v1 텍스트에서 분리",
        "status": "text_only"
      },
      "geometry": null
    },
    {
      "type": "Feature",
      "id": "SEOUL-GANGDONG-MYEONGIL-SM01-N01",
      "properties": {
        "node_id": "SEOUL-GANGDONG-MYEONGIL-SM01-N01",
        "parent_submarket_id": "SEOUL-GANGDONG-MYEONGIL-SM01",
        "node_type": "anchor",
        "name": "명일",
        "address": null,
        "latitude": null,
        "longitude": null,
        "source_id": "SRC-V1-FRAMEONE",
        "field_survey_priority": "A",
        "notes": "좌표·주소 확인 필요; v1 텍스트에서 분리",
        "status": "text_only"
      },
      "geometry": null
    },
    {
      "type": "Feature",
      "id": "SEOUL-GANGDONG-MYEONGIL-SM01-N02",
      "properties": {
        "node_id": "SEOUL-GANGDONG-MYEONGIL-SM01-N02",
        "parent_submarket_id": "SEOUL-GANGDONG-MYEONGIL-SM01",
        "node_type": "street",
        "name": "고덕로",
        "address": null,
        "latitude": null,
        "longitude": null,
        "source_id": "SRC-V1-FRAMEONE",
        "field_survey_priority": "A",
        "notes": "좌표·주소 확인 필요; v1 텍스트에서 분리",
        "status": "text_only"
      },
      "geometry": null
    },
    {
      "type": "Feature",
      "id": "SEOUL-GANGDONG-MYEONGIL-SM01-N03",
      "properties": {
        "node_id": "SEOUL-GANGDONG-MYEONGIL-SM01-N03",
        "parent_submarket_id": "SEOUL-GANGDONG-MYEONGIL-SM01",
        "node_type": "street",
        "name": "구천면로",
        "address": null,
        "latitude": null,
        "longitude": null,
        "source_id": "SRC-V1-FRAMEONE",
        "field_survey_priority": "A",
        "notes": "좌표·주소 확인 필요; v1 텍스트에서 분리",
        "status": "text_only"
      },
      "geometry": null
    },
    {
      "type": "Feature",
      "id": "SEOUL-GANGDONG-MYEONGIL-SM01-N04",
      "properties": {
        "node_id": "SEOUL-GANGDONG-MYEONGIL-SM01-N04",
        "parent_submarket_id": "SEOUL-GANGDONG-MYEONGIL-SM01",
        "node_type": "station",
        "name": "명일역",
        "address": null,
        "latitude": null,
        "longitude": null,
        "source_id": "SRC-V1-FRAMEONE",
        "field_survey_priority": "A",
        "notes": "좌표·주소 확인 필요; v1 텍스트에서 분리",
        "status": "text_only"
      },
      "geometry": null
    },
    {
      "type": "Feature",
      "id": "SEOUL-GANGDONG-MYEONGIL-SM01-N05",
      "properties": {
        "node_id": "SEOUL-GANGDONG-MYEONGIL-SM01-N05",
        "parent_submarket_id": "SEOUL-GANGDONG-MYEONGIL-SM01",
        "node_type": "traditional_market",
        "name": "고덕전통시장",
        "address": null,
        "latitude": null,
        "longitude": null,
        "source_id": "SRC-V1-FRAMEONE",
        "field_survey_priority": "A",
        "notes": "좌표·주소 확인 필요; v1 텍스트에서 분리",
        "status": "text_only"
      },
      "geometry": null
    }
  ]
}