city,district_id,district_name,market_id,market_name,submarket_id,submarket_name,node_id,node_name,node_type,research_priority
서울특별시,JONGNO,종로구,SEOUL-JONGNO-GWANGHWAMUN-JONGNO,광화문·종로권,SEOUL-JONGNO-GWANGHWAMUN-JONGNO-SM01,광화문광장,SEOUL-JONGNO-GWANGHWAMUN-JONGNO-SM01-N01,광화문,anchor,S
서울특별시,JONGNO,종로구,SEOUL-JONGNO-GWANGHWAMUN-JONGNO,광화문·종로권,SEOUL-JONGNO-GWANGHWAMUN-JONGNO-SM01,광화문광장,SEOUL-JONGNO-GWANGHWAMUN-JONGNO-SM01-N03,세종대로,university,S
서울특별시,JONGNO,종로구,SEOUL-JONGNO-GWANGHWAMUN-JONGNO,광화문·종로권,SEOUL-JONGNO-GWANGHWAMUN-JONGNO-SM01,광화문광장,SEOUL-JONGNO-GWANGHWAMUN-JONGNO-SM01-N04,종로,street,S
서울특별시,JONGNO,종로구,SEOUL-JONGNO-GWANGHWAMUN-JONGNO,광화문·종로권,SEOUL-JONGNO-GWANGHWAMUN-JONGNO-SM01,광화문광장,SEOUL-JONGNO-GWANGHWAMUN-JONGNO-SM01-N05,청계천로,street,S
서울특별시,JONGNO,종로구,SEOUL-JONGNO-GWANGHWAMUN-JONGNO,광화문·종로권,SEOUL-JONGNO-GWANGHWAMUN-JONGNO-SM02,청진동,,,,S
서울특별시,JONGNO,종로구,SEOUL-JONGNO-GWANGHWAMUN-JONGNO,광화문·종로권,SEOUL-JONGNO-GWANGHWAMUN-JONGNO-SM03,종각,SEOUL-JONGNO-GWANGHWAMUN-JONGNO-SM03-N02,종각,anchor,S
서울특별시,JONGNO,종로구,SEOUL-JONGNO-GWANGHWAMUN-JONGNO,광화문·종로권,SEOUL-JONGNO-GWANGHWAMUN-JONGNO-SM04,청계천 북측,,,,S
서울특별시,JONGNO,종로구,SEOUL-JONGNO-INSADONG-IKSEON,인사동·익선권,SEOUL-JONGNO-INSADONG-IKSEON-SM01,인사동길,SEOUL-JONGNO-INSADONG-IKSEON-SM01-N01,안국,anchor,A
서울특별시,JONGNO,종로구,SEOUL-JONGNO-INSADONG-IKSEON,인사동·익선권,SEOUL-JONGNO-INSADONG-IKSEON-SM01,인사동길,SEOUL-JONGNO-INSADONG-IKSEON-SM01-N02,종로3가,street,A
서울특별시,JONGNO,종로구,SEOUL-JONGNO-INSADONG-IKSEON,인사동·익선권,SEOUL-JONGNO-INSADONG-IKSEON-SM01,인사동길,SEOUL-JONGNO-INSADONG-IKSEON-SM01-N03,인사동길,street,A
서울특별시,JONGNO,종로구,SEOUL-JONGNO-INSADONG-IKSEON,인사동·익선권,SEOUL-JONGNO-INSADONG-IKSEON-SM01,인사동길,SEOUL-JONGNO-INSADONG-IKSEON-SM01-N04,익선동 골목,street,A
서울특별시,JONGNO,종로구,SEOUL-JONGNO-INSADONG-IKSEON,인사동·익선권,SEOUL-JONGNO-INSADONG-IKSEON-SM02,익선동 한옥거리,,,,A
서울특별시,JONGNO,종로구,SEOUL-JONGNO-INSADONG-IKSEON,인사동·익선권,SEOUL-JONGNO-INSADONG-IKSEON-SM03,종로3가 북측,,,,A
서울특별시,JONGNO,종로구,SEOUL-JONGNO-SAMCHEONG-BUKCHON,삼청·북촌권,SEOUL-JONGNO-SAMCHEONG-BUKCHON-SM01,북촌한옥마을,SEOUL-JONGNO-SAMCHEONG-BUKCHON-SM01-N01,안국,anchor,C
서울특별시,JONGNO,종로구,SEOUL-JONGNO-SAMCHEONG-BUKCHON,삼청·북촌권,SEOUL-JONGNO-SAMCHEONG-BUKCHON-SM01,북촌한옥마을,SEOUL-JONGNO-SAMCHEONG-BUKCHON-SM01-N02,삼청로,street,C
서울특별시,JONGNO,종로구,SEOUL-JONGNO-SAMCHEONG-BUKCHON,삼청·북촌권,SEOUL-JONGNO-SAMCHEONG-BUKCHON-SM01,북촌한옥마을,SEOUL-JONGNO-SAMCHEONG-BUKCHON-SM01-N03,북촌로,street,C
서울특별시,JONGNO,종로구,SEOUL-JONGNO-SAMCHEONG-BUKCHON,삼청·북촌권,SEOUL-JONGNO-SAMCHEONG-BUKCHON-SM02,삼청동길,,,,C
서울특별시,JONGNO,종로구,SEOUL-JONGNO-SAMCHEONG-BUKCHON,삼청·북촌권,SEOUL-JONGNO-SAMCHEONG-BUKCHON-SM03,안국동,,,,C
서울특별시,JONGNO,종로구,SEOUL-JONGNO-DAEHANGNO,대학로권,SEOUL-JONGNO-DAEHANGNO-SM01,혜화역권,SEOUL-JONGNO-DAEHANGNO-SM01-N01,혜화,anchor,B
서울특별시,JONGNO,종로구,SEOUL-JONGNO-DAEHANGNO,대학로권,SEOUL-JONGNO-DAEHANGNO-SM01,혜화역권,SEOUL-JONGNO-DAEHANGNO-SM01-N02,대학로,university,B
서울특별시,JONGNO,종로구,SEOUL-JONGNO-DAEHANGNO,대학로권,SEOUL-JONGNO-DAEHANGNO-SM01,혜화역권,SEOUL-JONGNO-DAEHANGNO-SM01-N03,동숭길,street,B
서울특별시,JONGNO,종로구,SEOUL-JONGNO-DAEHANGNO,대학로권,SEOUL-JONGNO-DAEHANGNO-SM01,혜화역권,SEOUL-JONGNO-DAEHANGNO-SM01-N04,혜화역,station,B
서울특별시,JONGNO,종로구,SEOUL-JONGNO-DAEHANGNO,대학로권,SEOUL-JONGNO-DAEHANGNO-SM01,혜화역권,SEOUL-JONGNO-DAEHANGNO-SM01-N05,마로니에공원,park_water_access,B
서울특별시,JONGNO,종로구,SEOUL-JONGNO-DAEHANGNO,대학로권,SEOUL-JONGNO-DAEHANGNO-SM02,성균관대 남측,,,,B
서울특별시,JONGNO,종로구,SEOUL-JONGNO-SEOCHON-GYEONGBOK,서촌·경복궁권,SEOUL-JONGNO-SEOCHON-GYEONGBOK-SM01,경복궁 서측,SEOUL-JONGNO-SEOCHON-GYEONGBOK-SM01-N01,경복궁,tourism_culture,B
서울특별시,JONGNO,종로구,SEOUL-JONGNO-SEOCHON-GYEONGBOK,서촌·경복궁권,SEOUL-JONGNO-SEOCHON-GYEONGBOK-SM01,경복궁 서측,SEOUL-JONGNO-SEOCHON-GYEONGBOK-SM01-N02,자하문로,street,B
서울특별시,JONGNO,종로구,SEOUL-JONGNO-SEOCHON-GYEONGBOK,서촌·경복궁권,SEOUL-JONGNO-SEOCHON-GYEONGBOK-SM01,경복궁 서측,SEOUL-JONGNO-SEOCHON-GYEONGBOK-SM01-N03,옥인길,street,B
서울특별시,JONGNO,종로구,SEOUL-JONGNO-SEOCHON-GYEONGBOK,서촌·경복궁권,SEOUL-JONGNO-SEOCHON-GYEONGBOK-SM01,경복궁 서측,SEOUL-JONGNO-SEOCHON-GYEONGBOK-SM01-N04,통인시장길,traditional_market,B
서울특별시,JONGNO,종로구,SEOUL-JONGNO-SEOCHON-GYEONGBOK,서촌·경복궁권,SEOUL-JONGNO-SEOCHON-GYEONGBOK-SM01,경복궁 서측,SEOUL-JONGNO-SEOCHON-GYEONGBOK-SM01-N05,통인시장,traditional_market,B
서울특별시,JONGNO,종로구,SEOUL-JONGNO-SEOCHON-GYEONGBOK,서촌·경복궁권,SEOUL-JONGNO-SEOCHON-GYEONGBOK-SM02,세종마을,,,,B
서울특별시,JONGNO,종로구,SEOUL-JONGNO-DONGDAEMUN-CHANGSIN,동대문·창신권,SEOUL-JONGNO-DONGDAEMUN-CHANGSIN-SM01,동대문역권,SEOUL-JONGNO-DONGDAEMUN-CHANGSIN-SM01-N01,동대문,anchor,D
서울특별시,JONGNO,종로구,SEOUL-JONGNO-DONGDAEMUN-CHANGSIN,동대문·창신권,SEOUL-JONGNO-DONGDAEMUN-CHANGSIN-SM01,동대문역권,SEOUL-JONGNO-DONGDAEMUN-CHANGSIN-SM01-N02,동묘앞,anchor,D
서울특별시,JONGNO,종로구,SEOUL-JONGNO-DONGDAEMUN-CHANGSIN,동대문·창신권,SEOUL-JONGNO-DONGDAEMUN-CHANGSIN-SM01,동대문역권,SEOUL-JONGNO-DONGDAEMUN-CHANGSIN-SM01-N03,종로,street,D
서울특별시,JONGNO,종로구,SEOUL-JONGNO-DONGDAEMUN-CHANGSIN,동대문·창신권,SEOUL-JONGNO-DONGDAEMUN-CHANGSIN-SM01,동대문역권,SEOUL-JONGNO-DONGDAEMUN-CHANGSIN-SM01-N04,창신길,street,D
서울특별시,JONGNO,종로구,SEOUL-JONGNO-DONGDAEMUN-CHANGSIN,동대문·창신권,SEOUL-JONGNO-DONGDAEMUN-CHANGSIN-SM01,동대문역권,SEOUL-JONGNO-DONGDAEMUN-CHANGSIN-SM01-N05,동대문역,station,D
서울특별시,JONGNO,종로구,SEOUL-JONGNO-DONGDAEMUN-CHANGSIN,동대문·창신권,SEOUL-JONGNO-DONGDAEMUN-CHANGSIN-SM02,창신동 봉제거리,,,,D
서울특별시,JONGNO,종로구,SEOUL-JONGNO-DONGDAEMUN-CHANGSIN,동대문·창신권,SEOUL-JONGNO-DONGDAEMUN-CHANGSIN-SM03,흥인지문 북측,,,,D
서울특별시,JONGNO,종로구,SEOUL-JONGNO-BUAM-PYEONGCHANG,부암·평창권,SEOUL-JONGNO-BUAM-PYEONGCHANG-SM01,부암동 주민센터,SEOUL-JONGNO-BUAM-PYEONGCHANG-SM01-N01,경복궁(버스 연계),tourism_culture,C
서울특별시,JONGNO,종로구,SEOUL-JONGNO-BUAM-PYEONGCHANG,부암·평창권,SEOUL-JONGNO-BUAM-PYEONGCHANG-SM01,부암동 주민센터,SEOUL-JONGNO-BUAM-PYEONGCHANG-SM01-N02,창의문로,street,C
서울특별시,JONGNO,종로구,SEOUL-JONGNO-BUAM-PYEONGCHANG,부암·평창권,SEOUL-JONGNO-BUAM-PYEONGCHANG-SM01,부암동 주민센터,SEOUL-JONGNO-BUAM-PYEONGCHANG-SM01-N03,평창문화로,tourism_culture,C
서울특별시,JONGNO,종로구,SEOUL-JONGNO-BUAM-PYEONGCHANG,부암·평창권,SEOUL-JONGNO-BUAM-PYEONGCHANG-SM02,평창동 문화시설축,,,,C
서울특별시,JUNG,중구,SEOUL-JUNG-MYEONGDONG,명동권,SEOUL-JUNG-MYEONGDONG-SM01,명동길,SEOUL-JUNG-MYEONGDONG-SM01-N01,명동,anchor,A
서울특별시,JUNG,중구,SEOUL-JUNG-MYEONGDONG,명동권,SEOUL-JUNG-MYEONGDONG-SM01,명동길,SEOUL-JUNG-MYEONGDONG-SM01-N02,을지로입구,street,A
서울특별시,JUNG,중구,SEOUL-JUNG-MYEONGDONG,명동권,SEOUL-JUNG-MYEONGDONG-SM01,명동길,SEOUL-JUNG-MYEONGDONG-SM01-N03,명동길,street,A
서울특별시,JUNG,중구,SEOUL-JUNG-MYEONGDONG,명동권,SEOUL-JUNG-MYEONGDONG-SM01,명동길,SEOUL-JUNG-MYEONGDONG-SM01-N04,남대문로,street,A
서울특별시,JUNG,중구,SEOUL-JUNG-MYEONGDONG,명동권,SEOUL-JUNG-MYEONGDONG-SM02,중앙로,,,,A
서울특별시,JUNG,중구,SEOUL-JUNG-MYEONGDONG,명동권,SEOUL-JUNG-MYEONGDONG-SM03,을지로입구 남측,,,,A
서울특별시,JUNG,중구,SEOUL-JUNG-EULJIRO,을지로권,SEOUL-JUNG-EULJIRO-SM01,을지로3가,SEOUL-JUNG-EULJIRO-SM01-N01,을지로3가,street,A
서울특별시,JUNG,중구,SEOUL-JUNG-EULJIRO,을지로권,SEOUL-JUNG-EULJIRO-SM01,을지로3가,SEOUL-JUNG-EULJIRO-SM01-N02,을지로4가,street,A
서울특별시,JUNG,중구,SEOUL-JUNG-EULJIRO,을지로권,SEOUL-JUNG-EULJIRO-SM01,을지로3가,SEOUL-JUNG-EULJIRO-SM01-N03,을지로,street,A
서울특별시,JUNG,중구,SEOUL-JUNG-EULJIRO,을지로권,SEOUL-JUNG-EULJIRO-SM01,을지로3가,SEOUL-JUNG-EULJIRO-SM01-N04,수표로,street,A
서울특별시,JUNG,중구,SEOUL-JUNG-EULJIRO,을지로권,SEOUL-JUNG-EULJIRO-SM02,세운상가,SEOUL-JUNG-EULJIRO-SM02-N05,세운상가축,street,A
서울특별시,JUNG,중구,SEOUL-JUNG-EULJIRO,을지로권,SEOUL-JUNG-EULJIRO-SM03,힙지로 골목,,,,A
서울특별시,JUNG,중구,SEOUL-JUNG-NAMDAEMUN,남대문권,SEOUL-JUNG-NAMDAEMUN-SM01,회현역권,SEOUL-JUNG-NAMDAEMUN-SM01-N01,회현,anchor,B
서울특별시,JUNG,중구,SEOUL-JUNG-NAMDAEMUN,남대문권,SEOUL-JUNG-NAMDAEMUN-SM01,회현역권,SEOUL-JUNG-NAMDAEMUN-SM01-N02,남대문시장길,traditional_market,B
서울특별시,JUNG,중구,SEOUL-JUNG-NAMDAEMUN,남대문권,SEOUL-JUNG-NAMDAEMUN-SM01,회현역권,SEOUL-JUNG-NAMDAEMUN-SM01-N03,퇴계로,street,B
서울특별시,JUNG,중구,SEOUL-JUNG-NAMDAEMUN,남대문권,SEOUL-JUNG-NAMDAEMUN-SM01,회현역권,SEOUL-JUNG-NAMDAEMUN-SM01-N04,남대문시장,traditional_market,B
서울특별시,JUNG,중구,SEOUL-JUNG-NAMDAEMUN,남대문권,SEOUL-JUNG-NAMDAEMUN-SM01,회현역권,SEOUL-JUNG-NAMDAEMUN-SM01-N05,회현역,station,B
서울특별시,JUNG,중구,SEOUL-JUNG-NAMDAEMUN,남대문권,SEOUL-JUNG-NAMDAEMUN-SM02,숭례문,,,,B
서울특별시,JUNG,중구,SEOUL-JUNG-DONGDAEMUN-FASHION,동대문패션타운권,SEOUL-JUNG-DONGDAEMUN-FASHION-SM01,광희동,SEOUL-JUNG-DONGDAEMUN-FASHION-SM01-N01,동대문역사문화공원,station,B
서울특별시,JUNG,중구,SEOUL-JUNG-DONGDAEMUN-FASHION,동대문패션타운권,SEOUL-JUNG-DONGDAEMUN-FASHION-SM01,광희동,SEOUL-JUNG-DONGDAEMUN-FASHION-SM01-N02,동대문,anchor,B
서울특별시,JUNG,중구,SEOUL-JUNG-DONGDAEMUN-FASHION,동대문패션타운권,SEOUL-JUNG-DONGDAEMUN-FASHION-SM01,광희동,SEOUL-JUNG-DONGDAEMUN-FASHION-SM01-N03,을지로,street,B
서울특별시,JUNG,중구,SEOUL-JUNG-DONGDAEMUN-FASHION,동대문패션타운권,SEOUL-JUNG-DONGDAEMUN-FASHION-SM01,광희동,SEOUL-JUNG-DONGDAEMUN-FASHION-SM01-N04,장충단로,street,B
서울특별시,JUNG,중구,SEOUL-JUNG-DONGDAEMUN-FASHION,동대문패션타운권,SEOUL-JUNG-DONGDAEMUN-FASHION-SM01,광희동,SEOUL-JUNG-DONGDAEMUN-FASHION-SM01-N05,DDP,tourism_culture,B
서울특별시,JUNG,중구,SEOUL-JUNG-DONGDAEMUN-FASHION,동대문패션타운권,SEOUL-JUNG-DONGDAEMUN-FASHION-SM01,광희동,SEOUL-JUNG-DONGDAEMUN-FASHION-SM01-N06,두타,anchor,B
서울특별시,JUNG,중구,SEOUL-JUNG-DONGDAEMUN-FASHION,동대문패션타운권,SEOUL-JUNG-DONGDAEMUN-FASHION-SM01,광희동,SEOUL-JUNG-DONGDAEMUN-FASHION-SM01-N07,평화시장,traditional_market,B
서울특별시,JUNG,중구,SEOUL-JUNG-SEOULSTN,서울역권,SEOUL-JUNG-SEOULSTN-SM01,서울역 동측,SEOUL-JUNG-SEOULSTN-SM01-N01,서울역,station,C
서울특별시,JUNG,중구,SEOUL-JUNG-SEOULSTN,서울역권,SEOUL-JUNG-SEOULSTN-SM01,서울역 동측,SEOUL-JUNG-SEOULSTN-SM01-N02,세종대로,university,C
서울특별시,JUNG,중구,SEOUL-JUNG-SEOULSTN,서울역권,SEOUL-JUNG-SEOULSTN-SM01,서울역 동측,SEOUL-JUNG-SEOULSTN-SM01-N03,통일로,street,C
서울특별시,JUNG,중구,SEOUL-JUNG-SEOULSTN,서울역권,SEOUL-JUNG-SEOULSTN-SM01,서울역 동측,SEOUL-JUNG-SEOULSTN-SM01-N04,퇴계로,street,C
서울특별시,JUNG,중구,SEOUL-JUNG-SEOULSTN,서울역권,SEOUL-JUNG-SEOULSTN-SM02,서소문,,,,C
서울특별시,JUNG,중구,SEOUL-JUNG-SEOULSTN,서울역권,SEOUL-JUNG-SEOULSTN-SM03,만리동 연결축,,,,C
서울특별시,JUNG,중구,SEOUL-JUNG-CITYHALL-BUKCHANG,시청·북창권,SEOUL-JUNG-CITYHALL-BUKCHANG-SM01,서울시청,SEOUL-JUNG-CITYHALL-BUKCHANG-SM01-N01,시청,anchor,B
서울특별시,JUNG,중구,SEOUL-JUNG-CITYHALL-BUKCHANG,시청·북창권,SEOUL-JUNG-CITYHALL-BUKCHANG-SM01,서울시청,SEOUL-JUNG-CITYHALL-BUKCHANG-SM01-N02,세종대로,university,B
서울특별시,JUNG,중구,SEOUL-JUNG-CITYHALL-BUKCHANG,시청·북창권,SEOUL-JUNG-CITYHALL-BUKCHANG-SM01,서울시청,SEOUL-JUNG-CITYHALL-BUKCHANG-SM01-N03,무교로,street,B
서울특별시,JUNG,중구,SEOUL-JUNG-CITYHALL-BUKCHANG,시청·북창권,SEOUL-JUNG-CITYHALL-BUKCHANG-SM02,덕수궁,,,,B
서울특별시,JUNG,중구,SEOUL-JUNG-CITYHALL-BUKCHANG,시청·북창권,SEOUL-JUNG-CITYHALL-BUKCHANG-SM03,북창동,SEOUL-JUNG-CITYHALL-BUKCHANG-SM03-N04,북창동길,street,B
서울특별시,JUNG,중구,SEOUL-JUNG-CITYHALL-BUKCHANG,시청·북창권,SEOUL-JUNG-CITYHALL-BUKCHANG-SM04,무교동,,,,B
서울특별시,JUNG,중구,SEOUL-JUNG-SINDANG-YAKSU,신당·약수권,SEOUL-JUNG-SINDANG-YAKSU-SM01,신당동 떡볶이타운,SEOUL-JUNG-SINDANG-YAKSU-SM01-N01,신당,anchor,S
서울특별시,JUNG,중구,SEOUL-JUNG-SINDANG-YAKSU,신당·약수권,SEOUL-JUNG-SINDANG-YAKSU-SM01,신당동 떡볶이타운,SEOUL-JUNG-SINDANG-YAKSU-SM01-N03,다산로,street,S
서울특별시,JUNG,중구,SEOUL-JUNG-SINDANG-YAKSU,신당·약수권,SEOUL-JUNG-SINDANG-YAKSU-SM01,신당동 떡볶이타운,SEOUL-JUNG-SINDANG-YAKSU-SM01-N04,퇴계로,street,S
서울특별시,JUNG,중구,SEOUL-JUNG-SINDANG-YAKSU,신당·약수권,SEOUL-JUNG-SINDANG-YAKSU-SM01,신당동 떡볶이타운,SEOUL-JUNG-SINDANG-YAKSU-SM01-N05,중앙시장,traditional_market,S
서울특별시,JUNG,중구,SEOUL-JUNG-SINDANG-YAKSU,신당·약수권,SEOUL-JUNG-SINDANG-YAKSU-SM02,약수역권,SEOUL-JUNG-SINDANG-YAKSU-SM02-N02,약수,anchor,S
서울특별시,JUNG,중구,SEOUL-JUNG-SINDANG-YAKSU,신당·약수권,SEOUL-JUNG-SINDANG-YAKSU-SM02,약수역권,SEOUL-JUNG-SINDANG-YAKSU-SM02-N06,약수역,station,S
서울특별시,YONGSAN,용산구,SEOUL-YONGSAN-ITAEWON,이태원권,SEOUL-YONGSAN-ITAEWON-SM01,이태원역권,SEOUL-YONGSAN-ITAEWON-SM01-N01,이태원,anchor,A
서울특별시,YONGSAN,용산구,SEOUL-YONGSAN-ITAEWON,이태원권,SEOUL-YONGSAN-ITAEWON-SM01,이태원역권,SEOUL-YONGSAN-ITAEWON-SM01-N02,이태원로,street,A
서울특별시,YONGSAN,용산구,SEOUL-YONGSAN-ITAEWON,이태원권,SEOUL-YONGSAN-ITAEWON-SM01,이태원역권,SEOUL-YONGSAN-ITAEWON-SM01-N03,보광로,street,A
서울특별시,YONGSAN,용산구,SEOUL-YONGSAN-ITAEWON,이태원권,SEOUL-YONGSAN-ITAEWON-SM01,이태원역권,SEOUL-YONGSAN-ITAEWON-SM01-N04,이태원역,station,A
서울특별시,YONGSAN,용산구,SEOUL-YONGSAN-ITAEWON,이태원권,SEOUL-YONGSAN-ITAEWON-SM02,세계음식거리,,,,A
서울특별시,YONGSAN,용산구,SEOUL-YONGSAN-ITAEWON,이태원권,SEOUL-YONGSAN-ITAEWON-SM03,앤틱가구거리,,,,A
서울특별시,YONGSAN,용산구,SEOUL-YONGSAN-HANNAM,한남권,SEOUL-YONGSAN-HANNAM-SM01,한남오거리,SEOUL-YONGSAN-HANNAM-SM01-N01,한강진,park_water_access,A
서울특별시,YONGSAN,용산구,SEOUL-YONGSAN-HANNAM,한남권,SEOUL-YONGSAN-HANNAM-SM01,한남오거리,SEOUL-YONGSAN-HANNAM-SM01-N02,이태원로,street,A
서울특별시,YONGSAN,용산구,SEOUL-YONGSAN-HANNAM,한남권,SEOUL-YONGSAN-HANNAM-SM01,한남오거리,SEOUL-YONGSAN-HANNAM-SM01-N03,독서당로,street,A
서울특별시,YONGSAN,용산구,SEOUL-YONGSAN-HANNAM,한남권,SEOUL-YONGSAN-HANNAM-SM02,한남동 카페거리,,,,A
서울특별시,YONGSAN,용산구,SEOUL-YONGSAN-HANNAM,한남권,SEOUL-YONGSAN-HANNAM-SM03,리움미술관 연결축,,,,A
서울특별시,YONGSAN,용산구,SEOUL-YONGSAN-HAEBANGCHON-GYEONGNIDAN,해방촌·경리단권,SEOUL-YONGSAN-HAEBANGCHON-GYEONGNIDAN-SM01,해방촌오거리,SEOUL-YONGSAN-HAEBANGCHON-GYEONGNIDAN-SM01-N01,녹사평,anchor,B
서울특별시,YONGSAN,용산구,SEOUL-YONGSAN-HAEBANGCHON-GYEONGNIDAN,해방촌·경리단권,SEOUL-YONGSAN-HAEBANGCHON-GYEONGNIDAN-SM01,해방촌오거리,SEOUL-YONGSAN-HAEBANGCHON-GYEONGNIDAN-SM01-N02,소월로,street,B
서울특별시,YONGSAN,용산구,SEOUL-YONGSAN-HAEBANGCHON-GYEONGNIDAN,해방촌·경리단권,SEOUL-YONGSAN-HAEBANGCHON-GYEONGNIDAN-SM01,해방촌오거리,SEOUL-YONGSAN-HAEBANGCHON-GYEONGNIDAN-SM01-N03,신흥로,street,B
서울특별시,YONGSAN,용산구,SEOUL-YONGSAN-HAEBANGCHON-GYEONGNIDAN,해방촌·경리단권,SEOUL-YONGSAN-HAEBANGCHON-GYEONGNIDAN-SM01,해방촌오거리,SEOUL-YONGSAN-HAEBANGCHON-GYEONGNIDAN-SM01-N04,회나무로,street,B
서울특별시,YONGSAN,용산구,SEOUL-YONGSAN-HAEBANGCHON-GYEONGNIDAN,해방촌·경리단권,SEOUL-YONGSAN-HAEBANGCHON-GYEONGNIDAN-SM01,해방촌오거리,SEOUL-YONGSAN-HAEBANGCHON-GYEONGNIDAN-SM01-N05,신흥시장,traditional_market,B
서울특별시,YONGSAN,용산구,SEOUL-YONGSAN-HAEBANGCHON-GYEONGNIDAN,해방촌·경리단권,SEOUL-YONGSAN-HAEBANGCHON-GYEONGNIDAN-SM02,경리단길,,,,B
서울특별시,YONGSAN,용산구,SEOUL-YONGSAN-YONGLIDAN-SINYONGSAN,용리단길·신용산권,SEOUL-YONGSAN-YONGLIDAN-SINYONGSAN-SM01,신용산역 동측,SEOUL-YONGSAN-YONGLIDAN-SINYONGSAN-SM01-N01,신용산,anchor,A
서울특별시,YONGSAN,용산구,SEOUL-YONGSAN-YONGLIDAN-SINYONGSAN,용리단길·신용산권,SEOUL-YONGSAN-YONGLIDAN-SINYONGSAN-SM01,신용산역 동측,SEOUL-YONGSAN-YONGLIDAN-SINYONGSAN-SM01-N03,한강대로,park_water_access,A
서울특별시,YONGSAN,용산구,SEOUL-YONGSAN-YONGLIDAN-SINYONGSAN,용리단길·신용산권,SEOUL-YONGSAN-YONGLIDAN-SINYONGSAN-SM01,신용산역 동측,SEOUL-YONGSAN-YONGLIDAN-SINYONGSAN-SM01-N04,한강로,park_water_access,A
서울특별시,YONGSAN,용산구,SEOUL-YONGSAN-YONGLIDAN-SINYONGSAN,용리단길·신용산권,SEOUL-YONGSAN-YONGLIDAN-SINYONGSAN-SM02,용리단길,,,,A
서울특별시,YONGSAN,용산구,SEOUL-YONGSAN-YONGLIDAN-SINYONGSAN,용리단길·신용산권,SEOUL-YONGSAN-YONGLIDAN-SINYONGSAN-SM03,삼각지역권,SEOUL-YONGSAN-YONGLIDAN-SINYONGSAN-SM03-N02,삼각지,anchor,A
서울특별시,YONGSAN,용산구,SEOUL-YONGSAN-YONGLIDAN-SINYONGSAN,용리단길·신용산권,SEOUL-YONGSAN-YONGLIDAN-SINYONGSAN-SM03,삼각지역권,SEOUL-YONGSAN-YONGLIDAN-SINYONGSAN-SM03-N05,삼각지역,station,A
서울특별시,YONGSAN,용산구,SEOUL-YONGSAN-YONGSANSTN,용산역권,SEOUL-YONGSAN-YONGSANSTN-SM01,용산역권,SEOUL-YONGSAN-YONGSANSTN-SM01-N01,용산,anchor,B
서울특별시,YONGSAN,용산구,SEOUL-YONGSAN-YONGSANSTN,용산역권,SEOUL-YONGSAN-YONGSANSTN-SM01,용산역권,SEOUL-YONGSAN-YONGSANSTN-SM01-N02,한강대로,park_water_access,B
서울특별시,YONGSAN,용산구,SEOUL-YONGSAN-YONGSANSTN,용산역권,SEOUL-YONGSAN-YONGSANSTN-SM01,용산역권,SEOUL-YONGSAN-YONGSANSTN-SM01-N03,청파로,street,B
서울특별시,YONGSAN,용산구,SEOUL-YONGSAN-YONGSANSTN,용산역권,SEOUL-YONGSAN-YONGSANSTN-SM01,용산역권,SEOUL-YONGSAN-YONGSANSTN-SM01-N04,용산역,station,B
서울특별시,YONGSAN,용산구,SEOUL-YONGSAN-YONGSANSTN,용산역권,SEOUL-YONGSAN-YONGSANSTN-SM01,용산역권,SEOUL-YONGSAN-YONGSANSTN-SM01-N05,아이파크몰,shopping,B
서울특별시,YONGSAN,용산구,SEOUL-YONGSAN-YONGSANSTN,용산역권,SEOUL-YONGSAN-YONGSANSTN-SM02,전자상가,,,,B
서울특별시,YONGSAN,용산구,SEOUL-YONGSAN-NAMYEONG-SOOKMYUNG,남영·숙대권,SEOUL-YONGSAN-NAMYEONG-SOOKMYUNG-SM01,남영역권,SEOUL-YONGSAN-NAMYEONG-SOOKMYUNG-SM01-N01,남영,anchor,S
서울특별시,YONGSAN,용산구,SEOUL-YONGSAN-NAMYEONG-SOOKMYUNG,남영·숙대권,SEOUL-YONGSAN-NAMYEONG-SOOKMYUNG-SM01,남영역권,SEOUL-YONGSAN-NAMYEONG-SOOKMYUNG-SM01-N03,한강대로,park_water_access,S
서울특별시,YONGSAN,용산구,SEOUL-YONGSAN-NAMYEONG-SOOKMYUNG,남영·숙대권,SEOUL-YONGSAN-NAMYEONG-SOOKMYUNG-SM01,남영역권,SEOUL-YONGSAN-NAMYEONG-SOOKMYUNG-SM01-N04,청파로,street,S
서울특별시,YONGSAN,용산구,SEOUL-YONGSAN-NAMYEONG-SOOKMYUNG,남영·숙대권,SEOUL-YONGSAN-NAMYEONG-SOOKMYUNG-SM01,남영역권,SEOUL-YONGSAN-NAMYEONG-SOOKMYUNG-SM01-N05,남영역,station,S
서울특별시,YONGSAN,용산구,SEOUL-YONGSAN-NAMYEONG-SOOKMYUNG,남영·숙대권,SEOUL-YONGSAN-NAMYEONG-SOOKMYUNG-SM01,남영역권,SEOUL-YONGSAN-NAMYEONG-SOOKMYUNG-SM01-N06,숙명여대 정문,university,S
서울특별시,YONGSAN,용산구,SEOUL-YONGSAN-NAMYEONG-SOOKMYUNG,남영·숙대권,SEOUL-YONGSAN-NAMYEONG-SOOKMYUNG-SM02,숙대입구,SEOUL-YONGSAN-NAMYEONG-SOOKMYUNG-SM02-N02,숙대입구,university,S
서울특별시,YONGSAN,용산구,SEOUL-YONGSAN-HYOCHANG-HUAM,효창·후암권,SEOUL-YONGSAN-HYOCHANG-HUAM-SM01,서울역 남부,SEOUL-YONGSAN-HYOCHANG-HUAM-SM01-N01,효창공원앞,park_water_access,B
서울특별시,YONGSAN,용산구,SEOUL-YONGSAN-HYOCHANG-HUAM,효창·후암권,SEOUL-YONGSAN-HYOCHANG-HUAM-SM01,서울역 남부,SEOUL-YONGSAN-HYOCHANG-HUAM-SM01-N02,서울역,station,B
서울특별시,YONGSAN,용산구,SEOUL-YONGSAN-HYOCHANG-HUAM,효창·후암권,SEOUL-YONGSAN-HYOCHANG-HUAM-SM01,서울역 남부,SEOUL-YONGSAN-HYOCHANG-HUAM-SM01-N03,백범로,street,B
서울특별시,YONGSAN,용산구,SEOUL-YONGSAN-HYOCHANG-HUAM,효창·후암권,SEOUL-YONGSAN-HYOCHANG-HUAM-SM01,서울역 남부,SEOUL-YONGSAN-HYOCHANG-HUAM-SM01-N04,후암로,street,B
서울특별시,YONGSAN,용산구,SEOUL-YONGSAN-HYOCHANG-HUAM,효창·후암권,SEOUL-YONGSAN-HYOCHANG-HUAM-SM01,서울역 남부,SEOUL-YONGSAN-HYOCHANG-HUAM-SM01-N05,후암시장,traditional_market,B
서울특별시,SEONGDONG,성동구,SEOUL-SEONGDONG-SEONGSU,성수권,SEOUL-SEONGDONG-SEONGSU-YEONMUJANG,연무장길,SEOUL-SEONGDONG-SEONGSU-YEONMUJANG-N01,성수,anchor,S
서울특별시,SEONGDONG,성동구,SEOUL-SEONGDONG-SEONGSU,성수권,SEOUL-SEONGDONG-SEONGSU-YEONMUJANG,연무장길,SEOUL-SEONGDONG-SEONGSU-YEONMUJANG-N02,뚝섬,anchor,S
서울특별시,SEONGDONG,성동구,SEOUL-SEONGDONG-SEONGSU,성수권,SEOUL-SEONGDONG-SEONGSU-YEONMUJANG,연무장길,SEOUL-SEONGDONG-SEONGSU-YEONMUJANG-N03,연무장길,street,S
서울특별시,SEONGDONG,성동구,SEOUL-SEONGDONG-SEONGSU,성수권,SEOUL-SEONGDONG-SEONGSU-YEONMUJANG,연무장길,SEOUL-SEONGDONG-SEONGSU-YEONMUJANG-N04,성수이로,street,S
서울특별시,SEONGDONG,성동구,SEOUL-SEONGDONG-SEONGSU,성수권,SEOUL-SEONGDONG-SEONGSU-YEONMUJANG,연무장길,SEOUL-SEONGDONG-SEONGSU-YEONMUJANG-N05,아차산로,street,S
서울특별시,SEONGDONG,성동구,SEOUL-SEONGDONG-SEONGSU,성수권,SEOUL-SEONGDONG-SEONGSU-STATION-NORTH,성수역 북측,,,,S
서울특별시,SEONGDONG,성동구,SEOUL-SEONGDONG-SEONGSU,성수권,SEOUL-SEONGDONG-SEONGSU-STATION-SOUTH,성수역 남측,,,,S
서울특별시,SEONGDONG,성동구,SEOUL-SEONGDONG-SEONGSU,성수권,SEOUL-SEONGDONG-SEONGSU-ATELIER,아뜰리에길,,,,S
서울특별시,SEONGDONG,성동구,SEOUL-SEONGDONG-SEONGSU,성수권,SEOUL-SEONGDONG-SEONGSU-TTUKSEOM-LINK,뚝섬 연결권,,,,S
서울특별시,SEONGDONG,성동구,SEOUL-SEONGDONG-SEOULFOREST,서울숲권,SEOUL-SEONGDONG-SEOULFOREST-SM01,서울숲,SEOUL-SEONGDONG-SEOULFOREST-SM01-N01,서울숲,anchor,A
서울특별시,SEONGDONG,성동구,SEOUL-SEONGDONG-SEOULFOREST,서울숲권,SEOUL-SEONGDONG-SEOULFOREST-SM01,서울숲,SEOUL-SEONGDONG-SEOULFOREST-SM01-N02,뚝섬,anchor,A
서울특별시,SEONGDONG,성동구,SEOUL-SEONGDONG-SEOULFOREST,서울숲권,SEOUL-SEONGDONG-SEOULFOREST-SM01,서울숲,SEOUL-SEONGDONG-SEOULFOREST-SM01-N03,서울숲2길,street,A
서울특별시,SEONGDONG,성동구,SEOUL-SEONGDONG-SEOULFOREST,서울숲권,SEOUL-SEONGDONG-SEOULFOREST-SM01,서울숲,SEOUL-SEONGDONG-SEOULFOREST-SM01-N04,왕십리로,street,A
서울특별시,SEONGDONG,성동구,SEOUL-SEONGDONG-SEOULFOREST,서울숲권,SEOUL-SEONGDONG-SEOULFOREST-SM02,아크로서울포레스트,,,,A
서울특별시,SEONGDONG,성동구,SEOUL-SEONGDONG-SEOULFOREST,서울숲권,SEOUL-SEONGDONG-SEOULFOREST-SM03,서울숲 카페거리,,,,A
서울특별시,SEONGDONG,성동구,SEOUL-SEONGDONG-WANGSIMNI,왕십리권,SEOUL-SEONGDONG-WANGSIMNI-SM01,왕십리역권,SEOUL-SEONGDONG-WANGSIMNI-SM01-N01,왕십리,anchor,C
서울특별시,SEONGDONG,성동구,SEOUL-SEONGDONG-WANGSIMNI,왕십리권,SEOUL-SEONGDONG-WANGSIMNI-SM01,왕십리역권,SEOUL-SEONGDONG-WANGSIMNI-SM01-N02,왕십리광장로,street,C
서울특별시,SEONGDONG,성동구,SEOUL-SEONGDONG-WANGSIMNI,왕십리권,SEOUL-SEONGDONG-WANGSIMNI-SM01,왕십리역권,SEOUL-SEONGDONG-WANGSIMNI-SM01-N03,고산자로,street,C
서울특별시,SEONGDONG,성동구,SEOUL-SEONGDONG-WANGSIMNI,왕십리권,SEOUL-SEONGDONG-WANGSIMNI-SM01,왕십리역권,SEOUL-SEONGDONG-WANGSIMNI-SM01-N04,왕십리역,station,C
서울특별시,SEONGDONG,성동구,SEOUL-SEONGDONG-WANGSIMNI,왕십리권,SEOUL-SEONGDONG-WANGSIMNI-SM02,비트플렉스,,,,C
서울특별시,SEONGDONG,성동구,SEOUL-SEONGDONG-WANGSIMNI,왕십리권,SEOUL-SEONGDONG-WANGSIMNI-SM03,행당시장 연결축,,,,C
서울특별시,SEONGDONG,성동구,SEOUL-SEONGDONG-HAENGDANG-HANYANG,행당·한양대권,SEOUL-SEONGDONG-HAENGDANG-HANYANG-SM01,왕십리 남측,SEOUL-SEONGDONG-HAENGDANG-HANYANG-SM01-N01,한양대,anchor,B
서울특별시,SEONGDONG,성동구,SEOUL-SEONGDONG-HAENGDANG-HANYANG,행당·한양대권,SEOUL-SEONGDONG-HAENGDANG-HANYANG-SM01,왕십리 남측,SEOUL-SEONGDONG-HAENGDANG-HANYANG-SM01-N02,왕십리,anchor,B
서울특별시,SEONGDONG,성동구,SEOUL-SEONGDONG-HAENGDANG-HANYANG,행당·한양대권,SEOUL-SEONGDONG-HAENGDANG-HANYANG-SM01,왕십리 남측,SEOUL-SEONGDONG-HAENGDANG-HANYANG-SM01-N03,왕십리로,street,B
서울특별시,SEONGDONG,성동구,SEOUL-SEONGDONG-HAENGDANG-HANYANG,행당·한양대권,SEOUL-SEONGDONG-HAENGDANG-HANYANG-SM01,왕십리 남측,SEOUL-SEONGDONG-HAENGDANG-HANYANG-SM01-N04,마조로,street,B
서울특별시,SEONGDONG,성동구,SEOUL-SEONGDONG-HAENGDANG-HANYANG,행당·한양대권,SEOUL-SEONGDONG-HAENGDANG-HANYANG-SM01,왕십리 남측,SEOUL-SEONGDONG-HAENGDANG-HANYANG-SM01-N05,한양대 정문,university,B
서울특별시,SEONGDONG,성동구,SEOUL-SEONGDONG-HAENGDANG-HANYANG,행당·한양대권,SEOUL-SEONGDONG-HAENGDANG-HANYANG-SM01,왕십리 남측,SEOUL-SEONGDONG-HAENGDANG-HANYANG-SM01-N06,행당시장,traditional_market,B
서울특별시,SEONGDONG,성동구,SEOUL-SEONGDONG-GEUMHO-OKSU,금호·옥수권,SEOUL-SEONGDONG-GEUMHO-OKSU-SM01,금호역권,SEOUL-SEONGDONG-GEUMHO-OKSU-SM01-N01,금호,anchor,B
서울특별시,SEONGDONG,성동구,SEOUL-SEONGDONG-GEUMHO-OKSU,금호·옥수권,SEOUL-SEONGDONG-GEUMHO-OKSU-SM01,금호역권,SEOUL-SEONGDONG-GEUMHO-OKSU-SM01-N03,독서당로,street,B
서울특별시,SEONGDONG,성동구,SEOUL-SEONGDONG-GEUMHO-OKSU,금호·옥수권,SEOUL-SEONGDONG-GEUMHO-OKSU-SM01,금호역권,SEOUL-SEONGDONG-GEUMHO-OKSU-SM01-N04,동호로,street,B
서울특별시,SEONGDONG,성동구,SEOUL-SEONGDONG-GEUMHO-OKSU,금호·옥수권,SEOUL-SEONGDONG-GEUMHO-OKSU-SM01,금호역권,SEOUL-SEONGDONG-GEUMHO-OKSU-SM01-N05,금호역,station,B
서울특별시,SEONGDONG,성동구,SEOUL-SEONGDONG-GEUMHO-OKSU,금호·옥수권,SEOUL-SEONGDONG-GEUMHO-OKSU-SM02,옥수역권,SEOUL-SEONGDONG-GEUMHO-OKSU-SM02-N02,옥수,anchor,B
서울특별시,SEONGDONG,성동구,SEOUL-SEONGDONG-GEUMHO-OKSU,금호·옥수권,SEOUL-SEONGDONG-GEUMHO-OKSU-SM02,옥수역권,SEOUL-SEONGDONG-GEUMHO-OKSU-SM02-N06,옥수역,station,B
서울특별시,SEONGDONG,성동구,SEOUL-SEONGDONG-GEUMHO-OKSU,금호·옥수권,SEOUL-SEONGDONG-GEUMHO-OKSU-SM03,독서당로 주거축,,,,B
서울특별시,SEONGDONG,성동구,SEOUL-SEONGDONG-MAJANG,마장권,SEOUL-SEONGDONG-MAJANG-SM01,마장역권,SEOUL-SEONGDONG-MAJANG-SM01-N01,마장,anchor,D
서울특별시,SEONGDONG,성동구,SEOUL-SEONGDONG-MAJANG,마장권,SEOUL-SEONGDONG-MAJANG-SM01,마장역권,SEOUL-SEONGDONG-MAJANG-SM01-N02,마장로,street,D
서울특별시,SEONGDONG,성동구,SEOUL-SEONGDONG-MAJANG,마장권,SEOUL-SEONGDONG-MAJANG-SM01,마장역권,SEOUL-SEONGDONG-MAJANG-SM01-N03,고산자로,street,D
서울특별시,SEONGDONG,성동구,SEOUL-SEONGDONG-MAJANG,마장권,SEOUL-SEONGDONG-MAJANG-SM01,마장역권,SEOUL-SEONGDONG-MAJANG-SM01-N04,마장축산물시장,traditional_market,D
서울특별시,SEONGDONG,성동구,SEOUL-SEONGDONG-MAJANG,마장권,SEOUL-SEONGDONG-MAJANG-SM01,마장역권,SEOUL-SEONGDONG-MAJANG-SM01-N05,마장역,station,D
서울특별시,SEONGDONG,성동구,SEOUL-SEONGDONG-MAJANG,마장권,SEOUL-SEONGDONG-MAJANG-SM02,청계천 북측,,,,D
서울특별시,GWANGJIN,광진구,SEOUL-GWANGJIN-KONKUK,건대입구권,SEOUL-GWANGJIN-KONKUK-SM01,건대입구역권,SEOUL-GWANGJIN-KONKUK-SM01-N01,건대입구,anchor,A
서울특별시,GWANGJIN,광진구,SEOUL-GWANGJIN-KONKUK,건대입구권,SEOUL-GWANGJIN-KONKUK-SM01,건대입구역권,SEOUL-GWANGJIN-KONKUK-SM01-N02,아차산로,street,A
서울특별시,GWANGJIN,광진구,SEOUL-GWANGJIN-KONKUK,건대입구권,SEOUL-GWANGJIN-KONKUK-SM01,건대입구역권,SEOUL-GWANGJIN-KONKUK-SM01-N03,동일로,street,A
서울특별시,GWANGJIN,광진구,SEOUL-GWANGJIN-KONKUK,건대입구권,SEOUL-GWANGJIN-KONKUK-SM01,건대입구역권,SEOUL-GWANGJIN-KONKUK-SM01-N04,능동로,street,A
서울특별시,GWANGJIN,광진구,SEOUL-GWANGJIN-KONKUK,건대입구권,SEOUL-GWANGJIN-KONKUK-SM01,건대입구역권,SEOUL-GWANGJIN-KONKUK-SM01-N05,건대입구역,station,A
서울특별시,GWANGJIN,광진구,SEOUL-GWANGJIN-KONKUK,건대입구권,SEOUL-GWANGJIN-KONKUK-SM02,건대 맛의거리,,,,A
서울특별시,GWANGJIN,광진구,SEOUL-GWANGJIN-KONKUK,건대입구권,SEOUL-GWANGJIN-KONKUK-SM03,커먼그라운드,,,,A
서울특별시,GWANGJIN,광진구,SEOUL-GWANGJIN-GUI-GANGBYEON,구의·강변권,SEOUL-GWANGJIN-GUI-GANGBYEON-SM01,구의역권,SEOUL-GWANGJIN-GUI-GANGBYEON-SM01-N01,구의,anchor,B
서울특별시,GWANGJIN,광진구,SEOUL-GWANGJIN-GUI-GANGBYEON,구의·강변권,SEOUL-GWANGJIN-GUI-GANGBYEON-SM01,구의역권,SEOUL-GWANGJIN-GUI-GANGBYEON-SM01-N03,아차산로,street,B
서울특별시,GWANGJIN,광진구,SEOUL-GWANGJIN-GUI-GANGBYEON,구의·강변권,SEOUL-GWANGJIN-GUI-GANGBYEON-SM01,구의역권,SEOUL-GWANGJIN-GUI-GANGBYEON-SM01-N05,구의역,station,B
서울특별시,GWANGJIN,광진구,SEOUL-GWANGJIN-GUI-GANGBYEON,구의·강변권,SEOUL-GWANGJIN-GUI-GANGBYEON-SM01,구의역권,SEOUL-GWANGJIN-GUI-GANGBYEON-SM01-N07,테크노마트,shopping,B
서울특별시,GWANGJIN,광진구,SEOUL-GWANGJIN-GUI-GANGBYEON,구의·강변권,SEOUL-GWANGJIN-GUI-GANGBYEON-SM01,구의역권,SEOUL-GWANGJIN-GUI-GANGBYEON-SM01-N08,동서울터미널,anchor,B
서울특별시,GWANGJIN,광진구,SEOUL-GWANGJIN-GUI-GANGBYEON,구의·강변권,SEOUL-GWANGJIN-GUI-GANGBYEON-SM02,강변역권,SEOUL-GWANGJIN-GUI-GANGBYEON-SM02-N02,강변,anchor,B
서울특별시,GWANGJIN,광진구,SEOUL-GWANGJIN-GUI-GANGBYEON,구의·강변권,SEOUL-GWANGJIN-GUI-GANGBYEON-SM02,강변역권,SEOUL-GWANGJIN-GUI-GANGBYEON-SM02-N04,강변역로,station,B
서울특별시,GWANGJIN,광진구,SEOUL-GWANGJIN-GUI-GANGBYEON,구의·강변권,SEOUL-GWANGJIN-GUI-GANGBYEON-SM02,강변역권,SEOUL-GWANGJIN-GUI-GANGBYEON-SM02-N06,강변역,station,B
서울특별시,GWANGJIN,광진구,SEOUL-GWANGJIN-JAYANG,자양권,SEOUL-GWANGJIN-JAYANG-SM01,뚝섬한강공원 연결 주거축,SEOUL-GWANGJIN-JAYANG-SM01-N01,자양,anchor,C
서울특별시,GWANGJIN,광진구,SEOUL-GWANGJIN-JAYANG,자양권,SEOUL-GWANGJIN-JAYANG-SM01,뚝섬한강공원 연결 주거축,SEOUL-GWANGJIN-JAYANG-SM01-N02,건대입구,anchor,C
서울특별시,GWANGJIN,광진구,SEOUL-GWANGJIN-JAYANG,자양권,SEOUL-GWANGJIN-JAYANG-SM01,뚝섬한강공원 연결 주거축,SEOUL-GWANGJIN-JAYANG-SM01-N03,자양로,street,C
서울특별시,GWANGJIN,광진구,SEOUL-GWANGJIN-JAYANG,자양권,SEOUL-GWANGJIN-JAYANG-SM01,뚝섬한강공원 연결 주거축,SEOUL-GWANGJIN-JAYANG-SM01-N04,뚝섬로,street,C
서울특별시,GWANGJIN,광진구,SEOUL-GWANGJIN-JAYANG,자양권,SEOUL-GWANGJIN-JAYANG-SM01,뚝섬한강공원 연결 주거축,SEOUL-GWANGJIN-JAYANG-SM01-N05,자양전통시장,traditional_market,C
서울특별시,GWANGJIN,광진구,SEOUL-GWANGJIN-CHILDRENSPARK-SEJONG,어린이대공원·세종대권,SEOUL-GWANGJIN-CHILDRENSPARK-SEJONG-SM01,세종대,SEOUL-GWANGJIN-CHILDRENSPARK-SEJONG-SM01-N01,어린이대공원,park_water_access,S
서울특별시,GWANGJIN,광진구,SEOUL-GWANGJIN-CHILDRENSPARK-SEJONG,어린이대공원·세종대권,SEOUL-GWANGJIN-CHILDRENSPARK-SEJONG-SM01,세종대,SEOUL-GWANGJIN-CHILDRENSPARK-SEJONG-SM01-N03,광나루로,street,S
서울특별시,GWANGJIN,광진구,SEOUL-GWANGJIN-CHILDRENSPARK-SEJONG,어린이대공원·세종대권,SEOUL-GWANGJIN-CHILDRENSPARK-SEJONG-SM02,능동로,SEOUL-GWANGJIN-CHILDRENSPARK-SEJONG-SM02-N02,능동로,street,S
서울특별시,GWANGJIN,광진구,SEOUL-GWANGJIN-GUNJA-JUNGGOK,군자·중곡권,SEOUL-GWANGJIN-GUNJA-JUNGGOK-SM01,군자역권,SEOUL-GWANGJIN-GUNJA-JUNGGOK-SM01-N01,군자,anchor,C
서울특별시,GWANGJIN,광진구,SEOUL-GWANGJIN-GUNJA-JUNGGOK,군자·중곡권,SEOUL-GWANGJIN-GUNJA-JUNGGOK-SM01,군자역권,SEOUL-GWANGJIN-GUNJA-JUNGGOK-SM01-N02,중곡,anchor,C
서울특별시,GWANGJIN,광진구,SEOUL-GWANGJIN-GUNJA-JUNGGOK,군자·중곡권,SEOUL-GWANGJIN-GUNJA-JUNGGOK-SM01,군자역권,SEOUL-GWANGJIN-GUNJA-JUNGGOK-SM01-N03,천호대로,street,C
서울특별시,GWANGJIN,광진구,SEOUL-GWANGJIN-GUNJA-JUNGGOK,군자·중곡권,SEOUL-GWANGJIN-GUNJA-JUNGGOK-SM01,군자역권,SEOUL-GWANGJIN-GUNJA-JUNGGOK-SM01-N04,능동로,street,C
서울특별시,GWANGJIN,광진구,SEOUL-GWANGJIN-GUNJA-JUNGGOK,군자·중곡권,SEOUL-GWANGJIN-GUNJA-JUNGGOK-SM01,군자역권,SEOUL-GWANGJIN-GUNJA-JUNGGOK-SM01-N05,군자역,station,C
서울특별시,GWANGJIN,광진구,SEOUL-GWANGJIN-GUNJA-JUNGGOK,군자·중곡권,SEOUL-GWANGJIN-GUNJA-JUNGGOK-SM01,군자역권,SEOUL-GWANGJIN-GUNJA-JUNGGOK-SM01-N06,중곡제일시장,traditional_market,C
서울특별시,GWANGJIN,광진구,SEOUL-GWANGJIN-GUNJA-JUNGGOK,군자·중곡권,SEOUL-GWANGJIN-GUNJA-JUNGGOK-SM02,용마산 남측 생활권,,,,C
서울특별시,DONGDAEMUN,동대문구,SEOUL-DONGDAEMUN-CHEONGNYANGNI,청량리권,SEOUL-DONGDAEMUN-CHEONGNYANGNI-SM01,청량리역권,SEOUL-DONGDAEMUN-CHEONGNYANGNI-SM01-N01,청량리,anchor,C
서울특별시,DONGDAEMUN,동대문구,SEOUL-DONGDAEMUN-CHEONGNYANGNI,청량리권,SEOUL-DONGDAEMUN-CHEONGNYANGNI-SM01,청량리역권,SEOUL-DONGDAEMUN-CHEONGNYANGNI-SM01-N02,왕산로,street,C
서울특별시,DONGDAEMUN,동대문구,SEOUL-DONGDAEMUN-CHEONGNYANGNI,청량리권,SEOUL-DONGDAEMUN-CHEONGNYANGNI-SM01,청량리역권,SEOUL-DONGDAEMUN-CHEONGNYANGNI-SM01-N03,홍릉로,street,C
서울특별시,DONGDAEMUN,동대문구,SEOUL-DONGDAEMUN-CHEONGNYANGNI,청량리권,SEOUL-DONGDAEMUN-CHEONGNYANGNI-SM01,청량리역권,SEOUL-DONGDAEMUN-CHEONGNYANGNI-SM01-N04,청량리역,station,C
서울특별시,DONGDAEMUN,동대문구,SEOUL-DONGDAEMUN-CHEONGNYANGNI,청량리권,SEOUL-DONGDAEMUN-CHEONGNYANGNI-SM01,청량리역권,SEOUL-DONGDAEMUN-CHEONGNYANGNI-SM01-N05,롯데백화점,shopping,C
서울특별시,DONGDAEMUN,동대문구,SEOUL-DONGDAEMUN-CHEONGNYANGNI,청량리권,SEOUL-DONGDAEMUN-CHEONGNYANGNI-SM01,청량리역권,SEOUL-DONGDAEMUN-CHEONGNYANGNI-SM01-N06,청량리시장,traditional_market,C
서울특별시,DONGDAEMUN,동대문구,SEOUL-DONGDAEMUN-HOEGI-KYUNGHEE,회기·경희대권,SEOUL-DONGDAEMUN-HOEGI-KYUNGHEE-SM01,회기역권,SEOUL-DONGDAEMUN-HOEGI-KYUNGHEE-SM01-N01,회기,anchor,S
서울특별시,DONGDAEMUN,동대문구,SEOUL-DONGDAEMUN-HOEGI-KYUNGHEE,회기·경희대권,SEOUL-DONGDAEMUN-HOEGI-KYUNGHEE-SM01,회기역권,SEOUL-DONGDAEMUN-HOEGI-KYUNGHEE-SM01-N02,회기로,street,S
서울특별시,DONGDAEMUN,동대문구,SEOUL-DONGDAEMUN-HOEGI-KYUNGHEE,회기·경희대권,SEOUL-DONGDAEMUN-HOEGI-KYUNGHEE-SM01,회기역권,SEOUL-DONGDAEMUN-HOEGI-KYUNGHEE-SM01-N04,회기역,station,S
서울특별시,DONGDAEMUN,동대문구,SEOUL-DONGDAEMUN-HOEGI-KYUNGHEE,회기·경희대권,SEOUL-DONGDAEMUN-HOEGI-KYUNGHEE-SM01,회기역권,SEOUL-DONGDAEMUN-HOEGI-KYUNGHEE-SM01-N05,경희대 정문,university,S
서울특별시,DONGDAEMUN,동대문구,SEOUL-DONGDAEMUN-HOEGI-KYUNGHEE,회기·경희대권,SEOUL-DONGDAEMUN-HOEGI-KYUNGHEE-SM02,경희대로,SEOUL-DONGDAEMUN-HOEGI-KYUNGHEE-SM02-N03,경희대로,street,S
서울특별시,DONGDAEMUN,동대문구,SEOUL-DONGDAEMUN-HUFS-IMUN,외대앞·이문권,SEOUL-DONGDAEMUN-HUFS-IMUN-SM01,외대앞역권,SEOUL-DONGDAEMUN-HUFS-IMUN-SM01-N01,외대앞,university,B
서울특별시,DONGDAEMUN,동대문구,SEOUL-DONGDAEMUN-HUFS-IMUN,외대앞·이문권,SEOUL-DONGDAEMUN-HUFS-IMUN-SM01,외대앞역권,SEOUL-DONGDAEMUN-HUFS-IMUN-SM01-N02,이문로,street,B
서울특별시,DONGDAEMUN,동대문구,SEOUL-DONGDAEMUN-HUFS-IMUN,외대앞·이문권,SEOUL-DONGDAEMUN-HUFS-IMUN-SM01,외대앞역권,SEOUL-DONGDAEMUN-HUFS-IMUN-SM01-N03,휘경로,street,B
서울특별시,DONGDAEMUN,동대문구,SEOUL-DONGDAEMUN-HUFS-IMUN,외대앞·이문권,SEOUL-DONGDAEMUN-HUFS-IMUN-SM01,외대앞역권,SEOUL-DONGDAEMUN-HUFS-IMUN-SM01-N04,외대앞역,station,B
서울특별시,DONGDAEMUN,동대문구,SEOUL-DONGDAEMUN-HUFS-IMUN,외대앞·이문권,SEOUL-DONGDAEMUN-HUFS-IMUN-SM01,외대앞역권,SEOUL-DONGDAEMUN-HUFS-IMUN-SM01-N05,한국외대 정문,university,B
서울특별시,DONGDAEMUN,동대문구,SEOUL-DONGDAEMUN-HUFS-IMUN,외대앞·이문권,SEOUL-DONGDAEMUN-HUFS-IMUN-SM02,이문동,,,,B
서울특별시,DONGDAEMUN,동대문구,SEOUL-DONGDAEMUN-JANGAN-DAPSIMNI,장안·답십리권,SEOUL-DONGDAEMUN-JANGAN-DAPSIMNI-SM01,장안동 사거리,SEOUL-DONGDAEMUN-JANGAN-DAPSIMNI-SM01-N01,장한평,anchor,B
서울특별시,DONGDAEMUN,동대문구,SEOUL-DONGDAEMUN-JANGAN-DAPSIMNI,장안·답십리권,SEOUL-DONGDAEMUN-JANGAN-DAPSIMNI-SM01,장안동 사거리,SEOUL-DONGDAEMUN-JANGAN-DAPSIMNI-SM01-N03,천호대로,street,B
서울특별시,DONGDAEMUN,동대문구,SEOUL-DONGDAEMUN-JANGAN-DAPSIMNI,장안·답십리권,SEOUL-DONGDAEMUN-JANGAN-DAPSIMNI-SM01,장안동 사거리,SEOUL-DONGDAEMUN-JANGAN-DAPSIMNI-SM01-N04,장한로,street,B
서울특별시,DONGDAEMUN,동대문구,SEOUL-DONGDAEMUN-JANGAN-DAPSIMNI,장안·답십리권,SEOUL-DONGDAEMUN-JANGAN-DAPSIMNI-SM02,답십리역권,SEOUL-DONGDAEMUN-JANGAN-DAPSIMNI-SM02-N02,답십리,anchor,B
서울특별시,DONGDAEMUN,동대문구,SEOUL-DONGDAEMUN-JANGAN-DAPSIMNI,장안·답십리권,SEOUL-DONGDAEMUN-JANGAN-DAPSIMNI-SM02,답십리역권,SEOUL-DONGDAEMUN-JANGAN-DAPSIMNI-SM02-N05,답십리역,station,B
서울특별시,DONGDAEMUN,동대문구,SEOUL-DONGDAEMUN-JANGAN-DAPSIMNI,장안·답십리권,SEOUL-DONGDAEMUN-JANGAN-DAPSIMNI-SM03,자동차부품상가축,,,,B
서울특별시,DONGDAEMUN,동대문구,SEOUL-DONGDAEMUN-JEONNONG,전농권,SEOUL-DONGDAEMUN-JEONNONG-SM01,전농사거리,SEOUL-DONGDAEMUN-JEONNONG-SM01-N01,청량리,anchor,B
서울특별시,DONGDAEMUN,동대문구,SEOUL-DONGDAEMUN-JEONNONG,전농권,SEOUL-DONGDAEMUN-JEONNONG-SM01,전농사거리,SEOUL-DONGDAEMUN-JEONNONG-SM01-N02,전농로,street,B
서울특별시,DONGDAEMUN,동대문구,SEOUL-DONGDAEMUN-JEONNONG,전농권,SEOUL-DONGDAEMUN-JEONNONG-SM01,전농사거리,SEOUL-DONGDAEMUN-JEONNONG-SM01-N03,답십리로,street,B
서울특별시,DONGDAEMUN,동대문구,SEOUL-DONGDAEMUN-JEONNONG,전농권,SEOUL-DONGDAEMUN-JEONNONG-SM02,전농동 아파트단지,,,,B
서울특별시,DONGDAEMUN,동대문구,SEOUL-DONGDAEMUN-JEONNONG,전농권,SEOUL-DONGDAEMUN-JEONNONG-SM03,청량리 남측,,,,B
서울특별시,DONGDAEMUN,동대문구,SEOUL-DONGDAEMUN-JEGI-YONGDU-SINSEOL,제기·용두·신설권,SEOUL-DONGDAEMUN-JEGI-YONGDU-SINSEOL-SM01,신설동역권,SEOUL-DONGDAEMUN-JEGI-YONGDU-SINSEOL-SM01-N01,제기동,anchor,C
서울특별시,DONGDAEMUN,동대문구,SEOUL-DONGDAEMUN-JEGI-YONGDU-SINSEOL,제기·용두·신설권,SEOUL-DONGDAEMUN-JEGI-YONGDU-SINSEOL-SM01,신설동역권,SEOUL-DONGDAEMUN-JEGI-YONGDU-SINSEOL-SM01-N02,용두,anchor,C
서울특별시,DONGDAEMUN,동대문구,SEOUL-DONGDAEMUN-JEGI-YONGDU-SINSEOL,제기·용두·신설권,SEOUL-DONGDAEMUN-JEGI-YONGDU-SINSEOL-SM01,신설동역권,SEOUL-DONGDAEMUN-JEGI-YONGDU-SINSEOL-SM01-N03,신설동,anchor,C
서울특별시,DONGDAEMUN,동대문구,SEOUL-DONGDAEMUN-JEGI-YONGDU-SINSEOL,제기·용두·신설권,SEOUL-DONGDAEMUN-JEGI-YONGDU-SINSEOL-SM01,신설동역권,SEOUL-DONGDAEMUN-JEGI-YONGDU-SINSEOL-SM01-N04,왕산로,street,C
서울특별시,DONGDAEMUN,동대문구,SEOUL-DONGDAEMUN-JEGI-YONGDU-SINSEOL,제기·용두·신설권,SEOUL-DONGDAEMUN-JEGI-YONGDU-SINSEOL-SM01,신설동역권,SEOUL-DONGDAEMUN-JEGI-YONGDU-SINSEOL-SM01-N05,무학로,street,C
서울특별시,DONGDAEMUN,동대문구,SEOUL-DONGDAEMUN-JEGI-YONGDU-SINSEOL,제기·용두·신설권,SEOUL-DONGDAEMUN-JEGI-YONGDU-SINSEOL-SM01,신설동역권,SEOUL-DONGDAEMUN-JEGI-YONGDU-SINSEOL-SM01-N06,경동시장,traditional_market,C
서울특별시,DONGDAEMUN,동대문구,SEOUL-DONGDAEMUN-JEGI-YONGDU-SINSEOL,제기·용두·신설권,SEOUL-DONGDAEMUN-JEGI-YONGDU-SINSEOL-SM01,신설동역권,SEOUL-DONGDAEMUN-JEGI-YONGDU-SINSEOL-SM01-N07,서울약령시장,traditional_market,C
서울특별시,DONGDAEMUN,동대문구,SEOUL-DONGDAEMUN-JEGI-YONGDU-SINSEOL,제기·용두·신설권,SEOUL-DONGDAEMUN-JEGI-YONGDU-SINSEOL-SM01,신설동역권,SEOUL-DONGDAEMUN-JEGI-YONGDU-SINSEOL-SM01-N08,신설동역,station,C
서울특별시,JUNGNANG,중랑구,SEOUL-JUNGNANG-SANGBONG,상봉권,SEOUL-JUNGNANG-SANGBONG-SM01,상봉역권,SEOUL-JUNGNANG-SANGBONG-SM01-N01,상봉,anchor,C
서울특별시,JUNGNANG,중랑구,SEOUL-JUNGNANG-SANGBONG,상봉권,SEOUL-JUNGNANG-SANGBONG-SM01,상봉역권,SEOUL-JUNGNANG-SANGBONG-SM01-N02,망우로,street,C
서울특별시,JUNGNANG,중랑구,SEOUL-JUNGNANG-SANGBONG,상봉권,SEOUL-JUNGNANG-SANGBONG-SM01,상봉역권,SEOUL-JUNGNANG-SANGBONG-SM01-N03,상봉로,street,C
서울특별시,JUNGNANG,중랑구,SEOUL-JUNGNANG-SANGBONG,상봉권,SEOUL-JUNGNANG-SANGBONG-SM01,상봉역권,SEOUL-JUNGNANG-SANGBONG-SM01-N04,상봉역,station,C
서울특별시,JUNGNANG,중랑구,SEOUL-JUNGNANG-SANGBONG,상봉권,SEOUL-JUNGNANG-SANGBONG-SM01,상봉역권,SEOUL-JUNGNANG-SANGBONG-SM01-N05,코스트코,anchor,C
서울특별시,JUNGNANG,중랑구,SEOUL-JUNGNANG-SANGBONG,상봉권,SEOUL-JUNGNANG-SANGBONG-SM02,상봉터미널 일대,,,,C
서울특별시,JUNGNANG,중랑구,SEOUL-JUNGNANG-MANGU,망우권,SEOUL-JUNGNANG-MANGU-SM01,망우역권,SEOUL-JUNGNANG-MANGU-SM01-N01,망우,anchor,C
서울특별시,JUNGNANG,중랑구,SEOUL-JUNGNANG-MANGU,망우권,SEOUL-JUNGNANG-MANGU-SM01,망우역권,SEOUL-JUNGNANG-MANGU-SM01-N02,망우로,street,C
서울특별시,JUNGNANG,중랑구,SEOUL-JUNGNANG-MANGU,망우권,SEOUL-JUNGNANG-MANGU-SM01,망우역권,SEOUL-JUNGNANG-MANGU-SM01-N03,용마산로,street,C
서울특별시,JUNGNANG,중랑구,SEOUL-JUNGNANG-MANGU,망우권,SEOUL-JUNGNANG-MANGU-SM01,망우역권,SEOUL-JUNGNANG-MANGU-SM01-N04,망우역,station,C
서울특별시,JUNGNANG,중랑구,SEOUL-JUNGNANG-MANGU,망우권,SEOUL-JUNGNANG-MANGU-SM01,망우역권,SEOUL-JUNGNANG-MANGU-SM01-N05,우림시장,traditional_market,C
서울특별시,JUNGNANG,중랑구,SEOUL-JUNGNANG-MANGU,망우권,SEOUL-JUNGNANG-MANGU-SM02,망우로 생활축,,,,C
서울특별시,JUNGNANG,중랑구,SEOUL-JUNGNANG-MYEONMOK-SAGAJEONG,면목·사가정권,SEOUL-JUNGNANG-MYEONMOK-SAGAJEONG-SM01,사가정역권,SEOUL-JUNGNANG-MYEONMOK-SAGAJEONG-SM01-N01,사가정,anchor,B
서울특별시,JUNGNANG,중랑구,SEOUL-JUNGNANG-MYEONMOK-SAGAJEONG,면목·사가정권,SEOUL-JUNGNANG-MYEONMOK-SAGAJEONG-SM01,사가정역권,SEOUL-JUNGNANG-MYEONMOK-SAGAJEONG-SM01-N02,면목,anchor,B
서울특별시,JUNGNANG,중랑구,SEOUL-JUNGNANG-MYEONMOK-SAGAJEONG,면목·사가정권,SEOUL-JUNGNANG-MYEONMOK-SAGAJEONG-SM01,사가정역권,SEOUL-JUNGNANG-MYEONMOK-SAGAJEONG-SM01-N03,사가정로,street,B
서울특별시,JUNGNANG,중랑구,SEOUL-JUNGNANG-MYEONMOK-SAGAJEONG,면목·사가정권,SEOUL-JUNGNANG-MYEONMOK-SAGAJEONG-SM01,사가정역권,SEOUL-JUNGNANG-MYEONMOK-SAGAJEONG-SM01-N04,면목로,street,B
서울특별시,JUNGNANG,중랑구,SEOUL-JUNGNANG-MYEONMOK-SAGAJEONG,면목·사가정권,SEOUL-JUNGNANG-MYEONMOK-SAGAJEONG-SM01,사가정역권,SEOUL-JUNGNANG-MYEONMOK-SAGAJEONG-SM01-N05,사가정역,station,B
서울특별시,JUNGNANG,중랑구,SEOUL-JUNGNANG-MYEONMOK-SAGAJEONG,면목·사가정권,SEOUL-JUNGNANG-MYEONMOK-SAGAJEONG-SM01,사가정역권,SEOUL-JUNGNANG-MYEONMOK-SAGAJEONG-SM01-N06,면목시장,traditional_market,B
서울특별시,JUNGNANG,중랑구,SEOUL-JUNGNANG-MYEONMOK-SAGAJEONG,면목·사가정권,SEOUL-JUNGNANG-MYEONMOK-SAGAJEONG-SM02,용마산 서측,,,,B
서울특별시,JUNGNANG,중랑구,SEOUL-JUNGNANG-SINNAE,신내권,SEOUL-JUNGNANG-SINNAE-SM01,신내역권,SEOUL-JUNGNANG-SINNAE-SM01-N01,신내,anchor,S
서울특별시,JUNGNANG,중랑구,SEOUL-JUNGNANG-SINNAE,신내권,SEOUL-JUNGNANG-SINNAE-SM01,신내역권,SEOUL-JUNGNANG-SINNAE-SM01-N02,봉화산,anchor,S
서울특별시,JUNGNANG,중랑구,SEOUL-JUNGNANG-SINNAE,신내권,SEOUL-JUNGNANG-SINNAE-SM01,신내역권,SEOUL-JUNGNANG-SINNAE-SM01-N03,신내로,street,S
서울특별시,JUNGNANG,중랑구,SEOUL-JUNGNANG-SINNAE,신내권,SEOUL-JUNGNANG-SINNAE-SM01,신내역권,SEOUL-JUNGNANG-SINNAE-SM01-N04,봉화산로,street,S
서울특별시,JUNGNANG,중랑구,SEOUL-JUNGNANG-SINNAE,신내권,SEOUL-JUNGNANG-SINNAE-SM01,신내역권,SEOUL-JUNGNANG-SINNAE-SM01-N05,신내역,station,S
서울특별시,JUNGNANG,중랑구,SEOUL-JUNGNANG-SINNAE,신내권,SEOUL-JUNGNANG-SINNAE-SM02,신내지구,,,,S
서울특별시,JUNGNANG,중랑구,SEOUL-JUNGNANG-SINNAE,신내권,SEOUL-JUNGNANG-SINNAE-SM03,봉화산역 주거권,,,,S
서울특별시,JUNGNANG,중랑구,SEOUL-JUNGNANG-JUNGHWA,중화권,SEOUL-JUNGNANG-JUNGHWA-SM01,중화역권,SEOUL-JUNGNANG-JUNGHWA-SM01-N01,중화,anchor,D
서울특별시,JUNGNANG,중랑구,SEOUL-JUNGNANG-JUNGHWA,중화권,SEOUL-JUNGNANG-JUNGHWA-SM01,중화역권,SEOUL-JUNGNANG-JUNGHWA-SM01-N02,동일로,street,D
서울특별시,JUNGNANG,중랑구,SEOUL-JUNGNANG-JUNGHWA,중화권,SEOUL-JUNGNANG-JUNGHWA-SM01,중화역권,SEOUL-JUNGNANG-JUNGHWA-SM01-N04,중화역,station,D
서울특별시,JUNGNANG,중랑구,SEOUL-JUNGNANG-JUNGHWA,중화권,SEOUL-JUNGNANG-JUNGHWA-SM02,중랑천,SEOUL-JUNGNANG-JUNGHWA-SM02-N03,중랑천로,street,D
서울특별시,JUNGNANG,중랑구,SEOUL-JUNGNANG-JUNGHWA,중화권,SEOUL-JUNGNANG-JUNGHWA-SM03,태릉시장 생활권,,,,D
서울특별시,SEONGBUK,성북구,SEOUL-SEONGBUK-SUNGSHIN,성신여대권,SEOUL-SEONGBUK-SUNGSHIN-SM01,성신여대입구역권,SEOUL-SEONGBUK-SUNGSHIN-SM01-N01,성신여대입구,anchor,A
서울특별시,SEONGBUK,성북구,SEOUL-SEONGBUK-SUNGSHIN,성신여대권,SEOUL-SEONGBUK-SUNGSHIN-SM01,성신여대입구역권,SEOUL-SEONGBUK-SUNGSHIN-SM01-N02,동소문로,street,A
서울특별시,SEONGBUK,성북구,SEOUL-SEONGBUK-SUNGSHIN,성신여대권,SEOUL-SEONGBUK-SUNGSHIN-SM01,성신여대입구역권,SEOUL-SEONGBUK-SUNGSHIN-SM01-N03,보문로,street,A
서울특별시,SEONGBUK,성북구,SEOUL-SEONGBUK-SUNGSHIN,성신여대권,SEOUL-SEONGBUK-SUNGSHIN-SM01,성신여대입구역권,SEOUL-SEONGBUK-SUNGSHIN-SM01-N04,성신여대입구역,station,A
서울특별시,SEONGBUK,성북구,SEOUL-SEONGBUK-SUNGSHIN,성신여대권,SEOUL-SEONGBUK-SUNGSHIN-SM01,성신여대입구역권,SEOUL-SEONGBUK-SUNGSHIN-SM01-N05,돈암시장,traditional_market,A
서울특별시,SEONGBUK,성북구,SEOUL-SEONGBUK-SUNGSHIN,성신여대권,SEOUL-SEONGBUK-SUNGSHIN-SM02,성신여대 로데오,,,,A
서울특별시,SEONGBUK,성북구,SEOUL-SEONGBUK-ANAM-KOREAUNIV,안암·고대권,SEOUL-SEONGBUK-ANAM-KOREAUNIV-SM01,안암역권,SEOUL-SEONGBUK-ANAM-KOREAUNIV-SM01-N01,안암,anchor,A
서울특별시,SEONGBUK,성북구,SEOUL-SEONGBUK-ANAM-KOREAUNIV,안암·고대권,SEOUL-SEONGBUK-ANAM-KOREAUNIV-SM01,안암역권,SEOUL-SEONGBUK-ANAM-KOREAUNIV-SM01-N02,고려대,anchor,A
서울특별시,SEONGBUK,성북구,SEOUL-SEONGBUK-ANAM-KOREAUNIV,안암·고대권,SEOUL-SEONGBUK-ANAM-KOREAUNIV-SM01,안암역권,SEOUL-SEONGBUK-ANAM-KOREAUNIV-SM01-N03,안암로,street,A
서울특별시,SEONGBUK,성북구,SEOUL-SEONGBUK-ANAM-KOREAUNIV,안암·고대권,SEOUL-SEONGBUK-ANAM-KOREAUNIV-SM01,안암역권,SEOUL-SEONGBUK-ANAM-KOREAUNIV-SM01-N04,개운사길,street,A
서울특별시,SEONGBUK,성북구,SEOUL-SEONGBUK-ANAM-KOREAUNIV,안암·고대권,SEOUL-SEONGBUK-ANAM-KOREAUNIV-SM01,안암역권,SEOUL-SEONGBUK-ANAM-KOREAUNIV-SM01-N05,고려대 정문,university,A
서울특별시,SEONGBUK,성북구,SEOUL-SEONGBUK-ANAM-KOREAUNIV,안암·고대권,SEOUL-SEONGBUK-ANAM-KOREAUNIV-SM01,안암역권,SEOUL-SEONGBUK-ANAM-KOREAUNIV-SM01-N06,안암역,station,A
서울특별시,SEONGBUK,성북구,SEOUL-SEONGBUK-ANAM-KOREAUNIV,안암·고대권,SEOUL-SEONGBUK-ANAM-KOREAUNIV-SM01,안암역권,SEOUL-SEONGBUK-ANAM-KOREAUNIV-SM01-N07,고대병원,university,A
서울특별시,SEONGBUK,성북구,SEOUL-SEONGBUK-GIREUM,길음권,SEOUL-SEONGBUK-GIREUM-SM01,길음역권,SEOUL-SEONGBUK-GIREUM-SM01-N01,길음,street,S
서울특별시,SEONGBUK,성북구,SEOUL-SEONGBUK-GIREUM,길음권,SEOUL-SEONGBUK-GIREUM-SM01,길음역권,SEOUL-SEONGBUK-GIREUM-SM01-N02,동소문로,street,S
서울특별시,SEONGBUK,성북구,SEOUL-SEONGBUK-GIREUM,길음권,SEOUL-SEONGBUK-GIREUM-SM01,길음역권,SEOUL-SEONGBUK-GIREUM-SM01-N03,삼양로,street,S
서울특별시,SEONGBUK,성북구,SEOUL-SEONGBUK-GIREUM,길음권,SEOUL-SEONGBUK-GIREUM-SM01,길음역권,SEOUL-SEONGBUK-GIREUM-SM01-N04,길음역,station,S
서울특별시,SEONGBUK,성북구,SEOUL-SEONGBUK-GIREUM,길음권,SEOUL-SEONGBUK-GIREUM-SM02,길음뉴타운,,,,S
서울특별시,SEONGBUK,성북구,SEOUL-SEONGBUK-GIREUM,길음권,SEOUL-SEONGBUK-GIREUM-SM03,미아사거리 남측,,,,S
서울특별시,SEONGBUK,성북구,SEOUL-SEONGBUK-HANSUNG-SEONGBUK,한성대·성북동권,SEOUL-SEONGBUK-HANSUNG-SEONGBUK-SM01,한성대입구역권,SEOUL-SEONGBUK-HANSUNG-SEONGBUK-SM01-N01,한성대입구,anchor,B
서울특별시,SEONGBUK,성북구,SEOUL-SEONGBUK-HANSUNG-SEONGBUK,한성대·성북동권,SEOUL-SEONGBUK-HANSUNG-SEONGBUK-SM01,한성대입구역권,SEOUL-SEONGBUK-HANSUNG-SEONGBUK-SM01-N02,성북로,street,B
서울특별시,SEONGBUK,성북구,SEOUL-SEONGBUK-HANSUNG-SEONGBUK,한성대·성북동권,SEOUL-SEONGBUK-HANSUNG-SEONGBUK-SM01,한성대입구역권,SEOUL-SEONGBUK-HANSUNG-SEONGBUK-SM01-N03,동소문로,street,B
서울특별시,SEONGBUK,성북구,SEOUL-SEONGBUK-HANSUNG-SEONGBUK,한성대·성북동권,SEOUL-SEONGBUK-HANSUNG-SEONGBUK-SM01,한성대입구역권,SEOUL-SEONGBUK-HANSUNG-SEONGBUK-SM01-N04,한성대입구역,station,B
서울특별시,SEONGBUK,성북구,SEOUL-SEONGBUK-HANSUNG-SEONGBUK,한성대·성북동권,SEOUL-SEONGBUK-HANSUNG-SEONGBUK-SM02,성북동길,,,,B
서울특별시,SEONGBUK,성북구,SEOUL-SEONGBUK-HANSUNG-SEONGBUK,한성대·성북동권,SEOUL-SEONGBUK-HANSUNG-SEONGBUK-SM03,성곽길,,,,B
서울특별시,SEONGBUK,성북구,SEOUL-SEONGBUK-SEOKGYE-JANGWI,석계·장위권,SEOUL-SEONGBUK-SEOKGYE-JANGWI-SM01,석계역권,SEOUL-SEONGBUK-SEOKGYE-JANGWI-SM01-N01,석계,anchor,A
서울특별시,SEONGBUK,성북구,SEOUL-SEONGBUK-SEOKGYE-JANGWI,석계·장위권,SEOUL-SEONGBUK-SEOKGYE-JANGWI-SM01,석계역권,SEOUL-SEONGBUK-SEOKGYE-JANGWI-SM01-N03,화랑로,street,A
서울특별시,SEONGBUK,성북구,SEOUL-SEONGBUK-SEOKGYE-JANGWI,석계·장위권,SEOUL-SEONGBUK-SEOKGYE-JANGWI-SM01,석계역권,SEOUL-SEONGBUK-SEOKGYE-JANGWI-SM01-N04,한천로,street,A
서울특별시,SEONGBUK,성북구,SEOUL-SEONGBUK-SEOKGYE-JANGWI,석계·장위권,SEOUL-SEONGBUK-SEOKGYE-JANGWI-SM01,석계역권,SEOUL-SEONGBUK-SEOKGYE-JANGWI-SM01-N05,석계역,station,A
서울특별시,SEONGBUK,성북구,SEOUL-SEONGBUK-SEOKGYE-JANGWI,석계·장위권,SEOUL-SEONGBUK-SEOKGYE-JANGWI-SM02,장위뉴타운,,,,A
서울특별시,SEONGBUK,성북구,SEOUL-SEONGBUK-SEOKGYE-JANGWI,석계·장위권,SEOUL-SEONGBUK-SEOKGYE-JANGWI-SM03,돌곶이역권,SEOUL-SEONGBUK-SEOKGYE-JANGWI-SM03-N02,돌곶이,anchor,A
서울특별시,SEONGBUK,성북구,SEOUL-SEONGBUK-SEOKGYE-JANGWI,석계·장위권,SEOUL-SEONGBUK-SEOKGYE-JANGWI-SM03,돌곶이역권,SEOUL-SEONGBUK-SEOKGYE-JANGWI-SM03-N06,돌곶이역,station,A
서울특별시,SEONGBUK,성북구,SEOUL-SEONGBUK-JEONGNEUNG,정릉권,SEOUL-SEONGBUK-JEONGNEUNG-SM01,국민대,SEOUL-SEONGBUK-JEONGNEUNG-SM01-N01,정릉,anchor,C
서울특별시,SEONGBUK,성북구,SEOUL-SEONGBUK-JEONGNEUNG,정릉권,SEOUL-SEONGBUK-JEONGNEUNG-SM01,국민대,SEOUL-SEONGBUK-JEONGNEUNG-SM01-N02,정릉로,street,C
서울특별시,SEONGBUK,성북구,SEOUL-SEONGBUK-JEONGNEUNG,정릉권,SEOUL-SEONGBUK-JEONGNEUNG-SM01,국민대,SEOUL-SEONGBUK-JEONGNEUNG-SM01-N03,보국문로,street,C
서울특별시,SEONGBUK,성북구,SEOUL-SEONGBUK-JEONGNEUNG,정릉권,SEOUL-SEONGBUK-JEONGNEUNG-SM01,국민대,SEOUL-SEONGBUK-JEONGNEUNG-SM01-N04,정릉시장,traditional_market,C
서울특별시,SEONGBUK,성북구,SEOUL-SEONGBUK-JEONGNEUNG,정릉권,SEOUL-SEONGBUK-JEONGNEUNG-SM02,북한산 입구,,,,C
서울특별시,GANGBUK,강북구,SEOUL-GANGBUK-SUYU,수유권,SEOUL-GANGBUK-SUYU-SM01,수유역권,SEOUL-GANGBUK-SUYU-SM01-N01,수유,anchor,B
서울특별시,GANGBUK,강북구,SEOUL-GANGBUK-SUYU,수유권,SEOUL-GANGBUK-SUYU-SM01,수유역권,SEOUL-GANGBUK-SUYU-SM01-N02,도봉로,street,B
서울특별시,GANGBUK,강북구,SEOUL-GANGBUK-SUYU,수유권,SEOUL-GANGBUK-SUYU-SM01,수유역권,SEOUL-GANGBUK-SUYU-SM01-N03,노해로,street,B
서울특별시,GANGBUK,강북구,SEOUL-GANGBUK-SUYU,수유권,SEOUL-GANGBUK-SUYU-SM01,수유역권,SEOUL-GANGBUK-SUYU-SM01-N04,수유역,station,B
서울특별시,GANGBUK,강북구,SEOUL-GANGBUK-SUYU,수유권,SEOUL-GANGBUK-SUYU-SM02,수유 먹자골목,,,,B
서울특별시,GANGBUK,강북구,SEOUL-GANGBUK-SUYU,수유권,SEOUL-GANGBUK-SUYU-SM03,강북구청,,,,B
서울특별시,GANGBUK,강북구,SEOUL-GANGBUK-MIASAGEORI,미아사거리권,SEOUL-GANGBUK-MIASAGEORI-SM01,미아사거리역권,SEOUL-GANGBUK-MIASAGEORI-SM01-N01,미아사거리,intersection,A
서울특별시,GANGBUK,강북구,SEOUL-GANGBUK-MIASAGEORI,미아사거리권,SEOUL-GANGBUK-MIASAGEORI-SM01,미아사거리역권,SEOUL-GANGBUK-MIASAGEORI-SM01-N02,도봉로,street,A
서울특별시,GANGBUK,강북구,SEOUL-GANGBUK-MIASAGEORI,미아사거리권,SEOUL-GANGBUK-MIASAGEORI-SM01,미아사거리역권,SEOUL-GANGBUK-MIASAGEORI-SM01-N03,월계로,street,A
서울특별시,GANGBUK,강북구,SEOUL-GANGBUK-MIASAGEORI,미아사거리권,SEOUL-GANGBUK-MIASAGEORI-SM01,미아사거리역권,SEOUL-GANGBUK-MIASAGEORI-SM01-N04,미아사거리역,station,A
서울특별시,GANGBUK,강북구,SEOUL-GANGBUK-MIASAGEORI,미아사거리권,SEOUL-GANGBUK-MIASAGEORI-SM01,미아사거리역권,SEOUL-GANGBUK-MIASAGEORI-SM01-N05,롯데백화점,shopping,A
서울특별시,GANGBUK,강북구,SEOUL-GANGBUK-MIASAGEORI,미아사거리권,SEOUL-GANGBUK-MIASAGEORI-SM02,도봉로 교차축,,,,A
서울특별시,GANGBUK,강북구,SEOUL-GANGBUK-MIA-BEON,미아·번동권,SEOUL-GANGBUK-MIA-BEON-SM01,미아역권,SEOUL-GANGBUK-MIA-BEON-SM01-N01,미아,anchor,C
서울특별시,GANGBUK,강북구,SEOUL-GANGBUK-MIA-BEON,미아·번동권,SEOUL-GANGBUK-MIA-BEON-SM01,미아역권,SEOUL-GANGBUK-MIA-BEON-SM01-N02,도봉로,street,C
서울특별시,GANGBUK,강북구,SEOUL-GANGBUK-MIA-BEON,미아·번동권,SEOUL-GANGBUK-MIA-BEON-SM01,미아역권,SEOUL-GANGBUK-MIA-BEON-SM01-N03,오현로,street,C
서울특별시,GANGBUK,강북구,SEOUL-GANGBUK-MIA-BEON,미아·번동권,SEOUL-GANGBUK-MIA-BEON-SM01,미아역권,SEOUL-GANGBUK-MIA-BEON-SM01-N04,미아역,station,C
서울특별시,GANGBUK,강북구,SEOUL-GANGBUK-MIA-BEON,미아·번동권,SEOUL-GANGBUK-MIA-BEON-SM02,번동사거리,,,,C
서울특별시,GANGBUK,강북구,SEOUL-GANGBUK-MIA-BEON,미아·번동권,SEOUL-GANGBUK-MIA-BEON-SM03,북서울꿈의숲 서측,,,,C
서울특별시,GANGBUK,강북구,SEOUL-GANGBUK-UI-BUKHANSAN,우이·북한산권,SEOUL-GANGBUK-UI-BUKHANSAN-SM01,북한산우이역권,SEOUL-GANGBUK-UI-BUKHANSAN-SM01-N01,북한산우이,anchor,S
서울특별시,GANGBUK,강북구,SEOUL-GANGBUK-UI-BUKHANSAN,우이·북한산권,SEOUL-GANGBUK-UI-BUKHANSAN-SM01,북한산우이역권,SEOUL-GANGBUK-UI-BUKHANSAN-SM01-N02,솔밭공원,park_water_access,S
서울특별시,GANGBUK,강북구,SEOUL-GANGBUK-UI-BUKHANSAN,우이·북한산권,SEOUL-GANGBUK-UI-BUKHANSAN-SM01,북한산우이역권,SEOUL-GANGBUK-UI-BUKHANSAN-SM01-N03,삼양로,street,S
서울특별시,GANGBUK,강북구,SEOUL-GANGBUK-UI-BUKHANSAN,우이·북한산권,SEOUL-GANGBUK-UI-BUKHANSAN-SM01,북한산우이역권,SEOUL-GANGBUK-UI-BUKHANSAN-SM01-N04,우이동길,street,S
서울특별시,GANGBUK,강북구,SEOUL-GANGBUK-UI-BUKHANSAN,우이·북한산권,SEOUL-GANGBUK-UI-BUKHANSAN-SM01,북한산우이역권,SEOUL-GANGBUK-UI-BUKHANSAN-SM01-N05,북한산우이역,station,S
서울특별시,GANGBUK,강북구,SEOUL-GANGBUK-UI-BUKHANSAN,우이·북한산권,SEOUL-GANGBUK-UI-BUKHANSAN-SM02,우이동 계곡,,,,S
서울특별시,DOBONG,도봉구,SEOUL-DOBONG-CHANGDONG,창동권,SEOUL-DOBONG-CHANGDONG-SM01,창동역권,SEOUL-DOBONG-CHANGDONG-SM01-N01,창동,anchor,S
서울특별시,DOBONG,도봉구,SEOUL-DOBONG-CHANGDONG,창동권,SEOUL-DOBONG-CHANGDONG-SM01,창동역권,SEOUL-DOBONG-CHANGDONG-SM01-N02,도봉로,street,S
서울특별시,DOBONG,도봉구,SEOUL-DOBONG-CHANGDONG,창동권,SEOUL-DOBONG-CHANGDONG-SM01,창동역권,SEOUL-DOBONG-CHANGDONG-SM01-N03,노해로,street,S
서울특별시,DOBONG,도봉구,SEOUL-DOBONG-CHANGDONG,창동권,SEOUL-DOBONG-CHANGDONG-SM01,창동역권,SEOUL-DOBONG-CHANGDONG-SM01-N04,창동역,station,S
서울특별시,DOBONG,도봉구,SEOUL-DOBONG-CHANGDONG,창동권,SEOUL-DOBONG-CHANGDONG-SM02,창동민자역사 예정권,,,,S
서울특별시,DOBONG,도봉구,SEOUL-DOBONG-CHANGDONG,창동권,SEOUL-DOBONG-CHANGDONG-SM03,하나로마트축,,,,S
서울특별시,DOBONG,도봉구,SEOUL-DOBONG-SSANGMUN,쌍문권,SEOUL-DOBONG-SSANGMUN-SM01,쌍문역권,SEOUL-DOBONG-SSANGMUN-SM01-N01,쌍문,anchor,B
서울특별시,DOBONG,도봉구,SEOUL-DOBONG-SSANGMUN,쌍문권,SEOUL-DOBONG-SSANGMUN-SM01,쌍문역권,SEOUL-DOBONG-SSANGMUN-SM01-N02,도봉로,street,B
서울특별시,DOBONG,도봉구,SEOUL-DOBONG-SSANGMUN,쌍문권,SEOUL-DOBONG-SSANGMUN-SM01,쌍문역권,SEOUL-DOBONG-SSANGMUN-SM01-N03,노해로,street,B
서울특별시,DOBONG,도봉구,SEOUL-DOBONG-SSANGMUN,쌍문권,SEOUL-DOBONG-SSANGMUN-SM01,쌍문역권,SEOUL-DOBONG-SSANGMUN-SM01-N04,쌍문역,station,B
서울특별시,DOBONG,도봉구,SEOUL-DOBONG-SSANGMUN,쌍문권,SEOUL-DOBONG-SSANGMUN-SM02,쌍리단길,,,,B
서울특별시,DOBONG,도봉구,SEOUL-DOBONG-SSANGMUN,쌍문권,SEOUL-DOBONG-SSANGMUN-SM03,도봉보건소 남측,,,,B
서울특별시,DOBONG,도봉구,SEOUL-DOBONG-BANGHAK,방학권,SEOUL-DOBONG-BANGHAK-SM01,방학역권,SEOUL-DOBONG-BANGHAK-SM01-N01,방학,anchor,C
서울특별시,DOBONG,도봉구,SEOUL-DOBONG-BANGHAK,방학권,SEOUL-DOBONG-BANGHAK-SM01,방학역권,SEOUL-DOBONG-BANGHAK-SM01-N02,도봉로,street,C
서울특별시,DOBONG,도봉구,SEOUL-DOBONG-BANGHAK,방학권,SEOUL-DOBONG-BANGHAK-SM01,방학역권,SEOUL-DOBONG-BANGHAK-SM01-N03,방학로,street,C
서울특별시,DOBONG,도봉구,SEOUL-DOBONG-BANGHAK,방학권,SEOUL-DOBONG-BANGHAK-SM01,방학역권,SEOUL-DOBONG-BANGHAK-SM01-N04,방학역,station,C
서울특별시,DOBONG,도봉구,SEOUL-DOBONG-BANGHAK,방학권,SEOUL-DOBONG-BANGHAK-SM01,방학역권,SEOUL-DOBONG-BANGHAK-SM01-N05,도깨비시장,traditional_market,C
서울특별시,DOBONG,도봉구,SEOUL-DOBONG-BANGHAK,방학권,SEOUL-DOBONG-BANGHAK-SM02,도봉구청,,,,C
서울특별시,DOBONG,도봉구,SEOUL-DOBONG-DOBONGSAN,도봉산권,SEOUL-DOBONG-DOBONGSAN-SM01,도봉산역권,SEOUL-DOBONG-DOBONGSAN-SM01-N01,도봉산,anchor,C
서울특별시,DOBONG,도봉구,SEOUL-DOBONG-DOBONGSAN,도봉산권,SEOUL-DOBONG-DOBONGSAN-SM01,도봉산역권,SEOUL-DOBONG-DOBONGSAN-SM01-N02,도봉산길,street,C
서울특별시,DOBONG,도봉구,SEOUL-DOBONG-DOBONGSAN,도봉산권,SEOUL-DOBONG-DOBONGSAN-SM01,도봉산역권,SEOUL-DOBONG-DOBONGSAN-SM01-N03,도봉로,street,C
서울특별시,DOBONG,도봉구,SEOUL-DOBONG-DOBONGSAN,도봉산권,SEOUL-DOBONG-DOBONGSAN-SM01,도봉산역권,SEOUL-DOBONG-DOBONGSAN-SM01-N04,도봉산역,station,C
서울특별시,DOBONG,도봉구,SEOUL-DOBONG-DOBONGSAN,도봉산권,SEOUL-DOBONG-DOBONGSAN-SM02,도봉산 등산로 입구,,,,C
서울특별시,NOWON,노원구,SEOUL-NOWON-NOWONSTN,노원역권,SEOUL-NOWON-NOWONSTN-SM01,노원역권,SEOUL-NOWON-NOWONSTN-SM01-N01,노원,anchor,A
서울특별시,NOWON,노원구,SEOUL-NOWON-NOWONSTN,노원역권,SEOUL-NOWON-NOWONSTN-SM01,노원역권,SEOUL-NOWON-NOWONSTN-SM01-N02,동일로,street,A
서울특별시,NOWON,노원구,SEOUL-NOWON-NOWONSTN,노원역권,SEOUL-NOWON-NOWONSTN-SM01,노원역권,SEOUL-NOWON-NOWONSTN-SM01-N03,노해로,street,A
서울특별시,NOWON,노원구,SEOUL-NOWON-NOWONSTN,노원역권,SEOUL-NOWON-NOWONSTN-SM01,노원역권,SEOUL-NOWON-NOWONSTN-SM01-N04,노원역,station,A
서울특별시,NOWON,노원구,SEOUL-NOWON-NOWONSTN,노원역권,SEOUL-NOWON-NOWONSTN-SM01,노원역권,SEOUL-NOWON-NOWONSTN-SM01-N05,롯데백화점,shopping,A
서울특별시,NOWON,노원구,SEOUL-NOWON-NOWONSTN,노원역권,SEOUL-NOWON-NOWONSTN-SM02,문화의거리,,,,A
서울특별시,NOWON,노원구,SEOUL-NOWON-GONGNEUNG,공릉권,SEOUL-NOWON-GONGNEUNG-SM01,공릉역권,SEOUL-NOWON-GONGNEUNG-SM01-N01,공릉,anchor,B
서울특별시,NOWON,노원구,SEOUL-NOWON-GONGNEUNG,공릉권,SEOUL-NOWON-GONGNEUNG-SM01,공릉역권,SEOUL-NOWON-GONGNEUNG-SM01-N02,동일로,street,B
서울특별시,NOWON,노원구,SEOUL-NOWON-GONGNEUNG,공릉권,SEOUL-NOWON-GONGNEUNG-SM01,공릉역권,SEOUL-NOWON-GONGNEUNG-SM01-N03,공릉로,street,B
서울특별시,NOWON,노원구,SEOUL-NOWON-GONGNEUNG,공릉권,SEOUL-NOWON-GONGNEUNG-SM01,공릉역권,SEOUL-NOWON-GONGNEUNG-SM01-N04,공릉역,station,B
서울특별시,NOWON,노원구,SEOUL-NOWON-GONGNEUNG,공릉권,SEOUL-NOWON-GONGNEUNG-SM02,공리단길,,,,B
서울특별시,NOWON,노원구,SEOUL-NOWON-GONGNEUNG,공릉권,SEOUL-NOWON-GONGNEUNG-SM03,서울과기대,,,,B
서울특별시,NOWON,노원구,SEOUL-NOWON-JUNGGYE-ACADEMY,중계은행사거리권,SEOUL-NOWON-JUNGGYE-ACADEMY-SM01,은행사거리 학원가,SEOUL-NOWON-JUNGGYE-ACADEMY-SM01-N01,중계,anchor,S
서울특별시,NOWON,노원구,SEOUL-NOWON-JUNGGYE-ACADEMY,중계은행사거리권,SEOUL-NOWON-JUNGGYE-ACADEMY-SM01,은행사거리 학원가,SEOUL-NOWON-JUNGGYE-ACADEMY-SM01-N02,한글비석로,street,S
서울특별시,NOWON,노원구,SEOUL-NOWON-JUNGGYE-ACADEMY,중계은행사거리권,SEOUL-NOWON-JUNGGYE-ACADEMY-SM01,은행사거리 학원가,SEOUL-NOWON-JUNGGYE-ACADEMY-SM01-N03,덕릉로,street,S
서울특별시,NOWON,노원구,SEOUL-NOWON-JUNGGYE-ACADEMY,중계은행사거리권,SEOUL-NOWON-JUNGGYE-ACADEMY-SM02,중계동 아파트단지,,,,S
서울특별시,NOWON,노원구,SEOUL-NOWON-TAEREUNG,태릉입구권,SEOUL-NOWON-TAEREUNG-SM01,태릉입구역권,SEOUL-NOWON-TAEREUNG-SM01-N01,태릉입구,anchor,C
서울특별시,NOWON,노원구,SEOUL-NOWON-TAEREUNG,태릉입구권,SEOUL-NOWON-TAEREUNG-SM01,태릉입구역권,SEOUL-NOWON-TAEREUNG-SM01-N03,동일로,street,C
서울특별시,NOWON,노원구,SEOUL-NOWON-TAEREUNG,태릉입구권,SEOUL-NOWON-TAEREUNG-SM01,태릉입구역권,SEOUL-NOWON-TAEREUNG-SM01-N04,화랑로,street,C
서울특별시,NOWON,노원구,SEOUL-NOWON-TAEREUNG,태릉입구권,SEOUL-NOWON-TAEREUNG-SM01,태릉입구역권,SEOUL-NOWON-TAEREUNG-SM01-N05,태릉입구역,station,C
서울특별시,NOWON,노원구,SEOUL-NOWON-TAEREUNG,태릉입구권,SEOUL-NOWON-TAEREUNG-SM02,먹골역권,SEOUL-NOWON-TAEREUNG-SM02-N02,먹골,anchor,C
서울특별시,NOWON,노원구,SEOUL-NOWON-TAEREUNG,태릉입구권,SEOUL-NOWON-TAEREUNG-SM02,먹골역권,SEOUL-NOWON-TAEREUNG-SM02-N06,먹골역,station,C
서울특별시,NOWON,노원구,SEOUL-NOWON-TAEREUNG,태릉입구권,SEOUL-NOWON-TAEREUNG-SM03,묵동 생활축,,,,C
서울특별시,NOWON,노원구,SEOUL-NOWON-SANGGYE,상계권,SEOUL-NOWON-SANGGYE-SM01,상계역권,SEOUL-NOWON-SANGGYE-SM01-N01,상계,anchor,C
서울특별시,NOWON,노원구,SEOUL-NOWON-SANGGYE,상계권,SEOUL-NOWON-SANGGYE-SM01,상계역권,SEOUL-NOWON-SANGGYE-SM01-N02,한글비석로,street,C
서울특별시,NOWON,노원구,SEOUL-NOWON-SANGGYE,상계권,SEOUL-NOWON-SANGGYE-SM01,상계역권,SEOUL-NOWON-SANGGYE-SM01-N03,덕릉로,street,C
서울특별시,NOWON,노원구,SEOUL-NOWON-SANGGYE,상계권,SEOUL-NOWON-SANGGYE-SM01,상계역권,SEOUL-NOWON-SANGGYE-SM01-N04,상계역,station,C
서울특별시,NOWON,노원구,SEOUL-NOWON-SANGGYE,상계권,SEOUL-NOWON-SANGGYE-SM01,상계역권,SEOUL-NOWON-SANGGYE-SM01-N05,상계중앙시장,traditional_market,C
서울특별시,NOWON,노원구,SEOUL-NOWON-SANGGYE,상계권,SEOUL-NOWON-SANGGYE-SM02,수락산 남측,,,,C
서울특별시,NOWON,노원구,SEOUL-NOWON-WOLGYE-KWANGWOON,월계·광운대권,SEOUL-NOWON-WOLGYE-KWANGWOON-SM01,광운대역권,SEOUL-NOWON-WOLGYE-KWANGWOON-SM01-N01,광운대,anchor,A
서울특별시,NOWON,노원구,SEOUL-NOWON-WOLGYE-KWANGWOON,월계·광운대권,SEOUL-NOWON-WOLGYE-KWANGWOON-SM01,광운대역권,SEOUL-NOWON-WOLGYE-KWANGWOON-SM01-N02,월계,anchor,A
서울특별시,NOWON,노원구,SEOUL-NOWON-WOLGYE-KWANGWOON,월계·광운대권,SEOUL-NOWON-WOLGYE-KWANGWOON-SM01,광운대역권,SEOUL-NOWON-WOLGYE-KWANGWOON-SM01-N03,광운로,street,A
서울특별시,NOWON,노원구,SEOUL-NOWON-WOLGYE-KWANGWOON,월계·광운대권,SEOUL-NOWON-WOLGYE-KWANGWOON-SM01,광운대역권,SEOUL-NOWON-WOLGYE-KWANGWOON-SM01-N04,석계로,street,A
서울특별시,NOWON,노원구,SEOUL-NOWON-WOLGYE-KWANGWOON,월계·광운대권,SEOUL-NOWON-WOLGYE-KWANGWOON-SM01,광운대역권,SEOUL-NOWON-WOLGYE-KWANGWOON-SM01-N05,광운대역,station,A
서울특별시,NOWON,노원구,SEOUL-NOWON-WOLGYE-KWANGWOON,월계·광운대권,SEOUL-NOWON-WOLGYE-KWANGWOON-SM02,월계동 아파트,,,,A
서울특별시,NOWON,노원구,SEOUL-NOWON-WOLGYE-KWANGWOON,월계·광운대권,SEOUL-NOWON-WOLGYE-KWANGWOON-SM03,석계역 북측,,,,A
서울특별시,EUNPYEONG,은평구,SEOUL-EUNPYEONG-YEONSINNAE,연신내권,SEOUL-EUNPYEONG-YEONSINNAE-SM01,연신내역권,SEOUL-EUNPYEONG-YEONSINNAE-SM01-N01,연신내,anchor,A
서울특별시,EUNPYEONG,은평구,SEOUL-EUNPYEONG-YEONSINNAE,연신내권,SEOUL-EUNPYEONG-YEONSINNAE-SM01,연신내역권,SEOUL-EUNPYEONG-YEONSINNAE-SM01-N02,통일로,street,A
서울특별시,EUNPYEONG,은평구,SEOUL-EUNPYEONG-YEONSINNAE,연신내권,SEOUL-EUNPYEONG-YEONSINNAE-SM01,연신내역권,SEOUL-EUNPYEONG-YEONSINNAE-SM01-N03,연서로,street,A
서울특별시,EUNPYEONG,은평구,SEOUL-EUNPYEONG-YEONSINNAE,연신내권,SEOUL-EUNPYEONG-YEONSINNAE-SM01,연신내역권,SEOUL-EUNPYEONG-YEONSINNAE-SM01-N04,연신내역,station,A
서울특별시,EUNPYEONG,은평구,SEOUL-EUNPYEONG-YEONSINNAE,연신내권,SEOUL-EUNPYEONG-YEONSINNAE-SM01,연신내역권,SEOUL-EUNPYEONG-YEONSINNAE-SM01-N05,연서시장,traditional_market,A
서울특별시,EUNPYEONG,은평구,SEOUL-EUNPYEONG-YEONSINNAE,연신내권,SEOUL-EUNPYEONG-YEONSINNAE-SM02,로데오거리,,,,A
서울특별시,EUNPYEONG,은평구,SEOUL-EUNPYEONG-BULGWANG,불광권,SEOUL-EUNPYEONG-BULGWANG-SM01,불광역권,SEOUL-EUNPYEONG-BULGWANG-SM01-N01,불광,anchor,B
서울특별시,EUNPYEONG,은평구,SEOUL-EUNPYEONG-BULGWANG,불광권,SEOUL-EUNPYEONG-BULGWANG-SM01,불광역권,SEOUL-EUNPYEONG-BULGWANG-SM01-N02,통일로,street,B
서울특별시,EUNPYEONG,은평구,SEOUL-EUNPYEONG-BULGWANG,불광권,SEOUL-EUNPYEONG-BULGWANG-SM01,불광역권,SEOUL-EUNPYEONG-BULGWANG-SM01-N03,불광로,street,B
서울특별시,EUNPYEONG,은평구,SEOUL-EUNPYEONG-BULGWANG,불광권,SEOUL-EUNPYEONG-BULGWANG-SM01,불광역권,SEOUL-EUNPYEONG-BULGWANG-SM01-N04,불광역,station,B
서울특별시,EUNPYEONG,은평구,SEOUL-EUNPYEONG-BULGWANG,불광권,SEOUL-EUNPYEONG-BULGWANG-SM01,불광역권,SEOUL-EUNPYEONG-BULGWANG-SM01-N05,NC백화점,shopping,B
서울특별시,EUNPYEONG,은평구,SEOUL-EUNPYEONG-BULGWANG,불광권,SEOUL-EUNPYEONG-BULGWANG-SM02,불광천 북측,,,,B
서울특별시,EUNPYEONG,은평구,SEOUL-EUNPYEONG-EUNGAM-SAEJEOL,응암·새절권,SEOUL-EUNPYEONG-EUNGAM-SAEJEOL-SM01,응암오거리,SEOUL-EUNPYEONG-EUNGAM-SAEJEOL-SM01-N02,응암,anchor,C
서울특별시,EUNPYEONG,은평구,SEOUL-EUNPYEONG-EUNGAM-SAEJEOL,응암·새절권,SEOUL-EUNPYEONG-EUNGAM-SAEJEOL-SM01,응암오거리,SEOUL-EUNPYEONG-EUNGAM-SAEJEOL-SM01-N03,증산로,street,C
서울특별시,EUNPYEONG,은평구,SEOUL-EUNPYEONG-EUNGAM-SAEJEOL,응암·새절권,SEOUL-EUNPYEONG-EUNGAM-SAEJEOL-SM01,응암오거리,SEOUL-EUNPYEONG-EUNGAM-SAEJEOL-SM01-N04,응암로,street,C
서울특별시,EUNPYEONG,은평구,SEOUL-EUNPYEONG-EUNGAM-SAEJEOL,응암·새절권,SEOUL-EUNPYEONG-EUNGAM-SAEJEOL-SM02,새절역권,SEOUL-EUNPYEONG-EUNGAM-SAEJEOL-SM02-N01,새절,anchor,C
서울특별시,EUNPYEONG,은평구,SEOUL-EUNPYEONG-EUNGAM-SAEJEOL,응암·새절권,SEOUL-EUNPYEONG-EUNGAM-SAEJEOL-SM02,새절역권,SEOUL-EUNPYEONG-EUNGAM-SAEJEOL-SM02-N05,새절역,station,C
서울특별시,EUNPYEONG,은평구,SEOUL-EUNPYEONG-EUNGAM-SAEJEOL,응암·새절권,SEOUL-EUNPYEONG-EUNGAM-SAEJEOL-SM03,불광천 카페축,,,,C
서울특별시,EUNPYEONG,은평구,SEOUL-EUNPYEONG-GUPABAL-NEWTOWN,구파발·은평뉴타운권,SEOUL-EUNPYEONG-GUPABAL-NEWTOWN-SM01,구파발역권,SEOUL-EUNPYEONG-GUPABAL-NEWTOWN-SM01-N01,구파발,anchor,S
서울특별시,EUNPYEONG,은평구,SEOUL-EUNPYEONG-GUPABAL-NEWTOWN,구파발·은평뉴타운권,SEOUL-EUNPYEONG-GUPABAL-NEWTOWN-SM01,구파발역권,SEOUL-EUNPYEONG-GUPABAL-NEWTOWN-SM01-N02,통일로,street,S
서울특별시,EUNPYEONG,은평구,SEOUL-EUNPYEONG-GUPABAL-NEWTOWN,구파발·은평뉴타운권,SEOUL-EUNPYEONG-GUPABAL-NEWTOWN-SM01,구파발역권,SEOUL-EUNPYEONG-GUPABAL-NEWTOWN-SM01-N03,진관로,street,S
서울특별시,EUNPYEONG,은평구,SEOUL-EUNPYEONG-GUPABAL-NEWTOWN,구파발·은평뉴타운권,SEOUL-EUNPYEONG-GUPABAL-NEWTOWN-SM01,구파발역권,SEOUL-EUNPYEONG-GUPABAL-NEWTOWN-SM01-N04,구파발역,station,S
서울특별시,EUNPYEONG,은평구,SEOUL-EUNPYEONG-GUPABAL-NEWTOWN,구파발·은평뉴타운권,SEOUL-EUNPYEONG-GUPABAL-NEWTOWN-SM01,구파발역권,SEOUL-EUNPYEONG-GUPABAL-NEWTOWN-SM01-N05,롯데몰,shopping,S
서울특별시,EUNPYEONG,은평구,SEOUL-EUNPYEONG-GUPABAL-NEWTOWN,구파발·은평뉴타운권,SEOUL-EUNPYEONG-GUPABAL-NEWTOWN-SM02,은평뉴타운,,,,S
서울특별시,EUNPYEONG,은평구,SEOUL-EUNPYEONG-NOKBEON-SUSAEK,녹번·수색권,SEOUL-EUNPYEONG-NOKBEON-SUSAEK-SM01,녹번역권,SEOUL-EUNPYEONG-NOKBEON-SUSAEK-SM01-N01,녹번,anchor,C
서울특별시,EUNPYEONG,은평구,SEOUL-EUNPYEONG-NOKBEON-SUSAEK,녹번·수색권,SEOUL-EUNPYEONG-NOKBEON-SUSAEK-SM01,녹번역권,SEOUL-EUNPYEONG-NOKBEON-SUSAEK-SM01-N03,통일로,street,C
서울특별시,EUNPYEONG,은평구,SEOUL-EUNPYEONG-NOKBEON-SUSAEK,녹번·수색권,SEOUL-EUNPYEONG-NOKBEON-SUSAEK-SM01,녹번역권,SEOUL-EUNPYEONG-NOKBEON-SUSAEK-SM01-N05,녹번역,station,C
서울특별시,EUNPYEONG,은평구,SEOUL-EUNPYEONG-NOKBEON-SUSAEK,녹번·수색권,SEOUL-EUNPYEONG-NOKBEON-SUSAEK-SM02,은평구청,,,,C
서울특별시,EUNPYEONG,은평구,SEOUL-EUNPYEONG-NOKBEON-SUSAEK,녹번·수색권,SEOUL-EUNPYEONG-NOKBEON-SUSAEK-SM03,수색역권,SEOUL-EUNPYEONG-NOKBEON-SUSAEK-SM03-N02,수색,anchor,C
서울특별시,EUNPYEONG,은평구,SEOUL-EUNPYEONG-NOKBEON-SUSAEK,녹번·수색권,SEOUL-EUNPYEONG-NOKBEON-SUSAEK-SM03,수색역권,SEOUL-EUNPYEONG-NOKBEON-SUSAEK-SM03-N04,수색로,street,C
서울특별시,EUNPYEONG,은평구,SEOUL-EUNPYEONG-NOKBEON-SUSAEK,녹번·수색권,SEOUL-EUNPYEONG-NOKBEON-SUSAEK-SM03,수색역권,SEOUL-EUNPYEONG-NOKBEON-SUSAEK-SM03-N06,수색역,station,C
서울특별시,EUNPYEONG,은평구,SEOUL-EUNPYEONG-NOKBEON-SUSAEK,녹번·수색권,SEOUL-EUNPYEONG-NOKBEON-SUSAEK-SM04,DMC 서측,,,,C
서울특별시,SEODAEMUN,서대문구,SEOUL-SEODAEMUN-SINCHON,신촌권,SEOUL-SEODAEMUN-SINCHON-SM01,신촌역권,SEOUL-SEODAEMUN-SINCHON-SM01-N01,신촌,anchor,A
서울특별시,SEODAEMUN,서대문구,SEOUL-SEODAEMUN-SINCHON,신촌권,SEOUL-SEODAEMUN-SINCHON-SM01,신촌역권,SEOUL-SEODAEMUN-SINCHON-SM01-N03,신촌로,street,A
서울특별시,SEODAEMUN,서대문구,SEOUL-SEODAEMUN-SINCHON,신촌권,SEOUL-SEODAEMUN-SINCHON-SM01,신촌역권,SEOUL-SEODAEMUN-SINCHON-SM01-N04,신촌역,station,A
서울특별시,SEODAEMUN,서대문구,SEOUL-SEODAEMUN-SINCHON,신촌권,SEOUL-SEODAEMUN-SINCHON-SM02,연세로,SEOUL-SEODAEMUN-SINCHON-SM02-N02,연세로,street,A
서울특별시,SEODAEMUN,서대문구,SEOUL-SEODAEMUN-SINCHON,신촌권,SEOUL-SEODAEMUN-SINCHON-SM03,신촌기차역 연결축,,,,A
서울특별시,SEODAEMUN,서대문구,SEOUL-SEODAEMUN-EWHA,이대권,SEOUL-SEODAEMUN-EWHA-SM01,이대역권,SEOUL-SEODAEMUN-EWHA-SM01-N01,이대,university,B
서울특별시,SEODAEMUN,서대문구,SEOUL-SEODAEMUN-EWHA,이대권,SEOUL-SEODAEMUN-EWHA-SM01,이대역권,SEOUL-SEODAEMUN-EWHA-SM01-N02,이화여대길,street,B
서울특별시,SEODAEMUN,서대문구,SEOUL-SEODAEMUN-EWHA,이대권,SEOUL-SEODAEMUN-EWHA-SM01,이대역권,SEOUL-SEODAEMUN-EWHA-SM01-N03,신촌로,street,B
서울특별시,SEODAEMUN,서대문구,SEOUL-SEODAEMUN-EWHA,이대권,SEOUL-SEODAEMUN-EWHA-SM01,이대역권,SEOUL-SEODAEMUN-EWHA-SM01-N04,이대역,station,B
서울특별시,SEODAEMUN,서대문구,SEOUL-SEODAEMUN-EWHA,이대권,SEOUL-SEODAEMUN-EWHA-SM01,이대역권,SEOUL-SEODAEMUN-EWHA-SM01-N05,이화여대 정문,university,B
서울특별시,SEODAEMUN,서대문구,SEOUL-SEODAEMUN-EWHA,이대권,SEOUL-SEODAEMUN-EWHA-SM01,이대역권,SEOUL-SEODAEMUN-EWHA-SM01-N06,대현문화공원,park_water_access,B
서울특별시,SEODAEMUN,서대문구,SEOUL-SEODAEMUN-YEONHUI,연희권,SEOUL-SEODAEMUN-YEONHUI-SM01,연희동 사러가 주변,SEOUL-SEODAEMUN-YEONHUI-SM01-N01,홍대입구(버스 연계),anchor,S
서울특별시,SEODAEMUN,서대문구,SEOUL-SEODAEMUN-YEONHUI,연희권,SEOUL-SEODAEMUN-YEONHUI-SM01,연희동 사러가 주변,SEOUL-SEODAEMUN-YEONHUI-SM01-N02,연희로,street,S
서울특별시,SEODAEMUN,서대문구,SEOUL-SEODAEMUN-YEONHUI,연희권,SEOUL-SEODAEMUN-YEONHUI-SM02,연희맛로,SEOUL-SEODAEMUN-YEONHUI-SM02-N03,연희맛로,street,S
서울특별시,SEODAEMUN,서대문구,SEOUL-SEODAEMUN-YEONHUI,연희권,SEOUL-SEODAEMUN-YEONHUI-SM03,연남 북측,,,,S
서울특별시,SEODAEMUN,서대문구,SEOUL-SEODAEMUN-HONGJE,홍제권,SEOUL-SEODAEMUN-HONGJE-SM01,홍제역권,SEOUL-SEODAEMUN-HONGJE-SM01-N01,홍제,anchor,B
서울특별시,SEODAEMUN,서대문구,SEOUL-SEODAEMUN-HONGJE,홍제권,SEOUL-SEODAEMUN-HONGJE-SM01,홍제역권,SEOUL-SEODAEMUN-HONGJE-SM01-N02,통일로,street,B
서울특별시,SEODAEMUN,서대문구,SEOUL-SEODAEMUN-HONGJE,홍제권,SEOUL-SEODAEMUN-HONGJE-SM01,홍제역권,SEOUL-SEODAEMUN-HONGJE-SM01-N03,세검정로,street,B
서울특별시,SEODAEMUN,서대문구,SEOUL-SEODAEMUN-HONGJE,홍제권,SEOUL-SEODAEMUN-HONGJE-SM01,홍제역권,SEOUL-SEODAEMUN-HONGJE-SM01-N04,홍제역,station,B
서울특별시,SEODAEMUN,서대문구,SEOUL-SEODAEMUN-HONGJE,홍제권,SEOUL-SEODAEMUN-HONGJE-SM01,홍제역권,SEOUL-SEODAEMUN-HONGJE-SM01-N05,인왕시장,traditional_market,B
서울특별시,SEODAEMUN,서대문구,SEOUL-SEODAEMUN-HONGJE,홍제권,SEOUL-SEODAEMUN-HONGJE-SM02,유진상가,,,,B
서울특별시,SEODAEMUN,서대문구,SEOUL-SEODAEMUN-GAJWA-NAMGAJWA,가좌·남가좌권,SEOUL-SEODAEMUN-GAJWA-NAMGAJWA-SM01,가좌역권,SEOUL-SEODAEMUN-GAJWA-NAMGAJWA-SM01-N01,가좌,anchor,B
서울특별시,SEODAEMUN,서대문구,SEOUL-SEODAEMUN-GAJWA-NAMGAJWA,가좌·남가좌권,SEOUL-SEODAEMUN-GAJWA-NAMGAJWA-SM01,가좌역권,SEOUL-SEODAEMUN-GAJWA-NAMGAJWA-SM01-N02,수색로,street,B
서울특별시,SEODAEMUN,서대문구,SEOUL-SEODAEMUN-GAJWA-NAMGAJWA,가좌·남가좌권,SEOUL-SEODAEMUN-GAJWA-NAMGAJWA-SM01,가좌역권,SEOUL-SEODAEMUN-GAJWA-NAMGAJWA-SM01-N03,증가로,street,B
서울특별시,SEODAEMUN,서대문구,SEOUL-SEODAEMUN-GAJWA-NAMGAJWA,가좌·남가좌권,SEOUL-SEODAEMUN-GAJWA-NAMGAJWA-SM01,가좌역권,SEOUL-SEODAEMUN-GAJWA-NAMGAJWA-SM01-N04,가좌역,station,B
서울특별시,SEODAEMUN,서대문구,SEOUL-SEODAEMUN-GAJWA-NAMGAJWA,가좌·남가좌권,SEOUL-SEODAEMUN-GAJWA-NAMGAJWA-SM02,명지대,,,,B
서울특별시,SEODAEMUN,서대문구,SEOUL-SEODAEMUN-GAJWA-NAMGAJWA,가좌·남가좌권,SEOUL-SEODAEMUN-GAJWA-NAMGAJWA-SM03,DMC 북측 주거축,,,,B
서울특별시,SEODAEMUN,서대문구,SEOUL-SEODAEMUN-DONGNIMUN-YEONGCHEON,독립문·영천시장권,SEOUL-SEODAEMUN-DONGNIMUN-YEONGCHEON-SM01,독립문역권,SEOUL-SEODAEMUN-DONGNIMUN-YEONGCHEON-SM01-N01,독립문,anchor,B
서울특별시,SEODAEMUN,서대문구,SEOUL-SEODAEMUN-DONGNIMUN-YEONGCHEON,독립문·영천시장권,SEOUL-SEODAEMUN-DONGNIMUN-YEONGCHEON-SM01,독립문역권,SEOUL-SEODAEMUN-DONGNIMUN-YEONGCHEON-SM01-N02,통일로,street,B
서울특별시,SEODAEMUN,서대문구,SEOUL-SEODAEMUN-DONGNIMUN-YEONGCHEON,독립문·영천시장권,SEOUL-SEODAEMUN-DONGNIMUN-YEONGCHEON-SM01,독립문역권,SEOUL-SEODAEMUN-DONGNIMUN-YEONGCHEON-SM01-N03,영천시장길,traditional_market,B
서울특별시,SEODAEMUN,서대문구,SEOUL-SEODAEMUN-DONGNIMUN-YEONGCHEON,독립문·영천시장권,SEOUL-SEODAEMUN-DONGNIMUN-YEONGCHEON-SM01,독립문역권,SEOUL-SEODAEMUN-DONGNIMUN-YEONGCHEON-SM01-N04,독립문역,station,B
서울특별시,SEODAEMUN,서대문구,SEOUL-SEODAEMUN-DONGNIMUN-YEONGCHEON,독립문·영천시장권,SEOUL-SEODAEMUN-DONGNIMUN-YEONGCHEON-SM01,독립문역권,SEOUL-SEODAEMUN-DONGNIMUN-YEONGCHEON-SM01-N05,영천시장,traditional_market,B
서울특별시,SEODAEMUN,서대문구,SEOUL-SEODAEMUN-DONGNIMUN-YEONGCHEON,독립문·영천시장권,SEOUL-SEODAEMUN-DONGNIMUN-YEONGCHEON-SM02,서대문형무소,,,,B
서울특별시,MAPO,마포구,SEOUL-MAPO-HONGDAE,홍대권,SEOUL-MAPO-HONGDAE-SM01,홍대입구역권,SEOUL-MAPO-HONGDAE-SM01-N01,홍대입구,anchor,A
서울특별시,MAPO,마포구,SEOUL-MAPO-HONGDAE,홍대권,SEOUL-MAPO-HONGDAE-SM01,홍대입구역권,SEOUL-MAPO-HONGDAE-SM01-N02,양화로,street,A
서울특별시,MAPO,마포구,SEOUL-MAPO-HONGDAE,홍대권,SEOUL-MAPO-HONGDAE-SM01,홍대입구역권,SEOUL-MAPO-HONGDAE-SM01-N03,홍익로,street,A
서울특별시,MAPO,마포구,SEOUL-MAPO-HONGDAE,홍대권,SEOUL-MAPO-HONGDAE-SM01,홍대입구역권,SEOUL-MAPO-HONGDAE-SM01-N04,어울마당로,street,A
서울특별시,MAPO,마포구,SEOUL-MAPO-HONGDAE,홍대권,SEOUL-MAPO-HONGDAE-SM01,홍대입구역권,SEOUL-MAPO-HONGDAE-SM01-N05,홍대입구역,station,A
서울특별시,MAPO,마포구,SEOUL-MAPO-HONGDAE,홍대권,SEOUL-MAPO-HONGDAE-SM02,걷고싶은거리,,,,A
서울특별시,MAPO,마포구,SEOUL-MAPO-HONGDAE,홍대권,SEOUL-MAPO-HONGDAE-SM03,서교동 클럽거리,,,,A
서울특별시,MAPO,마포구,SEOUL-MAPO-YEONNAM,연남권,SEOUL-MAPO-YEONNAM-SM01,연트럴파크,SEOUL-MAPO-YEONNAM-SM01-N01,홍대입구,anchor,A
서울특별시,MAPO,마포구,SEOUL-MAPO-YEONNAM,연남권,SEOUL-MAPO-YEONNAM-SM01,연트럴파크,SEOUL-MAPO-YEONNAM-SM01-N02,동교로,street,A
서울특별시,MAPO,마포구,SEOUL-MAPO-YEONNAM,연남권,SEOUL-MAPO-YEONNAM-SM01,연트럴파크,SEOUL-MAPO-YEONNAM-SM01-N03,성미산로,street,A
서울특별시,MAPO,마포구,SEOUL-MAPO-YEONNAM,연남권,SEOUL-MAPO-YEONNAM-SM01,연트럴파크,SEOUL-MAPO-YEONNAM-SM01-N04,동진시장,traditional_market,A
서울특별시,MAPO,마포구,SEOUL-MAPO-YEONNAM,연남권,SEOUL-MAPO-YEONNAM-SM02,연남동 골목,,,,A
서울특별시,MAPO,마포구,SEOUL-MAPO-HAPJEONG,합정권,SEOUL-MAPO-HAPJEONG-SM01,합정역권,SEOUL-MAPO-HAPJEONG-SM01-N01,합정,anchor,A
서울특별시,MAPO,마포구,SEOUL-MAPO-HAPJEONG,합정권,SEOUL-MAPO-HAPJEONG-SM01,합정역권,SEOUL-MAPO-HAPJEONG-SM01-N02,양화로,street,A
서울특별시,MAPO,마포구,SEOUL-MAPO-HAPJEONG,합정권,SEOUL-MAPO-HAPJEONG-SM01,합정역권,SEOUL-MAPO-HAPJEONG-SM01-N03,독막로,street,A
서울특별시,MAPO,마포구,SEOUL-MAPO-HAPJEONG,합정권,SEOUL-MAPO-HAPJEONG-SM01,합정역권,SEOUL-MAPO-HAPJEONG-SM01-N04,합정역,station,A
서울특별시,MAPO,마포구,SEOUL-MAPO-HAPJEONG,합정권,SEOUL-MAPO-HAPJEONG-SM02,메세나폴리스,,,,A
서울특별시,MAPO,마포구,SEOUL-MAPO-HAPJEONG,합정권,SEOUL-MAPO-HAPJEONG-SM03,양화진,,,,A
서울특별시,MAPO,마포구,SEOUL-MAPO-MANGWON,망원권,SEOUL-MAPO-MANGWON-SM01,망리단길,SEOUL-MAPO-MANGWON-SM01-N01,망원,anchor,A
서울특별시,MAPO,마포구,SEOUL-MAPO-MANGWON,망원권,SEOUL-MAPO-MANGWON-SM01,망리단길,SEOUL-MAPO-MANGWON-SM01-N02,포은로,street,A
서울특별시,MAPO,마포구,SEOUL-MAPO-MANGWON,망원권,SEOUL-MAPO-MANGWON-SM01,망리단길,SEOUL-MAPO-MANGWON-SM01-N03,망원로,street,A
서울특별시,MAPO,마포구,SEOUL-MAPO-MANGWON,망원권,SEOUL-MAPO-MANGWON-SM01,망리단길,SEOUL-MAPO-MANGWON-SM01-N04,망원시장,traditional_market,A
서울특별시,MAPO,마포구,SEOUL-MAPO-MANGWON,망원권,SEOUL-MAPO-MANGWON-SM02,한강공원 연결축,,,,A
서울특별시,MAPO,마포구,SEOUL-MAPO-SANGSU,상수권,SEOUL-MAPO-SANGSU-SM01,상수역권,SEOUL-MAPO-SANGSU-SM01-N01,상수,anchor,B
서울특별시,MAPO,마포구,SEOUL-MAPO-SANGSU,상수권,SEOUL-MAPO-SANGSU-SM01,상수역권,SEOUL-MAPO-SANGSU-SM01-N02,독막로,street,B
서울특별시,MAPO,마포구,SEOUL-MAPO-SANGSU,상수권,SEOUL-MAPO-SANGSU-SM01,상수역권,SEOUL-MAPO-SANGSU-SM01-N03,와우산로,street,B
서울특별시,MAPO,마포구,SEOUL-MAPO-SANGSU,상수권,SEOUL-MAPO-SANGSU-SM01,상수역권,SEOUL-MAPO-SANGSU-SM01-N04,상수역,station,B
서울특별시,MAPO,마포구,SEOUL-MAPO-SANGSU,상수권,SEOUL-MAPO-SANGSU-SM02,홍대 서측,,,,B
서울특별시,MAPO,마포구,SEOUL-MAPO-SANGSU,상수권,SEOUL-MAPO-SANGSU-SM03,당인리 문화공간,,,,B
서울특별시,MAPO,마포구,SEOUL-MAPO-GONGDEOK-MAPO,공덕·마포권,SEOUL-MAPO-GONGDEOK-MAPO-SM01,공덕역권,SEOUL-MAPO-GONGDEOK-MAPO-SM01-N01,공덕,anchor,A
서울특별시,MAPO,마포구,SEOUL-MAPO-GONGDEOK-MAPO,공덕·마포권,SEOUL-MAPO-GONGDEOK-MAPO-SM01,공덕역권,SEOUL-MAPO-GONGDEOK-MAPO-SM01-N04,백범로,street,A
서울특별시,MAPO,마포구,SEOUL-MAPO-GONGDEOK-MAPO,공덕·마포권,SEOUL-MAPO-GONGDEOK-MAPO-SM01,공덕역권,SEOUL-MAPO-GONGDEOK-MAPO-SM01-N05,공덕역,station,A
서울특별시,MAPO,마포구,SEOUL-MAPO-GONGDEOK-MAPO,공덕·마포권,SEOUL-MAPO-GONGDEOK-MAPO-SM02,마포역권,SEOUL-MAPO-GONGDEOK-MAPO-SM02-N02,마포,anchor,A
서울특별시,MAPO,마포구,SEOUL-MAPO-GONGDEOK-MAPO,공덕·마포권,SEOUL-MAPO-GONGDEOK-MAPO-SM02,마포역권,SEOUL-MAPO-GONGDEOK-MAPO-SM02-N03,마포대로,street,A
서울특별시,MAPO,마포구,SEOUL-MAPO-GONGDEOK-MAPO,공덕·마포권,SEOUL-MAPO-GONGDEOK-MAPO-SM02,마포역권,SEOUL-MAPO-GONGDEOK-MAPO-SM02-N06,마포역,station,A
서울특별시,MAPO,마포구,SEOUL-MAPO-GONGDEOK-MAPO,공덕·마포권,SEOUL-MAPO-GONGDEOK-MAPO-SM03,도화동 오피스축,,,,A
서울특별시,MAPO,마포구,SEOUL-MAPO-DAEHEUNG-SOGANG,대흥·서강대권,SEOUL-MAPO-DAEHEUNG-SOGANG-SM01,대흥역권,SEOUL-MAPO-DAEHEUNG-SOGANG-SM01-N01,대흥,anchor,A
서울특별시,MAPO,마포구,SEOUL-MAPO-DAEHEUNG-SOGANG,대흥·서강대권,SEOUL-MAPO-DAEHEUNG-SOGANG-SM01,대흥역권,SEOUL-MAPO-DAEHEUNG-SOGANG-SM01-N03,백범로,street,A
서울특별시,MAPO,마포구,SEOUL-MAPO-DAEHEUNG-SOGANG,대흥·서강대권,SEOUL-MAPO-DAEHEUNG-SOGANG-SM01,대흥역권,SEOUL-MAPO-DAEHEUNG-SOGANG-SM01-N04,서강로,street,A
서울특별시,MAPO,마포구,SEOUL-MAPO-DAEHEUNG-SOGANG,대흥·서강대권,SEOUL-MAPO-DAEHEUNG-SOGANG-SM01,대흥역권,SEOUL-MAPO-DAEHEUNG-SOGANG-SM01-N05,대흥역,station,A
서울특별시,MAPO,마포구,SEOUL-MAPO-DAEHEUNG-SOGANG,대흥·서강대권,SEOUL-MAPO-DAEHEUNG-SOGANG-SM02,서강대,,,,A
서울특별시,MAPO,마포구,SEOUL-MAPO-DAEHEUNG-SOGANG,대흥·서강대권,SEOUL-MAPO-DAEHEUNG-SOGANG-SM03,광흥창역권,SEOUL-MAPO-DAEHEUNG-SOGANG-SM03-N02,광흥창,anchor,A
서울특별시,MAPO,마포구,SEOUL-MAPO-DAEHEUNG-SOGANG,대흥·서강대권,SEOUL-MAPO-DAEHEUNG-SOGANG-SM03,광흥창역권,SEOUL-MAPO-DAEHEUNG-SOGANG-SM03-N06,광흥창역,station,A
서울특별시,MAPO,마포구,SEOUL-MAPO-SANGAM-DMC,상암DMC권,SEOUL-MAPO-SANGAM-DMC-SM01,디지털미디어시티,SEOUL-MAPO-SANGAM-DMC-SM01-N01,디지털미디어시티,anchor,S
서울특별시,MAPO,마포구,SEOUL-MAPO-SANGAM-DMC,상암DMC권,SEOUL-MAPO-SANGAM-DMC-SM01,디지털미디어시티,SEOUL-MAPO-SANGAM-DMC-SM01-N03,월드컵북로,street,S
서울특별시,MAPO,마포구,SEOUL-MAPO-SANGAM-DMC,상암DMC권,SEOUL-MAPO-SANGAM-DMC-SM01,디지털미디어시티,SEOUL-MAPO-SANGAM-DMC-SM01-N04,성암로,street,S
서울특별시,MAPO,마포구,SEOUL-MAPO-SANGAM-DMC,상암DMC권,SEOUL-MAPO-SANGAM-DMC-SM01,디지털미디어시티,SEOUL-MAPO-SANGAM-DMC-SM01-N05,하늘공원,park_water_access,S
서울특별시,MAPO,마포구,SEOUL-MAPO-SANGAM-DMC,상암DMC권,SEOUL-MAPO-SANGAM-DMC-SM02,월드컵경기장,SEOUL-MAPO-SANGAM-DMC-SM02-N02,월드컵경기장,tourism_culture,S
서울특별시,YANGCHEON,양천구,SEOUL-YANGCHEON-MOKDONG-OGEORI,목동오거리권,SEOUL-YANGCHEON-MOKDONG-OGEORI-SM01,목동오거리,SEOUL-YANGCHEON-MOKDONG-OGEORI-SM01-N03,신정중앙로,street,B
서울특별시,YANGCHEON,양천구,SEOUL-YANGCHEON-MOKDONG-OGEORI,목동오거리권,SEOUL-YANGCHEON-MOKDONG-OGEORI-SM02,목동로데오,,,,B
서울특별시,YANGCHEON,양천구,SEOUL-YANGCHEON-MOKDONG-OGEORI,목동오거리권,SEOUL-YANGCHEON-MOKDONG-OGEORI-SM03,목동역권,SEOUL-YANGCHEON-MOKDONG-OGEORI-SM03-N01,목동,anchor,B
서울특별시,YANGCHEON,양천구,SEOUL-YANGCHEON-MOKDONG-OGEORI,목동오거리권,SEOUL-YANGCHEON-MOKDONG-OGEORI-SM03,목동역권,SEOUL-YANGCHEON-MOKDONG-OGEORI-SM03-N02,목동로,street,B
서울특별시,YANGCHEON,양천구,SEOUL-YANGCHEON-MOKDONG-OGEORI,목동오거리권,SEOUL-YANGCHEON-MOKDONG-OGEORI-SM03,목동역권,SEOUL-YANGCHEON-MOKDONG-OGEORI-SM03-N04,목동역,station,B
서울특별시,YANGCHEON,양천구,SEOUL-YANGCHEON-OMOKGYO,오목교권,SEOUL-YANGCHEON-OMOKGYO-SM01,오목교역권,SEOUL-YANGCHEON-OMOKGYO-SM01-N01,오목교,anchor,A
서울특별시,YANGCHEON,양천구,SEOUL-YANGCHEON-OMOKGYO,오목교권,SEOUL-YANGCHEON-OMOKGYO-SM01,오목교역권,SEOUL-YANGCHEON-OMOKGYO-SM01-N02,목동동로,street,A
서울특별시,YANGCHEON,양천구,SEOUL-YANGCHEON-OMOKGYO,오목교권,SEOUL-YANGCHEON-OMOKGYO-SM01,오목교역권,SEOUL-YANGCHEON-OMOKGYO-SM01-N03,오목로,street,A
서울특별시,YANGCHEON,양천구,SEOUL-YANGCHEON-OMOKGYO,오목교권,SEOUL-YANGCHEON-OMOKGYO-SM01,오목교역권,SEOUL-YANGCHEON-OMOKGYO-SM01-N04,오목교역,station,A
서울특별시,YANGCHEON,양천구,SEOUL-YANGCHEON-OMOKGYO,오목교권,SEOUL-YANGCHEON-OMOKGYO-SM01,오목교역권,SEOUL-YANGCHEON-OMOKGYO-SM01-N05,현대백화점,shopping,A
서울특별시,YANGCHEON,양천구,SEOUL-YANGCHEON-OMOKGYO,오목교권,SEOUL-YANGCHEON-OMOKGYO-SM02,목동운동장 남측,,,,A
서울특별시,YANGCHEON,양천구,SEOUL-YANGCHEON-MOKDONG-ACADEMY,목동학원가권,SEOUL-YANGCHEON-MOKDONG-ACADEMY-SM01,목동 학원가,SEOUL-YANGCHEON-MOKDONG-ACADEMY-SM01-N01,오목교(버스 연계),anchor,S
서울특별시,YANGCHEON,양천구,SEOUL-YANGCHEON-MOKDONG-ACADEMY,목동학원가권,SEOUL-YANGCHEON-MOKDONG-ACADEMY-SM01,목동 학원가,SEOUL-YANGCHEON-MOKDONG-ACADEMY-SM01-N02,목동서로,street,S
서울특별시,YANGCHEON,양천구,SEOUL-YANGCHEON-MOKDONG-ACADEMY,목동학원가권,SEOUL-YANGCHEON-MOKDONG-ACADEMY-SM01,목동 학원가,SEOUL-YANGCHEON-MOKDONG-ACADEMY-SM01-N03,목동동로,street,S
서울특별시,YANGCHEON,양천구,SEOUL-YANGCHEON-MOKDONG-ACADEMY,목동학원가권,SEOUL-YANGCHEON-MOKDONG-ACADEMY-SM01,목동 학원가,SEOUL-YANGCHEON-MOKDONG-ACADEMY-SM01-N04,파리공원,park_water_access,S
서울특별시,YANGCHEON,양천구,SEOUL-YANGCHEON-MOKDONG-ACADEMY,목동학원가권,SEOUL-YANGCHEON-MOKDONG-ACADEMY-SM02,아파트단지,,,,S
서울특별시,YANGCHEON,양천구,SEOUL-YANGCHEON-SINJEONGNEGEORI,신정네거리권,SEOUL-YANGCHEON-SINJEONGNEGEORI-SM01,신정네거리역권,SEOUL-YANGCHEON-SINJEONGNEGEORI-SM01-N01,신정네거리,street,C
서울특별시,YANGCHEON,양천구,SEOUL-YANGCHEON-SINJEONGNEGEORI,신정네거리권,SEOUL-YANGCHEON-SINJEONGNEGEORI-SM01,신정네거리역권,SEOUL-YANGCHEON-SINJEONGNEGEORI-SM01-N02,중앙로,street,C
서울특별시,YANGCHEON,양천구,SEOUL-YANGCHEON-SINJEONGNEGEORI,신정네거리권,SEOUL-YANGCHEON-SINJEONGNEGEORI-SM01,신정네거리역권,SEOUL-YANGCHEON-SINJEONGNEGEORI-SM01-N03,신월로,street,C
서울특별시,YANGCHEON,양천구,SEOUL-YANGCHEON-SINJEONGNEGEORI,신정네거리권,SEOUL-YANGCHEON-SINJEONGNEGEORI-SM01,신정네거리역권,SEOUL-YANGCHEON-SINJEONGNEGEORI-SM01-N04,신정네거리역,station,C
서울특별시,YANGCHEON,양천구,SEOUL-YANGCHEON-SINJEONGNEGEORI,신정네거리권,SEOUL-YANGCHEON-SINJEONGNEGEORI-SM01,신정네거리역권,SEOUL-YANGCHEON-SINJEONGNEGEORI-SM01-N05,신정시장,traditional_market,C
서울특별시,YANGCHEON,양천구,SEOUL-YANGCHEON-SINJEONGNEGEORI,신정네거리권,SEOUL-YANGCHEON-SINJEONGNEGEORI-SM02,신정동 주거축,,,,C
서울특별시,YANGCHEON,양천구,SEOUL-YANGCHEON-SINWOL,신월권,SEOUL-YANGCHEON-SINWOL-SM01,신월사거리,SEOUL-YANGCHEON-SINWOL-SM01-N01,까치산(버스 연계),anchor,B
서울특별시,YANGCHEON,양천구,SEOUL-YANGCHEON-SINWOL,신월권,SEOUL-YANGCHEON-SINWOL-SM01,신월사거리,SEOUL-YANGCHEON-SINWOL-SM01-N02,남부순환로,street,B
서울특별시,YANGCHEON,양천구,SEOUL-YANGCHEON-SINWOL,신월권,SEOUL-YANGCHEON-SINWOL-SM01,신월사거리,SEOUL-YANGCHEON-SINWOL-SM01-N03,신월로,street,B
서울특별시,YANGCHEON,양천구,SEOUL-YANGCHEON-SINWOL,신월권,SEOUL-YANGCHEON-SINWOL-SM01,신월사거리,SEOUL-YANGCHEON-SINWOL-SM01-N04,신영시장,traditional_market,B
서울특별시,YANGCHEON,양천구,SEOUL-YANGCHEON-SINWOL,신월권,SEOUL-YANGCHEON-SINWOL-SM02,서서울호수공원 연결축,,,,B
서울특별시,GANGSEO,강서구,SEOUL-GANGSEO-MAGOK,마곡권,SEOUL-GANGSEO-MAGOK-SM01,마곡나루역권,SEOUL-GANGSEO-MAGOK-SM01-N01,마곡나루,anchor,S
서울특별시,GANGSEO,강서구,SEOUL-GANGSEO-MAGOK,마곡권,SEOUL-GANGSEO-MAGOK-SM01,마곡나루역권,SEOUL-GANGSEO-MAGOK-SM01-N02,마곡,anchor,S
서울특별시,GANGSEO,강서구,SEOUL-GANGSEO-MAGOK,마곡권,SEOUL-GANGSEO-MAGOK-SM01,마곡나루역권,SEOUL-GANGSEO-MAGOK-SM01-N03,마곡중앙로,street,S
서울특별시,GANGSEO,강서구,SEOUL-GANGSEO-MAGOK,마곡권,SEOUL-GANGSEO-MAGOK-SM01,마곡나루역권,SEOUL-GANGSEO-MAGOK-SM01-N04,공항대로,street,S
서울특별시,GANGSEO,강서구,SEOUL-GANGSEO-MAGOK,마곡권,SEOUL-GANGSEO-MAGOK-SM01,마곡나루역권,SEOUL-GANGSEO-MAGOK-SM01-N05,마곡나루역,station,S
서울특별시,GANGSEO,강서구,SEOUL-GANGSEO-MAGOK,마곡권,SEOUL-GANGSEO-MAGOK-SM01,마곡나루역권,SEOUL-GANGSEO-MAGOK-SM01-N06,LG사이언스파크,office,S
서울특별시,GANGSEO,강서구,SEOUL-GANGSEO-MAGOK,마곡권,SEOUL-GANGSEO-MAGOK-SM02,서울식물원,,,,S
서울특별시,GANGSEO,강서구,SEOUL-GANGSEO-BALSAN,발산권,SEOUL-GANGSEO-BALSAN-SM01,발산역권,SEOUL-GANGSEO-BALSAN-SM01-N01,발산,anchor,B
서울특별시,GANGSEO,강서구,SEOUL-GANGSEO-BALSAN,발산권,SEOUL-GANGSEO-BALSAN-SM01,발산역권,SEOUL-GANGSEO-BALSAN-SM01-N02,공항대로,street,B
서울특별시,GANGSEO,강서구,SEOUL-GANGSEO-BALSAN,발산권,SEOUL-GANGSEO-BALSAN-SM01,발산역권,SEOUL-GANGSEO-BALSAN-SM01-N03,강서로,street,B
서울특별시,GANGSEO,강서구,SEOUL-GANGSEO-BALSAN,발산권,SEOUL-GANGSEO-BALSAN-SM01,발산역권,SEOUL-GANGSEO-BALSAN-SM01-N04,발산역,station,B
서울특별시,GANGSEO,강서구,SEOUL-GANGSEO-BALSAN,발산권,SEOUL-GANGSEO-BALSAN-SM01,발산역권,SEOUL-GANGSEO-BALSAN-SM01-N05,NC백화점,shopping,B
서울특별시,GANGSEO,강서구,SEOUL-GANGSEO-BALSAN,발산권,SEOUL-GANGSEO-BALSAN-SM02,마곡 업무지구 동측,,,,B
서울특별시,GANGSEO,강서구,SEOUL-GANGSEO-GIMPOAIRPORT,김포공항·롯데몰권,SEOUL-GANGSEO-GIMPOAIRPORT-SM01,김포공항,SEOUL-GANGSEO-GIMPOAIRPORT-SM01-N01,김포공항,anchor,C
서울특별시,GANGSEO,강서구,SEOUL-GANGSEO-GIMPOAIRPORT,김포공항·롯데몰권,SEOUL-GANGSEO-GIMPOAIRPORT-SM01,김포공항,SEOUL-GANGSEO-GIMPOAIRPORT-SM01-N02,송정,anchor,C
서울특별시,GANGSEO,강서구,SEOUL-GANGSEO-GIMPOAIRPORT,김포공항·롯데몰권,SEOUL-GANGSEO-GIMPOAIRPORT-SM01,김포공항,SEOUL-GANGSEO-GIMPOAIRPORT-SM01-N03,하늘길,street,C
서울특별시,GANGSEO,강서구,SEOUL-GANGSEO-GIMPOAIRPORT,김포공항·롯데몰권,SEOUL-GANGSEO-GIMPOAIRPORT-SM01,김포공항,SEOUL-GANGSEO-GIMPOAIRPORT-SM01-N04,공항대로,street,C
서울특별시,GANGSEO,강서구,SEOUL-GANGSEO-GIMPOAIRPORT,김포공항·롯데몰권,SEOUL-GANGSEO-GIMPOAIRPORT-SM01,김포공항,SEOUL-GANGSEO-GIMPOAIRPORT-SM01-N05,롯데몰,shopping,C
서울특별시,GANGSEO,강서구,SEOUL-GANGSEO-GIMPOAIRPORT,김포공항·롯데몰권,SEOUL-GANGSEO-GIMPOAIRPORT-SM01,김포공항,SEOUL-GANGSEO-GIMPOAIRPORT-SM01-N06,공항시장,traditional_market,C
서울특별시,GANGSEO,강서구,SEOUL-GANGSEO-HWAGOK,화곡권,SEOUL-GANGSEO-HWAGOK-SM01,화곡역권,SEOUL-GANGSEO-HWAGOK-SM01-N01,화곡,anchor,B
서울특별시,GANGSEO,강서구,SEOUL-GANGSEO-HWAGOK,화곡권,SEOUL-GANGSEO-HWAGOK-SM01,화곡역권,SEOUL-GANGSEO-HWAGOK-SM01-N02,화곡로,street,B
서울특별시,GANGSEO,강서구,SEOUL-GANGSEO-HWAGOK,화곡권,SEOUL-GANGSEO-HWAGOK-SM01,화곡역권,SEOUL-GANGSEO-HWAGOK-SM01-N03,강서로,street,B
서울특별시,GANGSEO,강서구,SEOUL-GANGSEO-HWAGOK,화곡권,SEOUL-GANGSEO-HWAGOK-SM01,화곡역권,SEOUL-GANGSEO-HWAGOK-SM01-N04,화곡역,station,B
서울특별시,GANGSEO,강서구,SEOUL-GANGSEO-HWAGOK,화곡권,SEOUL-GANGSEO-HWAGOK-SM01,화곡역권,SEOUL-GANGSEO-HWAGOK-SM01-N05,화곡본동시장,traditional_market,B
서울특별시,GANGSEO,강서구,SEOUL-GANGSEO-HWAGOK,화곡권,SEOUL-GANGSEO-HWAGOK-SM02,강서구청 남측,,,,B
서울특별시,GANGSEO,강서구,SEOUL-GANGSEO-KKACHISAN,까치산권,SEOUL-GANGSEO-KKACHISAN-SM01,까치산역권,SEOUL-GANGSEO-KKACHISAN-SM01-N01,까치산,anchor,B
서울특별시,GANGSEO,강서구,SEOUL-GANGSEO-KKACHISAN,까치산권,SEOUL-GANGSEO-KKACHISAN-SM01,까치산역권,SEOUL-GANGSEO-KKACHISAN-SM01-N02,강서로,street,B
서울특별시,GANGSEO,강서구,SEOUL-GANGSEO-KKACHISAN,까치산권,SEOUL-GANGSEO-KKACHISAN-SM01,까치산역권,SEOUL-GANGSEO-KKACHISAN-SM01-N03,곰달래로,street,B
서울특별시,GANGSEO,강서구,SEOUL-GANGSEO-KKACHISAN,까치산권,SEOUL-GANGSEO-KKACHISAN-SM01,까치산역권,SEOUL-GANGSEO-KKACHISAN-SM01-N04,까치산역,station,B
서울특별시,GANGSEO,강서구,SEOUL-GANGSEO-KKACHISAN,까치산권,SEOUL-GANGSEO-KKACHISAN-SM02,화곡8동 생활축,,,,B
서울특별시,GANGSEO,강서구,SEOUL-GANGSEO-DEUNGCHON-YEOMCHANG,등촌·염창권,SEOUL-GANGSEO-DEUNGCHON-YEOMCHANG-SM01,등촌역권,SEOUL-GANGSEO-DEUNGCHON-YEOMCHANG-SM01-N01,등촌,anchor,B
서울특별시,GANGSEO,강서구,SEOUL-GANGSEO-DEUNGCHON-YEOMCHANG,등촌·염창권,SEOUL-GANGSEO-DEUNGCHON-YEOMCHANG-SM01,등촌역권,SEOUL-GANGSEO-DEUNGCHON-YEOMCHANG-SM01-N03,증미,anchor,B
서울특별시,GANGSEO,강서구,SEOUL-GANGSEO-DEUNGCHON-YEOMCHANG,등촌·염창권,SEOUL-GANGSEO-DEUNGCHON-YEOMCHANG-SM01,등촌역권,SEOUL-GANGSEO-DEUNGCHON-YEOMCHANG-SM01-N04,공항대로,street,B
서울특별시,GANGSEO,강서구,SEOUL-GANGSEO-DEUNGCHON-YEOMCHANG,등촌·염창권,SEOUL-GANGSEO-DEUNGCHON-YEOMCHANG-SM01,등촌역권,SEOUL-GANGSEO-DEUNGCHON-YEOMCHANG-SM01-N05,양천로,street,B
서울특별시,GANGSEO,강서구,SEOUL-GANGSEO-DEUNGCHON-YEOMCHANG,등촌·염창권,SEOUL-GANGSEO-DEUNGCHON-YEOMCHANG-SM01,등촌역권,SEOUL-GANGSEO-DEUNGCHON-YEOMCHANG-SM01-N06,등촌역,station,B
서울특별시,GANGSEO,강서구,SEOUL-GANGSEO-DEUNGCHON-YEOMCHANG,등촌·염창권,SEOUL-GANGSEO-DEUNGCHON-YEOMCHANG-SM02,염창역권,SEOUL-GANGSEO-DEUNGCHON-YEOMCHANG-SM02-N02,염창,anchor,B
서울특별시,GANGSEO,강서구,SEOUL-GANGSEO-DEUNGCHON-YEOMCHANG,등촌·염창권,SEOUL-GANGSEO-DEUNGCHON-YEOMCHANG-SM02,염창역권,SEOUL-GANGSEO-DEUNGCHON-YEOMCHANG-SM02-N07,염창역,station,B
서울특별시,GANGSEO,강서구,SEOUL-GANGSEO-DEUNGCHON-YEOMCHANG,등촌·염창권,SEOUL-GANGSEO-DEUNGCHON-YEOMCHANG-SM03,증미역 업무,,,,B
서울특별시,GANGSEO,강서구,SEOUL-GANGSEO-DEUNGCHON-YEOMCHANG,등촌·염창권,SEOUL-GANGSEO-DEUNGCHON-YEOMCHANG-SM04,주거축,,,,B
서울특별시,GANGSEO,강서구,SEOUL-GANGSEO-BANGHWA,방화권,SEOUL-GANGSEO-BANGHWA-SM01,방화역권,SEOUL-GANGSEO-BANGHWA-SM01-N01,방화,anchor,C
서울특별시,GANGSEO,강서구,SEOUL-GANGSEO-BANGHWA,방화권,SEOUL-GANGSEO-BANGHWA-SM01,방화역권,SEOUL-GANGSEO-BANGHWA-SM01-N03,금낭화로,street,C
서울특별시,GANGSEO,강서구,SEOUL-GANGSEO-BANGHWA,방화권,SEOUL-GANGSEO-BANGHWA-SM01,방화역권,SEOUL-GANGSEO-BANGHWA-SM01-N04,방화대로,street,C
서울특별시,GANGSEO,강서구,SEOUL-GANGSEO-BANGHWA,방화권,SEOUL-GANGSEO-BANGHWA-SM01,방화역권,SEOUL-GANGSEO-BANGHWA-SM01-N05,방화역,station,C
서울특별시,GANGSEO,강서구,SEOUL-GANGSEO-BANGHWA,방화권,SEOUL-GANGSEO-BANGHWA-SM01,방화역권,SEOUL-GANGSEO-BANGHWA-SM01-N07,방신시장,traditional_market,C
서울특별시,GANGSEO,강서구,SEOUL-GANGSEO-BANGHWA,방화권,SEOUL-GANGSEO-BANGHWA-SM02,개화산역권,SEOUL-GANGSEO-BANGHWA-SM02-N02,개화산,anchor,C
서울특별시,GANGSEO,강서구,SEOUL-GANGSEO-BANGHWA,방화권,SEOUL-GANGSEO-BANGHWA-SM02,개화산역권,SEOUL-GANGSEO-BANGHWA-SM02-N06,개화산역,station,C
서울특별시,GURO,구로구,SEOUL-GURO-GURODIGITAL,구로디지털단지권,SEOUL-GURO-GURODIGITAL-SM01,구로디지털단지역권,SEOUL-GURO-GURODIGITAL-SM01-N01,구로디지털단지,street,S
서울특별시,GURO,구로구,SEOUL-GURO-GURODIGITAL,구로디지털단지권,SEOUL-GURO-GURODIGITAL-SM01,구로디지털단지역권,SEOUL-GURO-GURODIGITAL-SM01-N02,디지털로,street,S
서울특별시,GURO,구로구,SEOUL-GURO-GURODIGITAL,구로디지털단지권,SEOUL-GURO-GURODIGITAL-SM01,구로디지털단지역권,SEOUL-GURO-GURODIGITAL-SM01-N03,도림천로,street,S
서울특별시,GURO,구로구,SEOUL-GURO-GURODIGITAL,구로디지털단지권,SEOUL-GURO-GURODIGITAL-SM01,구로디지털단지역권,SEOUL-GURO-GURODIGITAL-SM01-N04,구로디지털단지역,station,S
서울특별시,GURO,구로구,SEOUL-GURO-GURODIGITAL,구로디지털단지권,SEOUL-GURO-GURODIGITAL-SM02,G밸리 동측,,,,S
서울특별시,GURO,구로구,SEOUL-GURO-GURODIGITAL,구로디지털단지권,SEOUL-GURO-GURODIGITAL-SM03,깔깔거리,,,,S
서울특별시,GURO,구로구,SEOUL-GURO-SINDORIM,신도림권,SEOUL-GURO-SINDORIM-SM01,신도림역권,SEOUL-GURO-SINDORIM-SM01-N01,신도림,anchor,A
서울특별시,GURO,구로구,SEOUL-GURO-SINDORIM,신도림권,SEOUL-GURO-SINDORIM-SM01,신도림역권,SEOUL-GURO-SINDORIM-SM01-N02,경인로,street,A
서울특별시,GURO,구로구,SEOUL-GURO-SINDORIM,신도림권,SEOUL-GURO-SINDORIM-SM01,신도림역권,SEOUL-GURO-SINDORIM-SM01-N03,새말로,street,A
서울특별시,GURO,구로구,SEOUL-GURO-SINDORIM,신도림권,SEOUL-GURO-SINDORIM-SM01,신도림역권,SEOUL-GURO-SINDORIM-SM01-N04,신도림역,station,A
서울특별시,GURO,구로구,SEOUL-GURO-SINDORIM,신도림권,SEOUL-GURO-SINDORIM-SM01,신도림역권,SEOUL-GURO-SINDORIM-SM01-N05,테크노마트,shopping,A
서울특별시,GURO,구로구,SEOUL-GURO-SINDORIM,신도림권,SEOUL-GURO-SINDORIM-SM02,디큐브시티,,,,A
서울특별시,GURO,구로구,SEOUL-GURO-GUROSTN,구로역권,SEOUL-GURO-GUROSTN-SM01,구로역권,SEOUL-GURO-GUROSTN-SM01-N01,구로,street,B
서울특별시,GURO,구로구,SEOUL-GURO-GUROSTN,구로역권,SEOUL-GURO-GUROSTN-SM01,구로역권,SEOUL-GURO-GUROSTN-SM01-N02,경인로,street,B
서울특별시,GURO,구로구,SEOUL-GURO-GUROSTN,구로역권,SEOUL-GURO-GUROSTN-SM01,구로역권,SEOUL-GURO-GUROSTN-SM01-N03,구로중앙로,street,B
서울특별시,GURO,구로구,SEOUL-GURO-GUROSTN,구로역권,SEOUL-GURO-GUROSTN-SM01,구로역권,SEOUL-GURO-GUROSTN-SM01-N04,구로역,station,B
서울특별시,GURO,구로구,SEOUL-GURO-GUROSTN,구로역권,SEOUL-GURO-GUROSTN-SM01,구로역권,SEOUL-GURO-GUROSTN-SM01-N05,구로시장,traditional_market,B
서울특별시,GURO,구로구,SEOUL-GURO-GUROSTN,구로역권,SEOUL-GURO-GUROSTN-SM02,AK플라자,,,,B
서울특별시,GURO,구로구,SEOUL-GURO-GOCHEOK-GAEBONG,고척·개봉권,SEOUL-GURO-GOCHEOK-GAEBONG-SM01,개봉역권,SEOUL-GURO-GOCHEOK-GAEBONG-SM01-N01,개봉,anchor,B
서울특별시,GURO,구로구,SEOUL-GURO-GOCHEOK-GAEBONG,고척·개봉권,SEOUL-GURO-GOCHEOK-GAEBONG-SM01,개봉역권,SEOUL-GURO-GOCHEOK-GAEBONG-SM01-N02,경인로,street,B
서울특별시,GURO,구로구,SEOUL-GURO-GOCHEOK-GAEBONG,고척·개봉권,SEOUL-GURO-GOCHEOK-GAEBONG-SM01,개봉역권,SEOUL-GURO-GOCHEOK-GAEBONG-SM01-N03,고척로,street,B
서울특별시,GURO,구로구,SEOUL-GURO-GOCHEOK-GAEBONG,고척·개봉권,SEOUL-GURO-GOCHEOK-GAEBONG-SM01,개봉역권,SEOUL-GURO-GOCHEOK-GAEBONG-SM01-N04,고척스카이돔,tourism_culture,B
서울특별시,GURO,구로구,SEOUL-GURO-GOCHEOK-GAEBONG,고척·개봉권,SEOUL-GURO-GOCHEOK-GAEBONG-SM01,개봉역권,SEOUL-GURO-GOCHEOK-GAEBONG-SM01-N05,개봉역,station,B
서울특별시,GURO,구로구,SEOUL-GURO-GOCHEOK-GAEBONG,고척·개봉권,SEOUL-GURO-GOCHEOK-GAEBONG-SM01,개봉역권,SEOUL-GURO-GOCHEOK-GAEBONG-SM01-N06,고척시장,traditional_market,B
서울특별시,GURO,구로구,SEOUL-GURO-ORYU-ONSU,오류·온수권,SEOUL-GURO-ORYU-ONSU-SM01,오류동역권,SEOUL-GURO-ORYU-ONSU-SM01-N01,오류동,anchor,B
서울특별시,GURO,구로구,SEOUL-GURO-ORYU-ONSU,오류·온수권,SEOUL-GURO-ORYU-ONSU-SM01,오류동역권,SEOUL-GURO-ORYU-ONSU-SM01-N03,경인로,street,B
서울특별시,GURO,구로구,SEOUL-GURO-ORYU-ONSU,오류·온수권,SEOUL-GURO-ORYU-ONSU-SM01,오류동역권,SEOUL-GURO-ORYU-ONSU-SM01-N04,부일로,street,B
서울특별시,GURO,구로구,SEOUL-GURO-ORYU-ONSU,오류·온수권,SEOUL-GURO-ORYU-ONSU-SM01,오류동역권,SEOUL-GURO-ORYU-ONSU-SM01-N05,오류동역,station,B
서울특별시,GURO,구로구,SEOUL-GURO-ORYU-ONSU,오류·온수권,SEOUL-GURO-ORYU-ONSU-SM01,오류동역권,SEOUL-GURO-ORYU-ONSU-SM01-N07,오류시장,traditional_market,B
서울특별시,GURO,구로구,SEOUL-GURO-ORYU-ONSU,오류·온수권,SEOUL-GURO-ORYU-ONSU-SM02,온수역권,SEOUL-GURO-ORYU-ONSU-SM02-N02,온수,anchor,B
서울특별시,GURO,구로구,SEOUL-GURO-ORYU-ONSU,오류·온수권,SEOUL-GURO-ORYU-ONSU-SM02,온수역권,SEOUL-GURO-ORYU-ONSU-SM02-N06,온수역,station,B
서울특별시,GURO,구로구,SEOUL-GURO-CHEONWANG,천왕권,SEOUL-GURO-CHEONWANG-SM01,천왕역권,SEOUL-GURO-CHEONWANG-SM01-N01,천왕,anchor,B
서울특별시,GURO,구로구,SEOUL-GURO-CHEONWANG,천왕권,SEOUL-GURO-CHEONWANG-SM01,천왕역권,SEOUL-GURO-CHEONWANG-SM01-N02,오리로,street,B
서울특별시,GURO,구로구,SEOUL-GURO-CHEONWANG,천왕권,SEOUL-GURO-CHEONWANG-SM01,천왕역권,SEOUL-GURO-CHEONWANG-SM01-N03,천왕로,street,B
서울특별시,GURO,구로구,SEOUL-GURO-CHEONWANG,천왕권,SEOUL-GURO-CHEONWANG-SM01,천왕역권,SEOUL-GURO-CHEONWANG-SM01-N04,천왕역,station,B
서울특별시,GURO,구로구,SEOUL-GURO-CHEONWANG,천왕권,SEOUL-GURO-CHEONWANG-SM02,천왕지구,,,,B
서울특별시,GURO,구로구,SEOUL-GURO-CHEONWANG,천왕권,SEOUL-GURO-CHEONWANG-SM03,항동지구 연결축,,,,B
서울특별시,GEUMCHEON,금천구,SEOUL-GEUMCHEON-GASANDIGITAL,가산디지털단지권,SEOUL-GEUMCHEON-GASANDIGITAL-SM01,가산디지털단지역권,SEOUL-GEUMCHEON-GASANDIGITAL-SM01-N01,가산디지털단지,anchor,A
서울특별시,GEUMCHEON,금천구,SEOUL-GEUMCHEON-GASANDIGITAL,가산디지털단지권,SEOUL-GEUMCHEON-GASANDIGITAL-SM01,가산디지털단지역권,SEOUL-GEUMCHEON-GASANDIGITAL-SM01-N02,디지털로,street,A
서울특별시,GEUMCHEON,금천구,SEOUL-GEUMCHEON-GASANDIGITAL,가산디지털단지권,SEOUL-GEUMCHEON-GASANDIGITAL-SM01,가산디지털단지역권,SEOUL-GEUMCHEON-GASANDIGITAL-SM01-N03,벚꽃로,street,A
서울특별시,GEUMCHEON,금천구,SEOUL-GEUMCHEON-GASANDIGITAL,가산디지털단지권,SEOUL-GEUMCHEON-GASANDIGITAL-SM01,가산디지털단지역권,SEOUL-GEUMCHEON-GASANDIGITAL-SM01-N04,가산디지털단지역,station,A
서울특별시,GEUMCHEON,금천구,SEOUL-GEUMCHEON-GASANDIGITAL,가산디지털단지권,SEOUL-GEUMCHEON-GASANDIGITAL-SM02,G밸리 서측,,,,A
서울특별시,GEUMCHEON,금천구,SEOUL-GEUMCHEON-GASANDIGITAL,가산디지털단지권,SEOUL-GEUMCHEON-GASANDIGITAL-SM03,아울렛단지,,,,A
서울특별시,GEUMCHEON,금천구,SEOUL-GEUMCHEON-DOKSAN,독산권,SEOUL-GEUMCHEON-DOKSAN-SM01,독산역권,SEOUL-GEUMCHEON-DOKSAN-SM01-N01,독산,anchor,C
서울특별시,GEUMCHEON,금천구,SEOUL-GEUMCHEON-DOKSAN,독산권,SEOUL-GEUMCHEON-DOKSAN-SM01,독산역권,SEOUL-GEUMCHEON-DOKSAN-SM01-N02,시흥대로,street,C
서울특별시,GEUMCHEON,금천구,SEOUL-GEUMCHEON-DOKSAN,독산권,SEOUL-GEUMCHEON-DOKSAN-SM01,독산역권,SEOUL-GEUMCHEON-DOKSAN-SM01-N03,범안로,street,C
서울특별시,GEUMCHEON,금천구,SEOUL-GEUMCHEON-DOKSAN,독산권,SEOUL-GEUMCHEON-DOKSAN-SM01,독산역권,SEOUL-GEUMCHEON-DOKSAN-SM01-N04,독산역,station,C
서울특별시,GEUMCHEON,금천구,SEOUL-GEUMCHEON-DOKSAN,독산권,SEOUL-GEUMCHEON-DOKSAN-SM01,독산역권,SEOUL-GEUMCHEON-DOKSAN-SM01-N05,독산동 우시장,traditional_market,C
서울특별시,GEUMCHEON,금천구,SEOUL-GEUMCHEON-DOKSAN,독산권,SEOUL-GEUMCHEON-DOKSAN-SM02,홈플러스축,,,,C
서울특별시,GEUMCHEON,금천구,SEOUL-GEUMCHEON-SIHEUNG-SAGEORI,시흥사거리권,SEOUL-GEUMCHEON-SIHEUNG-SAGEORI-SM01,시흥사거리,SEOUL-GEUMCHEON-SIHEUNG-SAGEORI-SM01-N01,금천구청(버스 연계),anchor,S
서울특별시,GEUMCHEON,금천구,SEOUL-GEUMCHEON-SIHEUNG-SAGEORI,시흥사거리권,SEOUL-GEUMCHEON-SIHEUNG-SAGEORI-SM01,시흥사거리,SEOUL-GEUMCHEON-SIHEUNG-SAGEORI-SM01-N02,시흥대로,street,S
서울특별시,GEUMCHEON,금천구,SEOUL-GEUMCHEON-SIHEUNG-SAGEORI,시흥사거리권,SEOUL-GEUMCHEON-SIHEUNG-SAGEORI-SM01,시흥사거리,SEOUL-GEUMCHEON-SIHEUNG-SAGEORI-SM01-N03,금하로,street,S
서울특별시,GEUMCHEON,금천구,SEOUL-GEUMCHEON-SIHEUNG-SAGEORI,시흥사거리권,SEOUL-GEUMCHEON-SIHEUNG-SAGEORI-SM01,시흥사거리,SEOUL-GEUMCHEON-SIHEUNG-SAGEORI-SM01-N04,은행나무시장,traditional_market,S
서울특별시,GEUMCHEON,금천구,SEOUL-GEUMCHEON-SIHEUNG-SAGEORI,시흥사거리권,SEOUL-GEUMCHEON-SIHEUNG-SAGEORI-SM02,금천구청 남측,,,,S
서울특별시,GEUMCHEON,금천구,SEOUL-GEUMCHEON-GEUMCHEONGU-OFFICE,금천구청권,SEOUL-GEUMCHEON-GEUMCHEONGU-OFFICE-SM01,금천구청역권,SEOUL-GEUMCHEON-GEUMCHEONGU-OFFICE-SM01-N01,금천구청,anchor,C
서울특별시,GEUMCHEON,금천구,SEOUL-GEUMCHEON-GEUMCHEONGU-OFFICE,금천구청권,SEOUL-GEUMCHEON-GEUMCHEONGU-OFFICE-SM01,금천구청역권,SEOUL-GEUMCHEON-GEUMCHEONGU-OFFICE-SM01-N02,시흥대로,street,C
서울특별시,GEUMCHEON,금천구,SEOUL-GEUMCHEON-GEUMCHEONGU-OFFICE,금천구청권,SEOUL-GEUMCHEON-GEUMCHEONGU-OFFICE-SM01,금천구청역권,SEOUL-GEUMCHEON-GEUMCHEONGU-OFFICE-SM01-N03,벚꽃로,street,C
서울특별시,GEUMCHEON,금천구,SEOUL-GEUMCHEON-GEUMCHEONGU-OFFICE,금천구청권,SEOUL-GEUMCHEON-GEUMCHEONGU-OFFICE-SM01,금천구청역권,SEOUL-GEUMCHEON-GEUMCHEONGU-OFFICE-SM01-N04,금천구청역,station,C
서울특별시,GEUMCHEON,금천구,SEOUL-GEUMCHEON-GEUMCHEONGU-OFFICE,금천구청권,SEOUL-GEUMCHEON-GEUMCHEONGU-OFFICE-SM02,롯데캐슬 주거복합,,,,C
서울특별시,GEUMCHEON,금천구,SEOUL-GEUMCHEON-GEUMCHEONGU-OFFICE,금천구청권,SEOUL-GEUMCHEON-GEUMCHEONGU-OFFICE-SM03,안양천,,,,C
서울특별시,YEONGDEUNGPO,영등포구,SEOUL-YEONGDEUNGPO-YEOUIDO,여의도권,SEOUL-YEONGDEUNGPO-YEOUIDO-SM01,여의도역권,SEOUL-YEONGDEUNGPO-YEOUIDO-SM01-N01,여의도,anchor,A
서울특별시,YEONGDEUNGPO,영등포구,SEOUL-YEONGDEUNGPO-YEOUIDO,여의도권,SEOUL-YEONGDEUNGPO-YEOUIDO-SM01,여의도역권,SEOUL-YEONGDEUNGPO-YEOUIDO-SM01-N02,여의나루,anchor,A
서울특별시,YEONGDEUNGPO,영등포구,SEOUL-YEONGDEUNGPO-YEOUIDO,여의도권,SEOUL-YEONGDEUNGPO-YEOUIDO-SM01,여의도역권,SEOUL-YEONGDEUNGPO-YEOUIDO-SM01-N03,국제금융로,street,A
서울특별시,YEONGDEUNGPO,영등포구,SEOUL-YEONGDEUNGPO-YEOUIDO,여의도권,SEOUL-YEONGDEUNGPO-YEOUIDO-SM01,여의도역권,SEOUL-YEONGDEUNGPO-YEOUIDO-SM01-N04,여의대로,street,A
서울특별시,YEONGDEUNGPO,영등포구,SEOUL-YEONGDEUNGPO-YEOUIDO,여의도권,SEOUL-YEONGDEUNGPO-YEOUIDO-SM01,여의도역권,SEOUL-YEONGDEUNGPO-YEOUIDO-SM01-N05,여의도역,station,A
서울특별시,YEONGDEUNGPO,영등포구,SEOUL-YEONGDEUNGPO-YEOUIDO,여의도권,SEOUL-YEONGDEUNGPO-YEOUIDO-SM01,여의도역권,SEOUL-YEONGDEUNGPO-YEOUIDO-SM01-N06,IFC,shopping,A
서울특별시,YEONGDEUNGPO,영등포구,SEOUL-YEONGDEUNGPO-YEOUIDO,여의도권,SEOUL-YEONGDEUNGPO-YEOUIDO-SM01,여의도역권,SEOUL-YEONGDEUNGPO-YEOUIDO-SM01-N07,더현대서울,shopping,A
서울특별시,YEONGDEUNGPO,영등포구,SEOUL-YEONGDEUNGPO-YEOUIDO,여의도권,SEOUL-YEONGDEUNGPO-YEOUIDO-SM01,여의도역권,SEOUL-YEONGDEUNGPO-YEOUIDO-SM01-N08,한강공원,park_water_access,A
서울특별시,YEONGDEUNGPO,영등포구,SEOUL-YEONGDEUNGPO-YEOUIDO,여의도권,SEOUL-YEONGDEUNGPO-YEOUIDO-SM02,금융가,,,,A
서울특별시,YEONGDEUNGPO,영등포구,SEOUL-YEONGDEUNGPO-YEONGDEUNGPOSTN,영등포역·타임스퀘어권,SEOUL-YEONGDEUNGPO-YEONGDEUNGPOSTN-SM01,영등포역권,SEOUL-YEONGDEUNGPO-YEONGDEUNGPOSTN-SM01-N01,영등포,anchor,A
서울특별시,YEONGDEUNGPO,영등포구,SEOUL-YEONGDEUNGPO-YEONGDEUNGPOSTN,영등포역·타임스퀘어권,SEOUL-YEONGDEUNGPO-YEONGDEUNGPOSTN-SM01,영등포역권,SEOUL-YEONGDEUNGPO-YEONGDEUNGPOSTN-SM01-N02,영중로,street,A
서울특별시,YEONGDEUNGPO,영등포구,SEOUL-YEONGDEUNGPO-YEONGDEUNGPOSTN,영등포역·타임스퀘어권,SEOUL-YEONGDEUNGPO-YEONGDEUNGPOSTN-SM01,영등포역권,SEOUL-YEONGDEUNGPO-YEONGDEUNGPOSTN-SM01-N03,경인로,street,A
서울특별시,YEONGDEUNGPO,영등포구,SEOUL-YEONGDEUNGPO-YEONGDEUNGPOSTN,영등포역·타임스퀘어권,SEOUL-YEONGDEUNGPO-YEONGDEUNGPOSTN-SM01,영등포역권,SEOUL-YEONGDEUNGPO-YEONGDEUNGPOSTN-SM01-N04,영등포역,station,A
서울특별시,YEONGDEUNGPO,영등포구,SEOUL-YEONGDEUNGPO-YEONGDEUNGPOSTN,영등포역·타임스퀘어권,SEOUL-YEONGDEUNGPO-YEONGDEUNGPOSTN-SM01,영등포역권,SEOUL-YEONGDEUNGPO-YEONGDEUNGPOSTN-SM01-N05,신세계백화점,shopping,A
서울특별시,YEONGDEUNGPO,영등포구,SEOUL-YEONGDEUNGPO-YEONGDEUNGPOSTN,영등포역·타임스퀘어권,SEOUL-YEONGDEUNGPO-YEONGDEUNGPOSTN-SM02,타임스퀘어,,,,A
서울특별시,YEONGDEUNGPO,영등포구,SEOUL-YEONGDEUNGPO-MULLAE,문래권,SEOUL-YEONGDEUNGPO-MULLAE-SM01,문래창작촌,SEOUL-YEONGDEUNGPO-MULLAE-SM01-N02,도림로,street,S
서울특별시,YEONGDEUNGPO,영등포구,SEOUL-YEONGDEUNGPO-MULLAE,문래권,SEOUL-YEONGDEUNGPO-MULLAE-SM02,문래역권,SEOUL-YEONGDEUNGPO-MULLAE-SM02-N01,문래,anchor,S
서울특별시,YEONGDEUNGPO,영등포구,SEOUL-YEONGDEUNGPO-MULLAE,문래권,SEOUL-YEONGDEUNGPO-MULLAE-SM02,문래역권,SEOUL-YEONGDEUNGPO-MULLAE-SM02-N03,문래로,street,S
서울특별시,YEONGDEUNGPO,영등포구,SEOUL-YEONGDEUNGPO-MULLAE,문래권,SEOUL-YEONGDEUNGPO-MULLAE-SM02,문래역권,SEOUL-YEONGDEUNGPO-MULLAE-SM02-N04,문래역,station,S
서울특별시,YEONGDEUNGPO,영등포구,SEOUL-YEONGDEUNGPO-MULLAE,문래권,SEOUL-YEONGDEUNGPO-MULLAE-SM03,철공소 골목,,,,S
서울특별시,YEONGDEUNGPO,영등포구,SEOUL-YEONGDEUNGPO-DANGSAN,당산권,SEOUL-YEONGDEUNGPO-DANGSAN-SM01,당산역권,SEOUL-YEONGDEUNGPO-DANGSAN-SM01-N01,당산,anchor,C
서울특별시,YEONGDEUNGPO,영등포구,SEOUL-YEONGDEUNGPO-DANGSAN,당산권,SEOUL-YEONGDEUNGPO-DANGSAN-SM01,당산역권,SEOUL-YEONGDEUNGPO-DANGSAN-SM01-N02,양평로,street,C
서울특별시,YEONGDEUNGPO,영등포구,SEOUL-YEONGDEUNGPO-DANGSAN,당산권,SEOUL-YEONGDEUNGPO-DANGSAN-SM01,당산역권,SEOUL-YEONGDEUNGPO-DANGSAN-SM01-N03,당산로,street,C
서울특별시,YEONGDEUNGPO,영등포구,SEOUL-YEONGDEUNGPO-DANGSAN,당산권,SEOUL-YEONGDEUNGPO-DANGSAN-SM01,당산역권,SEOUL-YEONGDEUNGPO-DANGSAN-SM01-N04,당산역,station,C
서울특별시,YEONGDEUNGPO,영등포구,SEOUL-YEONGDEUNGPO-DANGSAN,당산권,SEOUL-YEONGDEUNGPO-DANGSAN-SM02,당산동 오피스,,,,C
서울특별시,YEONGDEUNGPO,영등포구,SEOUL-YEONGDEUNGPO-DANGSAN,당산권,SEOUL-YEONGDEUNGPO-DANGSAN-SM03,한강 연결축,,,,C
서울특별시,YEONGDEUNGPO,영등포구,SEOUL-YEONGDEUNGPO-SEONYUDO-YANGPYEONG,선유도·양평권,SEOUL-YEONGDEUNGPO-SEONYUDO-YANGPYEONG-SM01,선유도역권,SEOUL-YEONGDEUNGPO-SEONYUDO-YANGPYEONG-SM01-N01,선유도,anchor,B
서울특별시,YEONGDEUNGPO,영등포구,SEOUL-YEONGDEUNGPO-SEONYUDO-YANGPYEONG,선유도·양평권,SEOUL-YEONGDEUNGPO-SEONYUDO-YANGPYEONG-SM01,선유도역권,SEOUL-YEONGDEUNGPO-SEONYUDO-YANGPYEONG-SM01-N02,양평,anchor,B
서울특별시,YEONGDEUNGPO,영등포구,SEOUL-YEONGDEUNGPO-SEONYUDO-YANGPYEONG,선유도·양평권,SEOUL-YEONGDEUNGPO-SEONYUDO-YANGPYEONG-SM01,선유도역권,SEOUL-YEONGDEUNGPO-SEONYUDO-YANGPYEONG-SM01-N03,양평로,street,B
서울특별시,YEONGDEUNGPO,영등포구,SEOUL-YEONGDEUNGPO-SEONYUDO-YANGPYEONG,선유도·양평권,SEOUL-YEONGDEUNGPO-SEONYUDO-YANGPYEONG-SM01,선유도역권,SEOUL-YEONGDEUNGPO-SEONYUDO-YANGPYEONG-SM01-N04,선유로,street,B
서울특별시,YEONGDEUNGPO,영등포구,SEOUL-YEONGDEUNGPO-SEONYUDO-YANGPYEONG,선유도·양평권,SEOUL-YEONGDEUNGPO-SEONYUDO-YANGPYEONG-SM01,선유도역권,SEOUL-YEONGDEUNGPO-SEONYUDO-YANGPYEONG-SM01-N05,선유도공원,park_water_access,B
서울특별시,YEONGDEUNGPO,영등포구,SEOUL-YEONGDEUNGPO-SEONYUDO-YANGPYEONG,선유도·양평권,SEOUL-YEONGDEUNGPO-SEONYUDO-YANGPYEONG-SM01,선유도역권,SEOUL-YEONGDEUNGPO-SEONYUDO-YANGPYEONG-SM01-N06,선유도역,station,B
서울특별시,YEONGDEUNGPO,영등포구,SEOUL-YEONGDEUNGPO-SEONYUDO-YANGPYEONG,선유도·양평권,SEOUL-YEONGDEUNGPO-SEONYUDO-YANGPYEONG-SM02,양평동 업무축,,,,B
서울특별시,YEONGDEUNGPO,영등포구,SEOUL-YEONGDEUNGPO-SINGIL-DAERIM,신길·대림권,SEOUL-YEONGDEUNGPO-SINGIL-DAERIM-SM01,신길뉴타운,SEOUL-YEONGDEUNGPO-SINGIL-DAERIM-SM01-N01,신길,street,B
서울특별시,YEONGDEUNGPO,영등포구,SEOUL-YEONGDEUNGPO-SINGIL-DAERIM,신길·대림권,SEOUL-YEONGDEUNGPO-SINGIL-DAERIM-SM01,신길뉴타운,SEOUL-YEONGDEUNGPO-SINGIL-DAERIM-SM01-N03,도신로,street,B
서울특별시,YEONGDEUNGPO,영등포구,SEOUL-YEONGDEUNGPO-SINGIL-DAERIM,신길·대림권,SEOUL-YEONGDEUNGPO-SINGIL-DAERIM-SM01,신길뉴타운,SEOUL-YEONGDEUNGPO-SINGIL-DAERIM-SM01-N04,도림로,street,B
서울특별시,YEONGDEUNGPO,영등포구,SEOUL-YEONGDEUNGPO-SINGIL-DAERIM,신길·대림권,SEOUL-YEONGDEUNGPO-SINGIL-DAERIM-SM02,대림역권,SEOUL-YEONGDEUNGPO-SINGIL-DAERIM-SM02-N02,대림,anchor,B
서울특별시,YEONGDEUNGPO,영등포구,SEOUL-YEONGDEUNGPO-SINGIL-DAERIM,신길·대림권,SEOUL-YEONGDEUNGPO-SINGIL-DAERIM-SM02,대림역권,SEOUL-YEONGDEUNGPO-SINGIL-DAERIM-SM02-N05,대림역,station,B
서울특별시,YEONGDEUNGPO,영등포구,SEOUL-YEONGDEUNGPO-SINGIL-DAERIM,신길·대림권,SEOUL-YEONGDEUNGPO-SINGIL-DAERIM-SM02,대림역권,SEOUL-YEONGDEUNGPO-SINGIL-DAERIM-SM02-N06,대림중앙시장,traditional_market,B
서울특별시,YEONGDEUNGPO,영등포구,SEOUL-YEONGDEUNGPO-YEONGDEUNGPO-MARKET,영등포시장권,SEOUL-YEONGDEUNGPO-YEONGDEUNGPO-MARKET-SM01,영등포로터리,SEOUL-YEONGDEUNGPO-YEONGDEUNGPO-MARKET-SM01-N01,영등포시장,traditional_market,B
서울특별시,YEONGDEUNGPO,영등포구,SEOUL-YEONGDEUNGPO-YEONGDEUNGPO-MARKET,영등포시장권,SEOUL-YEONGDEUNGPO-YEONGDEUNGPO-MARKET-SM01,영등포로터리,SEOUL-YEONGDEUNGPO-YEONGDEUNGPO-MARKET-SM01-N02,영등포로,street,B
서울특별시,YEONGDEUNGPO,영등포구,SEOUL-YEONGDEUNGPO-YEONGDEUNGPO-MARKET,영등포시장권,SEOUL-YEONGDEUNGPO-YEONGDEUNGPO-MARKET-SM01,영등포로터리,SEOUL-YEONGDEUNGPO-YEONGDEUNGPO-MARKET-SM01-N03,영중로,street,B
서울특별시,YEONGDEUNGPO,영등포구,SEOUL-YEONGDEUNGPO-YEONGDEUNGPO-MARKET,영등포시장권,SEOUL-YEONGDEUNGPO-YEONGDEUNGPO-MARKET-SM02,국회대로 남측,,,,B
서울특별시,DONGJAK,동작구,SEOUL-DONGJAK-SADANG,사당권,SEOUL-DONGJAK-SADANG-SM01,사당역권,SEOUL-DONGJAK-SADANG-SM01-N01,사당,anchor,A
서울특별시,DONGJAK,동작구,SEOUL-DONGJAK-SADANG,사당권,SEOUL-DONGJAK-SADANG-SM01,사당역권,SEOUL-DONGJAK-SADANG-SM01-N02,남부순환로,street,A
서울특별시,DONGJAK,동작구,SEOUL-DONGJAK-SADANG,사당권,SEOUL-DONGJAK-SADANG-SM01,사당역권,SEOUL-DONGJAK-SADANG-SM01-N03,동작대로,street,A
서울특별시,DONGJAK,동작구,SEOUL-DONGJAK-SADANG,사당권,SEOUL-DONGJAK-SADANG-SM01,사당역권,SEOUL-DONGJAK-SADANG-SM01-N04,사당역,station,A
서울특별시,DONGJAK,동작구,SEOUL-DONGJAK-SADANG,사당권,SEOUL-DONGJAK-SADANG-SM02,남현동 먹자골목,,,,A
서울특별시,DONGJAK,동작구,SEOUL-DONGJAK-SADANG,사당권,SEOUL-DONGJAK-SADANG-SM03,관악산 북측,,,,A
서울특별시,DONGJAK,동작구,SEOUL-DONGJAK-ISU,이수권,SEOUL-DONGJAK-ISU-SM01,이수역권,SEOUL-DONGJAK-ISU-SM01-N01,이수,anchor,B
서울특별시,DONGJAK,동작구,SEOUL-DONGJAK-ISU,이수권,SEOUL-DONGJAK-ISU-SM01,이수역권,SEOUL-DONGJAK-ISU-SM01-N02,총신대입구,anchor,B
서울특별시,DONGJAK,동작구,SEOUL-DONGJAK-ISU,이수권,SEOUL-DONGJAK-ISU-SM01,이수역권,SEOUL-DONGJAK-ISU-SM01-N03,동작대로,street,B
서울특별시,DONGJAK,동작구,SEOUL-DONGJAK-ISU,이수권,SEOUL-DONGJAK-ISU-SM01,이수역권,SEOUL-DONGJAK-ISU-SM01-N04,사당로,street,B
서울특별시,DONGJAK,동작구,SEOUL-DONGJAK-ISU,이수권,SEOUL-DONGJAK-ISU-SM01,이수역권,SEOUL-DONGJAK-ISU-SM01-N05,이수역,station,B
서울특별시,DONGJAK,동작구,SEOUL-DONGJAK-ISU,이수권,SEOUL-DONGJAK-ISU-SM01,이수역권,SEOUL-DONGJAK-ISU-SM01-N06,태평백화점,shopping,B
서울특별시,DONGJAK,동작구,SEOUL-DONGJAK-ISU,이수권,SEOUL-DONGJAK-ISU-SM01,이수역권,SEOUL-DONGJAK-ISU-SM01-N07,남성사계시장,traditional_market,B
서울특별시,DONGJAK,동작구,SEOUL-DONGJAK-NORYANGJIN,노량진권,SEOUL-DONGJAK-NORYANGJIN-SM01,노량진역권,SEOUL-DONGJAK-NORYANGJIN-SM01-N01,노량진,anchor,S
서울특별시,DONGJAK,동작구,SEOUL-DONGJAK-NORYANGJIN,노량진권,SEOUL-DONGJAK-NORYANGJIN-SM01,노량진역권,SEOUL-DONGJAK-NORYANGJIN-SM01-N02,노량진로,street,S
서울특별시,DONGJAK,동작구,SEOUL-DONGJAK-NORYANGJIN,노량진권,SEOUL-DONGJAK-NORYANGJIN-SM01,노량진역권,SEOUL-DONGJAK-NORYANGJIN-SM01-N03,장승배기로,street,S
서울특별시,DONGJAK,동작구,SEOUL-DONGJAK-NORYANGJIN,노량진권,SEOUL-DONGJAK-NORYANGJIN-SM01,노량진역권,SEOUL-DONGJAK-NORYANGJIN-SM01-N04,노량진역,station,S
서울특별시,DONGJAK,동작구,SEOUL-DONGJAK-NORYANGJIN,노량진권,SEOUL-DONGJAK-NORYANGJIN-SM01,노량진역권,SEOUL-DONGJAK-NORYANGJIN-SM01-N05,수산시장,traditional_market,S
서울특별시,DONGJAK,동작구,SEOUL-DONGJAK-NORYANGJIN,노량진권,SEOUL-DONGJAK-NORYANGJIN-SM02,학원가,,,,S
서울특별시,DONGJAK,동작구,SEOUL-DONGJAK-HEUKSEOK,흑석권,SEOUL-DONGJAK-HEUKSEOK-SM01,흑석역권,SEOUL-DONGJAK-HEUKSEOK-SM01-N01,흑석,anchor,B
서울특별시,DONGJAK,동작구,SEOUL-DONGJAK-HEUKSEOK,흑석권,SEOUL-DONGJAK-HEUKSEOK-SM01,흑석역권,SEOUL-DONGJAK-HEUKSEOK-SM01-N02,서달로,street,B
서울특별시,DONGJAK,동작구,SEOUL-DONGJAK-HEUKSEOK,흑석권,SEOUL-DONGJAK-HEUKSEOK-SM01,흑석역권,SEOUL-DONGJAK-HEUKSEOK-SM01-N03,현충로,street,B
서울특별시,DONGJAK,동작구,SEOUL-DONGJAK-HEUKSEOK,흑석권,SEOUL-DONGJAK-HEUKSEOK-SM01,흑석역권,SEOUL-DONGJAK-HEUKSEOK-SM01-N04,흑석역,station,B
서울특별시,DONGJAK,동작구,SEOUL-DONGJAK-HEUKSEOK,흑석권,SEOUL-DONGJAK-HEUKSEOK-SM01,흑석역권,SEOUL-DONGJAK-HEUKSEOK-SM01-N05,흑석시장,traditional_market,B
서울특별시,DONGJAK,동작구,SEOUL-DONGJAK-HEUKSEOK,흑석권,SEOUL-DONGJAK-HEUKSEOK-SM02,중앙대,,,,B
서울특별시,DONGJAK,동작구,SEOUL-DONGJAK-SANGDO,상도권,SEOUL-DONGJAK-SANGDO-SM01,상도역권,SEOUL-DONGJAK-SANGDO-SM01-N01,상도,anchor,B
서울특별시,DONGJAK,동작구,SEOUL-DONGJAK-SANGDO,상도권,SEOUL-DONGJAK-SANGDO-SM01,상도역권,SEOUL-DONGJAK-SANGDO-SM01-N03,상도로,street,B
서울특별시,DONGJAK,동작구,SEOUL-DONGJAK-SANGDO,상도권,SEOUL-DONGJAK-SANGDO-SM01,상도역권,SEOUL-DONGJAK-SANGDO-SM01-N04,사당로,street,B
서울특별시,DONGJAK,동작구,SEOUL-DONGJAK-SANGDO,상도권,SEOUL-DONGJAK-SANGDO-SM01,상도역권,SEOUL-DONGJAK-SANGDO-SM01-N05,상도역,station,B
서울특별시,DONGJAK,동작구,SEOUL-DONGJAK-SANGDO,상도권,SEOUL-DONGJAK-SANGDO-SM02,장승배기역권,SEOUL-DONGJAK-SANGDO-SM02-N06,장승배기역,station,B
서울특별시,DONGJAK,동작구,SEOUL-DONGJAK-SANGDO,상도권,SEOUL-DONGJAK-SANGDO-SM03,숭실대,SEOUL-DONGJAK-SANGDO-SM03-N02,숭실대입구,anchor,B
서울특별시,DONGJAK,동작구,SEOUL-DONGJAK-SINDAEBANG-BORAMAE,신대방삼거리·보라매권,SEOUL-DONGJAK-SINDAEBANG-BORAMAE-SM01,신대방삼거리,SEOUL-DONGJAK-SINDAEBANG-BORAMAE-SM01-N01,신대방삼거리,street,C
서울특별시,DONGJAK,동작구,SEOUL-DONGJAK-SINDAEBANG-BORAMAE,신대방삼거리·보라매권,SEOUL-DONGJAK-SINDAEBANG-BORAMAE-SM01,신대방삼거리,SEOUL-DONGJAK-SINDAEBANG-BORAMAE-SM01-N02,보라매,anchor,C
서울특별시,DONGJAK,동작구,SEOUL-DONGJAK-SINDAEBANG-BORAMAE,신대방삼거리·보라매권,SEOUL-DONGJAK-SINDAEBANG-BORAMAE-SM01,신대방삼거리,SEOUL-DONGJAK-SINDAEBANG-BORAMAE-SM01-N03,보라매로,street,C
서울특별시,DONGJAK,동작구,SEOUL-DONGJAK-SINDAEBANG-BORAMAE,신대방삼거리·보라매권,SEOUL-DONGJAK-SINDAEBANG-BORAMAE-SM01,신대방삼거리,SEOUL-DONGJAK-SINDAEBANG-BORAMAE-SM01-N04,상도로,street,C
서울특별시,DONGJAK,동작구,SEOUL-DONGJAK-SINDAEBANG-BORAMAE,신대방삼거리·보라매권,SEOUL-DONGJAK-SINDAEBANG-BORAMAE-SM01,신대방삼거리,SEOUL-DONGJAK-SINDAEBANG-BORAMAE-SM01-N05,보라매공원,park_water_access,C
서울특별시,DONGJAK,동작구,SEOUL-DONGJAK-SINDAEBANG-BORAMAE,신대방삼거리·보라매권,SEOUL-DONGJAK-SINDAEBANG-BORAMAE-SM02,병원업무축,,,,C
서울특별시,GWANAK,관악구,SEOUL-GWANAK-SILLIM,신림권,SEOUL-GWANAK-SILLIM-SM01,신림역권,SEOUL-GWANAK-SILLIM-SM01-N01,신림,anchor,A
서울특별시,GWANAK,관악구,SEOUL-GWANAK-SILLIM,신림권,SEOUL-GWANAK-SILLIM-SM01,신림역권,SEOUL-GWANAK-SILLIM-SM01-N02,신림로,street,A
서울특별시,GWANAK,관악구,SEOUL-GWANAK-SILLIM,신림권,SEOUL-GWANAK-SILLIM-SM01,신림역권,SEOUL-GWANAK-SILLIM-SM01-N03,남부순환로,street,A
서울특별시,GWANAK,관악구,SEOUL-GWANAK-SILLIM,신림권,SEOUL-GWANAK-SILLIM-SM01,신림역권,SEOUL-GWANAK-SILLIM-SM01-N04,신림역,station,A
서울특별시,GWANAK,관악구,SEOUL-GWANAK-SILLIM,신림권,SEOUL-GWANAK-SILLIM-SM02,별빛거리,,,,A
서울특별시,GWANAK,관악구,SEOUL-GWANAK-SILLIM,신림권,SEOUL-GWANAK-SILLIM-SM03,순대타운,,,,A
서울특별시,GWANAK,관악구,SEOUL-GWANAK-SNU-SHAROSU,서울대입구·샤로수길권,SEOUL-GWANAK-SNU-SHAROSU-SM01,서울대입구역권,SEOUL-GWANAK-SNU-SHAROSU-SM01-N01,서울대입구,university,S
서울특별시,GWANAK,관악구,SEOUL-GWANAK-SNU-SHAROSU,서울대입구·샤로수길권,SEOUL-GWANAK-SNU-SHAROSU-SM01,서울대입구역권,SEOUL-GWANAK-SNU-SHAROSU-SM01-N02,관악로,street,S
서울특별시,GWANAK,관악구,SEOUL-GWANAK-SNU-SHAROSU,서울대입구·샤로수길권,SEOUL-GWANAK-SNU-SHAROSU-SM01,서울대입구역권,SEOUL-GWANAK-SNU-SHAROSU-SM01-N03,남부순환로,street,S
서울특별시,GWANAK,관악구,SEOUL-GWANAK-SNU-SHAROSU,서울대입구·샤로수길권,SEOUL-GWANAK-SNU-SHAROSU-SM01,서울대입구역권,SEOUL-GWANAK-SNU-SHAROSU-SM01-N04,서울대입구역,station,S
서울특별시,GWANAK,관악구,SEOUL-GWANAK-SNU-SHAROSU,서울대입구·샤로수길권,SEOUL-GWANAK-SNU-SHAROSU-SM02,샤로수길,,,,S
서울특별시,GWANAK,관악구,SEOUL-GWANAK-SNU-SHAROSU,서울대입구·샤로수길권,SEOUL-GWANAK-SNU-SHAROSU-SM03,관악구청,,,,S
서울특별시,GWANAK,관악구,SEOUL-GWANAK-NAKSEONGDAE,낙성대권,SEOUL-GWANAK-NAKSEONGDAE-SM01,낙성대역권,SEOUL-GWANAK-NAKSEONGDAE-SM01-N01,낙성대,anchor,A
서울특별시,GWANAK,관악구,SEOUL-GWANAK-NAKSEONGDAE,낙성대권,SEOUL-GWANAK-NAKSEONGDAE-SM01,낙성대역권,SEOUL-GWANAK-NAKSEONGDAE-SM01-N02,남부순환로,street,A
서울특별시,GWANAK,관악구,SEOUL-GWANAK-NAKSEONGDAE,낙성대권,SEOUL-GWANAK-NAKSEONGDAE-SM01,낙성대역권,SEOUL-GWANAK-NAKSEONGDAE-SM01-N03,낙성대로,street,A
서울특별시,GWANAK,관악구,SEOUL-GWANAK-NAKSEONGDAE,낙성대권,SEOUL-GWANAK-NAKSEONGDAE-SM01,낙성대역권,SEOUL-GWANAK-NAKSEONGDAE-SM01-N04,낙성대역,station,A
서울특별시,GWANAK,관악구,SEOUL-GWANAK-NAKSEONGDAE,낙성대권,SEOUL-GWANAK-NAKSEONGDAE-SM01,낙성대역권,SEOUL-GWANAK-NAKSEONGDAE-SM01-N05,인헌시장,traditional_market,A
서울특별시,GWANAK,관악구,SEOUL-GWANAK-NAKSEONGDAE,낙성대권,SEOUL-GWANAK-NAKSEONGDAE-SM01,낙성대역권,SEOUL-GWANAK-NAKSEONGDAE-SM01-N06,낙성대공원,park_water_access,A
서울특별시,GWANAK,관악구,SEOUL-GWANAK-BONGCHEON,봉천권,SEOUL-GWANAK-BONGCHEON-SM01,봉천역권,SEOUL-GWANAK-BONGCHEON-SM01-N01,봉천,anchor,C
서울특별시,GWANAK,관악구,SEOUL-GWANAK-BONGCHEON,봉천권,SEOUL-GWANAK-BONGCHEON-SM01,봉천역권,SEOUL-GWANAK-BONGCHEON-SM01-N02,남부순환로,street,C
서울특별시,GWANAK,관악구,SEOUL-GWANAK-BONGCHEON,봉천권,SEOUL-GWANAK-BONGCHEON-SM01,봉천역권,SEOUL-GWANAK-BONGCHEON-SM01-N03,봉천로,street,C
서울특별시,GWANAK,관악구,SEOUL-GWANAK-BONGCHEON,봉천권,SEOUL-GWANAK-BONGCHEON-SM01,봉천역권,SEOUL-GWANAK-BONGCHEON-SM01-N04,봉천역,station,C
서울특별시,GWANAK,관악구,SEOUL-GWANAK-BONGCHEON,봉천권,SEOUL-GWANAK-BONGCHEON-SM01,봉천역권,SEOUL-GWANAK-BONGCHEON-SM01-N05,봉천제일시장,traditional_market,C
서울특별시,GWANAK,관악구,SEOUL-GWANAK-BONGCHEON,봉천권,SEOUL-GWANAK-BONGCHEON-SM02,은천동 주거축,,,,C
서울특별시,GWANAK,관악구,SEOUL-GWANAK-DAEHAKDONG-GWANAKSAN,대학동·관악산입구권,SEOUL-GWANAK-DAEHAKDONG-GWANAKSAN-SM01,대학동 고시촌,SEOUL-GWANAK-DAEHAKDONG-GWANAKSAN-SM01-N01,서울대벤처타운,university,B
서울특별시,GWANAK,관악구,SEOUL-GWANAK-DAEHAKDONG-GWANAKSAN,대학동·관악산입구권,SEOUL-GWANAK-DAEHAKDONG-GWANAKSAN-SM01,대학동 고시촌,SEOUL-GWANAK-DAEHAKDONG-GWANAKSAN-SM01-N02,신림로,street,B
서울특별시,GWANAK,관악구,SEOUL-GWANAK-DAEHAKDONG-GWANAKSAN,대학동·관악산입구권,SEOUL-GWANAK-DAEHAKDONG-GWANAKSAN-SM01,대학동 고시촌,SEOUL-GWANAK-DAEHAKDONG-GWANAKSAN-SM01-N03,관악산나들길,street,B
서울특별시,GWANAK,관악구,SEOUL-GWANAK-DAEHAKDONG-GWANAKSAN,대학동·관악산입구권,SEOUL-GWANAK-DAEHAKDONG-GWANAKSAN-SM01,대학동 고시촌,SEOUL-GWANAK-DAEHAKDONG-GWANAKSAN-SM01-N04,서울대 정문,university,B
서울특별시,GWANAK,관악구,SEOUL-GWANAK-DAEHAKDONG-GWANAKSAN,대학동·관악산입구권,SEOUL-GWANAK-DAEHAKDONG-GWANAKSAN-SM02,관악산 입구,,,,B
서울특별시,GWANAK,관악구,SEOUL-GWANAK-SINDAEBANG-NANGOK,신대방·난곡권,SEOUL-GWANAK-SINDAEBANG-NANGOK-SM01,신대방역권,SEOUL-GWANAK-SINDAEBANG-NANGOK-SM01-N01,신대방,anchor,B
서울특별시,GWANAK,관악구,SEOUL-GWANAK-SINDAEBANG-NANGOK,신대방·난곡권,SEOUL-GWANAK-SINDAEBANG-NANGOK-SM01,신대방역권,SEOUL-GWANAK-SINDAEBANG-NANGOK-SM01-N02,난곡로,street,B
서울특별시,GWANAK,관악구,SEOUL-GWANAK-SINDAEBANG-NANGOK,신대방·난곡권,SEOUL-GWANAK-SINDAEBANG-NANGOK-SM01,신대방역권,SEOUL-GWANAK-SINDAEBANG-NANGOK-SM01-N03,신사로,street,B
서울특별시,GWANAK,관악구,SEOUL-GWANAK-SINDAEBANG-NANGOK,신대방·난곡권,SEOUL-GWANAK-SINDAEBANG-NANGOK-SM01,신대방역권,SEOUL-GWANAK-SINDAEBANG-NANGOK-SM01-N04,신대방역,station,B
서울특별시,GWANAK,관악구,SEOUL-GWANAK-SINDAEBANG-NANGOK,신대방·난곡권,SEOUL-GWANAK-SINDAEBANG-NANGOK-SM02,난곡사거리,,,,B
서울특별시,GWANAK,관악구,SEOUL-GWANAK-SINDAEBANG-NANGOK,신대방·난곡권,SEOUL-GWANAK-SINDAEBANG-NANGOK-SM03,도림천 남측,,,,B
서울특별시,SEOCHO,서초구,SEOUL-SEOCHO-GANGNAMSTN-WEST,강남역 서초권,SEOUL-SEOCHO-GANGNAMSTN-WEST-SM01,강남역 서측,SEOUL-SEOCHO-GANGNAMSTN-WEST-SM01-N01,강남,anchor,A
서울특별시,SEOCHO,서초구,SEOUL-SEOCHO-GANGNAMSTN-WEST,강남역 서초권,SEOUL-SEOCHO-GANGNAMSTN-WEST-SM01,강남역 서측,SEOUL-SEOCHO-GANGNAMSTN-WEST-SM01-N02,강남대로,street,A
서울특별시,SEOCHO,서초구,SEOUL-SEOCHO-GANGNAMSTN-WEST,강남역 서초권,SEOUL-SEOCHO-GANGNAMSTN-WEST-SM02,서초대로,SEOUL-SEOCHO-GANGNAMSTN-WEST-SM02-N03,서초대로,street,A
서울특별시,SEOCHO,서초구,SEOUL-SEOCHO-GANGNAMSTN-WEST,강남역 서초권,SEOUL-SEOCHO-GANGNAMSTN-WEST-SM03,강남대로 남단,,,,A
서울특별시,SEOCHO,서초구,SEOUL-SEOCHO-GYODAE,교대권,SEOUL-SEOCHO-GYODAE-SM01,교대역권,SEOUL-SEOCHO-GYODAE-SM01-N01,교대,anchor,B
서울특별시,SEOCHO,서초구,SEOUL-SEOCHO-GYODAE,교대권,SEOUL-SEOCHO-GYODAE-SM01,교대역권,SEOUL-SEOCHO-GYODAE-SM01-N02,서초대로,street,B
서울특별시,SEOCHO,서초구,SEOUL-SEOCHO-GYODAE,교대권,SEOUL-SEOCHO-GYODAE-SM01,교대역권,SEOUL-SEOCHO-GYODAE-SM01-N03,반포대로,street,B
서울특별시,SEOCHO,서초구,SEOUL-SEOCHO-GYODAE,교대권,SEOUL-SEOCHO-GYODAE-SM01,교대역권,SEOUL-SEOCHO-GYODAE-SM01-N04,교대역,station,B
서울특별시,SEOCHO,서초구,SEOUL-SEOCHO-GYODAE,교대권,SEOUL-SEOCHO-GYODAE-SM02,법조타운,,,,B
서울특별시,SEOCHO,서초구,SEOUL-SEOCHO-GYODAE,교대권,SEOUL-SEOCHO-GYODAE-SM03,먹자골목,,,,B
서울특별시,SEOCHO,서초구,SEOUL-SEOCHO-SEOCHO,서초권,SEOUL-SEOCHO-SEOCHO-SM01,서초역권,SEOUL-SEOCHO-SEOCHO-SM01-N01,서초,anchor,C
서울특별시,SEOCHO,서초구,SEOUL-SEOCHO-SEOCHO,서초권,SEOUL-SEOCHO-SEOCHO-SM01,서초역권,SEOUL-SEOCHO-SEOCHO-SM01-N02,반포대로,street,C
서울특별시,SEOCHO,서초구,SEOUL-SEOCHO-SEOCHO,서초권,SEOUL-SEOCHO-SEOCHO-SM01,서초역권,SEOUL-SEOCHO-SEOCHO-SM01-N03,서초대로,street,C
서울특별시,SEOCHO,서초구,SEOUL-SEOCHO-SEOCHO,서초권,SEOUL-SEOCHO-SEOCHO-SM01,서초역권,SEOUL-SEOCHO-SEOCHO-SM01-N04,서초역,station,C
서울특별시,SEOCHO,서초구,SEOUL-SEOCHO-SEOCHO,서초권,SEOUL-SEOCHO-SEOCHO-SM01,서초역권,SEOUL-SEOCHO-SEOCHO-SM01-N05,예술의전당,anchor,C
서울특별시,SEOCHO,서초구,SEOUL-SEOCHO-SEOCHO,서초권,SEOUL-SEOCHO-SEOCHO-SM02,법원 남측,,,,C
서울특별시,SEOCHO,서초구,SEOUL-SEOCHO-BANPO-EXPRESSTERMINAL,반포·고속터미널권,SEOUL-SEOCHO-BANPO-EXPRESSTERMINAL-SM01,센트럴시티,SEOUL-SEOCHO-BANPO-EXPRESSTERMINAL-SM01-N01,고속터미널,anchor,A
서울특별시,SEOCHO,서초구,SEOUL-SEOCHO-BANPO-EXPRESSTERMINAL,반포·고속터미널권,SEOUL-SEOCHO-BANPO-EXPRESSTERMINAL-SM01,센트럴시티,SEOUL-SEOCHO-BANPO-EXPRESSTERMINAL-SM01-N02,신반포,anchor,A
서울특별시,SEOCHO,서초구,SEOUL-SEOCHO-BANPO-EXPRESSTERMINAL,반포·고속터미널권,SEOUL-SEOCHO-BANPO-EXPRESSTERMINAL-SM01,센트럴시티,SEOUL-SEOCHO-BANPO-EXPRESSTERMINAL-SM01-N03,신반포로,street,A
서울특별시,SEOCHO,서초구,SEOUL-SEOCHO-BANPO-EXPRESSTERMINAL,반포·고속터미널권,SEOUL-SEOCHO-BANPO-EXPRESSTERMINAL-SM01,센트럴시티,SEOUL-SEOCHO-BANPO-EXPRESSTERMINAL-SM01-N04,사평대로,street,A
서울특별시,SEOCHO,서초구,SEOUL-SEOCHO-BANPO-EXPRESSTERMINAL,반포·고속터미널권,SEOUL-SEOCHO-BANPO-EXPRESSTERMINAL-SM01,센트럴시티,SEOUL-SEOCHO-BANPO-EXPRESSTERMINAL-SM01-N05,신세계강남,anchor,A
서울특별시,SEOCHO,서초구,SEOUL-SEOCHO-BANPO-EXPRESSTERMINAL,반포·고속터미널권,SEOUL-SEOCHO-BANPO-EXPRESSTERMINAL-SM01,센트럴시티,SEOUL-SEOCHO-BANPO-EXPRESSTERMINAL-SM01-N06,반포한강공원,park_water_access,A
서울특별시,SEOCHO,서초구,SEOUL-SEOCHO-JAMWON,잠원권,SEOUL-SEOCHO-JAMWON-SM01,잠원역권,SEOUL-SEOCHO-JAMWON-SM01-N01,잠원,anchor,B
서울특별시,SEOCHO,서초구,SEOUL-SEOCHO-JAMWON,잠원권,SEOUL-SEOCHO-JAMWON-SM01,잠원역권,SEOUL-SEOCHO-JAMWON-SM01-N02,나루터로,street,B
서울특별시,SEOCHO,서초구,SEOUL-SEOCHO-JAMWON,잠원권,SEOUL-SEOCHO-JAMWON-SM01,잠원역권,SEOUL-SEOCHO-JAMWON-SM01-N03,신반포로,street,B
서울특별시,SEOCHO,서초구,SEOUL-SEOCHO-JAMWON,잠원권,SEOUL-SEOCHO-JAMWON-SM01,잠원역권,SEOUL-SEOCHO-JAMWON-SM01-N04,잠원역,station,B
서울특별시,SEOCHO,서초구,SEOUL-SEOCHO-JAMWON,잠원권,SEOUL-SEOCHO-JAMWON-SM01,잠원역권,SEOUL-SEOCHO-JAMWON-SM01-N05,한강공원,park_water_access,B
서울특별시,SEOCHO,서초구,SEOUL-SEOCHO-JAMWON,잠원권,SEOUL-SEOCHO-JAMWON-SM02,신사역 남측,,,,B
서울특별시,SEOCHO,서초구,SEOUL-SEOCHO-BANGBAE-SEORAE,방배·서래마을권,SEOUL-SEOCHO-BANGBAE-SEORAE-SM01,방배역권,SEOUL-SEOCHO-BANGBAE-SEORAE-SM01-N01,방배,anchor,A
서울특별시,SEOCHO,서초구,SEOUL-SEOCHO-BANGBAE-SEORAE,방배·서래마을권,SEOUL-SEOCHO-BANGBAE-SEORAE-SM01,방배역권,SEOUL-SEOCHO-BANGBAE-SEORAE-SM01-N03,방배로,street,A
서울특별시,SEOCHO,서초구,SEOUL-SEOCHO-BANGBAE-SEORAE,방배·서래마을권,SEOUL-SEOCHO-BANGBAE-SEORAE-SM01,방배역권,SEOUL-SEOCHO-BANGBAE-SEORAE-SM01-N04,서래로,street,A
서울특별시,SEOCHO,서초구,SEOUL-SEOCHO-BANGBAE-SEORAE,방배·서래마을권,SEOUL-SEOCHO-BANGBAE-SEORAE-SM01,방배역권,SEOUL-SEOCHO-BANGBAE-SEORAE-SM01-N05,방배역,station,A
서울특별시,SEOCHO,서초구,SEOUL-SEOCHO-BANGBAE-SEORAE,방배·서래마을권,SEOUL-SEOCHO-BANGBAE-SEORAE-SM02,내방역권,SEOUL-SEOCHO-BANGBAE-SEORAE-SM02-N02,내방,anchor,A
서울특별시,SEOCHO,서초구,SEOUL-SEOCHO-BANGBAE-SEORAE,방배·서래마을권,SEOUL-SEOCHO-BANGBAE-SEORAE-SM02,내방역권,SEOUL-SEOCHO-BANGBAE-SEORAE-SM02-N06,내방역,station,A
서울특별시,SEOCHO,서초구,SEOUL-SEOCHO-BANGBAE-SEORAE,방배·서래마을권,SEOUL-SEOCHO-BANGBAE-SEORAE-SM03,서래마을,,,,A
서울특별시,SEOCHO,서초구,SEOUL-SEOCHO-BANGBAE-SEORAE,방배·서래마을권,SEOUL-SEOCHO-BANGBAE-SEORAE-SM04,카페골목,,,,A
서울특별시,SEOCHO,서초구,SEOUL-SEOCHO-YANGJAE,양재권,SEOUL-SEOCHO-YANGJAE-SM01,양재역권,SEOUL-SEOCHO-YANGJAE-SM01-N01,양재,anchor,S
서울특별시,SEOCHO,서초구,SEOUL-SEOCHO-YANGJAE,양재권,SEOUL-SEOCHO-YANGJAE-SM01,양재역권,SEOUL-SEOCHO-YANGJAE-SM01-N02,양재시민의숲,anchor,S
서울특별시,SEOCHO,서초구,SEOUL-SEOCHO-YANGJAE,양재권,SEOUL-SEOCHO-YANGJAE-SM01,양재역권,SEOUL-SEOCHO-YANGJAE-SM01-N03,강남대로,street,S
서울특별시,SEOCHO,서초구,SEOUL-SEOCHO-YANGJAE,양재권,SEOUL-SEOCHO-YANGJAE-SM01,양재역권,SEOUL-SEOCHO-YANGJAE-SM01-N04,양재천로,street,S
서울특별시,SEOCHO,서초구,SEOUL-SEOCHO-YANGJAE,양재권,SEOUL-SEOCHO-YANGJAE-SM01,양재역권,SEOUL-SEOCHO-YANGJAE-SM01-N05,양재역,station,S
서울특별시,SEOCHO,서초구,SEOUL-SEOCHO-YANGJAE,양재권,SEOUL-SEOCHO-YANGJAE-SM01,양재역권,SEOUL-SEOCHO-YANGJAE-SM01-N06,AT센터,anchor,S
서울특별시,SEOCHO,서초구,SEOUL-SEOCHO-YANGJAE,양재권,SEOUL-SEOCHO-YANGJAE-SM02,양재시민의숲,,,,S
서울특별시,SEOCHO,서초구,SEOUL-SEOCHO-YANGJAE,양재권,SEOUL-SEOCHO-YANGJAE-SM03,오피스축,,,,S
서울특별시,SEOCHO,서초구,SEOUL-SEOCHO-NAEGOK-CHEONGGYESAN,내곡·청계산입구권,SEOUL-SEOCHO-NAEGOK-CHEONGGYESAN-SM01,청계산입구역권,SEOUL-SEOCHO-NAEGOK-CHEONGGYESAN-SM01-N01,청계산입구,anchor,B
서울특별시,SEOCHO,서초구,SEOUL-SEOCHO-NAEGOK-CHEONGGYESAN,내곡·청계산입구권,SEOUL-SEOCHO-NAEGOK-CHEONGGYESAN-SM01,청계산입구역권,SEOUL-SEOCHO-NAEGOK-CHEONGGYESAN-SM01-N02,청계산로,street,B
서울특별시,SEOCHO,서초구,SEOUL-SEOCHO-NAEGOK-CHEONGGYESAN,내곡·청계산입구권,SEOUL-SEOCHO-NAEGOK-CHEONGGYESAN-SM01,청계산입구역권,SEOUL-SEOCHO-NAEGOK-CHEONGGYESAN-SM01-N03,헌릉로,street,B
서울특별시,SEOCHO,서초구,SEOUL-SEOCHO-NAEGOK-CHEONGGYESAN,내곡·청계산입구권,SEOUL-SEOCHO-NAEGOK-CHEONGGYESAN-SM01,청계산입구역권,SEOUL-SEOCHO-NAEGOK-CHEONGGYESAN-SM01-N04,청계산입구역,station,B
서울특별시,SEOCHO,서초구,SEOUL-SEOCHO-NAEGOK-CHEONGGYESAN,내곡·청계산입구권,SEOUL-SEOCHO-NAEGOK-CHEONGGYESAN-SM02,내곡지구,,,,B
서울특별시,SEOCHO,서초구,SEOUL-SEOCHO-NAEGOK-CHEONGGYESAN,내곡·청계산입구권,SEOUL-SEOCHO-NAEGOK-CHEONGGYESAN-SM03,헌인릉,,,,B
서울특별시,GANGNAM,강남구,SEOUL-GANGNAM-GANGNAMSTN,강남역권,SEOUL-GANGNAM-GANGNAMSTN-SM01,강남역 동측,SEOUL-GANGNAM-GANGNAMSTN-SM01-N01,강남,anchor,A
서울특별시,GANGNAM,강남구,SEOUL-GANGNAM-GANGNAMSTN,강남역권,SEOUL-GANGNAM-GANGNAMSTN-SM01,강남역 동측,SEOUL-GANGNAM-GANGNAMSTN-SM01-N02,강남대로,street,A
서울특별시,GANGNAM,강남구,SEOUL-GANGNAM-GANGNAMSTN,강남역권,SEOUL-GANGNAM-GANGNAMSTN-SM01,강남역 동측,SEOUL-GANGNAM-GANGNAMSTN-SM01-N03,테헤란로,street,A
서울특별시,GANGNAM,강남구,SEOUL-GANGNAM-GANGNAMSTN,강남역권,SEOUL-GANGNAM-GANGNAMSTN-SM02,테헤란로 초입,,,,A
서울특별시,GANGNAM,강남구,SEOUL-GANGNAM-GANGNAMSTN,강남역권,SEOUL-GANGNAM-GANGNAMSTN-SM03,역삼동 먹자축,,,,A
서울특별시,GANGNAM,강남구,SEOUL-GANGNAM-YEOKSAM-TEHERAN,역삼·테헤란로권,SEOUL-GANGNAM-YEOKSAM-TEHERAN-SM01,역삼역권,SEOUL-GANGNAM-YEOKSAM-TEHERAN-SM01-N01,역삼,station,A
서울특별시,GANGNAM,강남구,SEOUL-GANGNAM-YEOKSAM-TEHERAN,역삼·테헤란로권,SEOUL-GANGNAM-YEOKSAM-TEHERAN-SM01,역삼역권,SEOUL-GANGNAM-YEOKSAM-TEHERAN-SM01-N02,테헤란로,street,A
서울특별시,GANGNAM,강남구,SEOUL-GANGNAM-YEOKSAM-TEHERAN,역삼·테헤란로권,SEOUL-GANGNAM-YEOKSAM-TEHERAN-SM01,역삼역권,SEOUL-GANGNAM-YEOKSAM-TEHERAN-SM01-N03,논현로,street,A
서울특별시,GANGNAM,강남구,SEOUL-GANGNAM-YEOKSAM-TEHERAN,역삼·테헤란로권,SEOUL-GANGNAM-YEOKSAM-TEHERAN-SM01,역삼역권,SEOUL-GANGNAM-YEOKSAM-TEHERAN-SM01-N04,역삼역,station,A
서울특별시,GANGNAM,강남구,SEOUL-GANGNAM-YEOKSAM-TEHERAN,역삼·테헤란로권,SEOUL-GANGNAM-YEOKSAM-TEHERAN-SM02,테헤란로 오피스,,,,A
서울특별시,GANGNAM,강남구,SEOUL-GANGNAM-YEOKSAM-TEHERAN,역삼·테헤란로권,SEOUL-GANGNAM-YEOKSAM-TEHERAN-SM03,강남파이낸스센터,,,,A
서울특별시,GANGNAM,강남구,SEOUL-GANGNAM-SEOLLEUNG,선릉권,SEOUL-GANGNAM-SEOLLEUNG-SM01,선릉역권,SEOUL-GANGNAM-SEOLLEUNG-SM01-N01,선릉,anchor,A
서울특별시,GANGNAM,강남구,SEOUL-GANGNAM-SEOLLEUNG,선릉권,SEOUL-GANGNAM-SEOLLEUNG-SM01,선릉역권,SEOUL-GANGNAM-SEOLLEUNG-SM01-N02,테헤란로,street,A
서울특별시,GANGNAM,강남구,SEOUL-GANGNAM-SEOLLEUNG,선릉권,SEOUL-GANGNAM-SEOLLEUNG-SM01,선릉역권,SEOUL-GANGNAM-SEOLLEUNG-SM01-N03,선릉로,street,A
서울특별시,GANGNAM,강남구,SEOUL-GANGNAM-SEOLLEUNG,선릉권,SEOUL-GANGNAM-SEOLLEUNG-SM01,선릉역권,SEOUL-GANGNAM-SEOLLEUNG-SM01-N04,선릉역,station,A
서울특별시,GANGNAM,강남구,SEOUL-GANGNAM-SEOLLEUNG,선릉권,SEOUL-GANGNAM-SEOLLEUNG-SM02,테헤란로 중부,,,,A
서울특별시,GANGNAM,강남구,SEOUL-GANGNAM-SEOLLEUNG,선릉권,SEOUL-GANGNAM-SEOLLEUNG-SM03,선정릉 서측,,,,A
서울특별시,GANGNAM,강남구,SEOUL-GANGNAM-SAMSUNG-COEX,삼성·코엑스권,SEOUL-GANGNAM-SAMSUNG-COEX-SM01,삼성역권,SEOUL-GANGNAM-SAMSUNG-COEX-SM01-N01,삼성,anchor,A
서울특별시,GANGNAM,강남구,SEOUL-GANGNAM-SAMSUNG-COEX,삼성·코엑스권,SEOUL-GANGNAM-SAMSUNG-COEX-SM01,삼성역권,SEOUL-GANGNAM-SAMSUNG-COEX-SM01-N03,영동대로,street,A
서울특별시,GANGNAM,강남구,SEOUL-GANGNAM-SAMSUNG-COEX,삼성·코엑스권,SEOUL-GANGNAM-SAMSUNG-COEX-SM01,삼성역권,SEOUL-GANGNAM-SAMSUNG-COEX-SM01-N04,테헤란로,street,A
서울특별시,GANGNAM,강남구,SEOUL-GANGNAM-SAMSUNG-COEX,삼성·코엑스권,SEOUL-GANGNAM-SAMSUNG-COEX-SM01,삼성역권,SEOUL-GANGNAM-SAMSUNG-COEX-SM01-N05,삼성역,station,A
서울특별시,GANGNAM,강남구,SEOUL-GANGNAM-SAMSUNG-COEX,삼성·코엑스권,SEOUL-GANGNAM-SAMSUNG-COEX-SM01,삼성역권,SEOUL-GANGNAM-SAMSUNG-COEX-SM01-N06,코엑스,shopping,A
서울특별시,GANGNAM,강남구,SEOUL-GANGNAM-SAMSUNG-COEX,삼성·코엑스권,SEOUL-GANGNAM-SAMSUNG-COEX-SM01,삼성역권,SEOUL-GANGNAM-SAMSUNG-COEX-SM01-N07,무역센터,station,A
서울특별시,GANGNAM,강남구,SEOUL-GANGNAM-SAMSUNG-COEX,삼성·코엑스권,SEOUL-GANGNAM-SAMSUNG-COEX-SM02,봉은사,SEOUL-GANGNAM-SAMSUNG-COEX-SM02-N02,봉은사,anchor,A
서울특별시,GANGNAM,강남구,SEOUL-GANGNAM-CHEONGDAM,청담권,SEOUL-GANGNAM-CHEONGDAM-SM01,청담사거리,SEOUL-GANGNAM-CHEONGDAM-SM01-N01,청담,anchor,A
서울특별시,GANGNAM,강남구,SEOUL-GANGNAM-CHEONGDAM,청담권,SEOUL-GANGNAM-CHEONGDAM-SM01,청담사거리,SEOUL-GANGNAM-CHEONGDAM-SM01-N02,도산대로,street,A
서울특별시,GANGNAM,강남구,SEOUL-GANGNAM-CHEONGDAM,청담권,SEOUL-GANGNAM-CHEONGDAM-SM01,청담사거리,SEOUL-GANGNAM-CHEONGDAM-SM01-N03,압구정로,street,A
서울특별시,GANGNAM,강남구,SEOUL-GANGNAM-CHEONGDAM,청담권,SEOUL-GANGNAM-CHEONGDAM-SM02,명품거리,,,,A
서울특별시,GANGNAM,강남구,SEOUL-GANGNAM-CHEONGDAM,청담권,SEOUL-GANGNAM-CHEONGDAM-SM03,도산대로 동측,,,,A
서울특별시,GANGNAM,강남구,SEOUL-GANGNAM-APGUJEONG,압구정권,SEOUL-GANGNAM-APGUJEONG-STATION,압구정역권,SEOUL-GANGNAM-APGUJEONG-STATION-N01,압구정,anchor,A
서울특별시,GANGNAM,강남구,SEOUL-GANGNAM-APGUJEONG,압구정권,SEOUL-GANGNAM-APGUJEONG-STATION,압구정역권,SEOUL-GANGNAM-APGUJEONG-STATION-N02,압구정로데오,street,A
서울특별시,GANGNAM,강남구,SEOUL-GANGNAM-APGUJEONG,압구정권,SEOUL-GANGNAM-APGUJEONG-STATION,압구정역권,SEOUL-GANGNAM-APGUJEONG-STATION-N03,압구정로,street,A
서울특별시,GANGNAM,강남구,SEOUL-GANGNAM-APGUJEONG,압구정권,SEOUL-GANGNAM-APGUJEONG-STATION,압구정역권,SEOUL-GANGNAM-APGUJEONG-STATION-N04,선릉로,street,A
서울특별시,GANGNAM,강남구,SEOUL-GANGNAM-APGUJEONG,압구정권,SEOUL-GANGNAM-APGUJEONG-STATION,압구정역권,SEOUL-GANGNAM-APGUJEONG-STATION-N05,압구정역,station,A
서울특별시,GANGNAM,강남구,SEOUL-GANGNAM-APGUJEONG,압구정권,SEOUL-GANGNAM-APGUJEONG-RODEO,압구정로데오,,,,A
서울특별시,GANGNAM,강남구,SEOUL-GANGNAM-APGUJEONG,압구정권,SEOUL-GANGNAM-APGUJEONG-GALLERIA,갤러리아권,,,,A
서울특별시,GANGNAM,강남구,SEOUL-GANGNAM-APGUJEONG,압구정권,SEOUL-GANGNAM-APGUJEONG-DOSANPARK,도산공원 연결권,,,,A
서울특별시,GANGNAM,강남구,SEOUL-GANGNAM-SINSA-GAROSU,신사·가로수길권,SEOUL-GANGNAM-SINSA-GAROSU-SM01,신사역권,SEOUL-GANGNAM-SINSA-GAROSU-SM01-N01,신사,anchor,A
서울특별시,GANGNAM,강남구,SEOUL-GANGNAM-SINSA-GAROSU,신사·가로수길권,SEOUL-GANGNAM-SINSA-GAROSU-SM01,신사역권,SEOUL-GANGNAM-SINSA-GAROSU-SM01-N02,도산대로,street,A
서울특별시,GANGNAM,강남구,SEOUL-GANGNAM-SINSA-GAROSU,신사·가로수길권,SEOUL-GANGNAM-SINSA-GAROSU-SM01,신사역권,SEOUL-GANGNAM-SINSA-GAROSU-SM01-N03,압구정로,street,A
서울특별시,GANGNAM,강남구,SEOUL-GANGNAM-SINSA-GAROSU,신사·가로수길권,SEOUL-GANGNAM-SINSA-GAROSU-SM01,신사역권,SEOUL-GANGNAM-SINSA-GAROSU-SM01-N05,신사역,station,A
서울특별시,GANGNAM,강남구,SEOUL-GANGNAM-SINSA-GAROSU,신사·가로수길권,SEOUL-GANGNAM-SINSA-GAROSU-SM02,가로수길,SEOUL-GANGNAM-SINSA-GAROSU-SM02-N04,가로수길,street,A
서울특별시,GANGNAM,강남구,SEOUL-GANGNAM-SINSA-GAROSU,신사·가로수길권,SEOUL-GANGNAM-SINSA-GAROSU-SM03,세로수길,,,,A
서울특별시,GANGNAM,강남구,SEOUL-GANGNAM-NONHYEON,논현권,SEOUL-GANGNAM-NONHYEON-SM01,논현역권,SEOUL-GANGNAM-NONHYEON-SM01-N01,논현,anchor,B
서울특별시,GANGNAM,강남구,SEOUL-GANGNAM-NONHYEON,논현권,SEOUL-GANGNAM-NONHYEON-SM01,논현역권,SEOUL-GANGNAM-NONHYEON-SM01-N02,학동,anchor,B
서울특별시,GANGNAM,강남구,SEOUL-GANGNAM-NONHYEON,논현권,SEOUL-GANGNAM-NONHYEON-SM01,논현역권,SEOUL-GANGNAM-NONHYEON-SM01-N03,강남대로,street,B
서울특별시,GANGNAM,강남구,SEOUL-GANGNAM-NONHYEON,논현권,SEOUL-GANGNAM-NONHYEON-SM01,논현역권,SEOUL-GANGNAM-NONHYEON-SM01-N04,학동로,street,B
서울특별시,GANGNAM,강남구,SEOUL-GANGNAM-NONHYEON,논현권,SEOUL-GANGNAM-NONHYEON-SM01,논현역권,SEOUL-GANGNAM-NONHYEON-SM01-N05,논현역,station,B
서울특별시,GANGNAM,강남구,SEOUL-GANGNAM-NONHYEON,논현권,SEOUL-GANGNAM-NONHYEON-SM01,논현역권,SEOUL-GANGNAM-NONHYEON-SM01-N06,영동시장,traditional_market,B
서울특별시,GANGNAM,강남구,SEOUL-GANGNAM-NONHYEON,논현권,SEOUL-GANGNAM-NONHYEON-SM02,학동역 가구거리,,,,B
서울특별시,GANGNAM,강남구,SEOUL-GANGNAM-DAECHI-DOGOK,대치·도곡권,SEOUL-GANGNAM-DAECHI-DOGOK-SM01,대치동 학원가,SEOUL-GANGNAM-DAECHI-DOGOK-SM01-N02,대치,anchor,S
서울특별시,GANGNAM,강남구,SEOUL-GANGNAM-DAECHI-DOGOK,대치·도곡권,SEOUL-GANGNAM-DAECHI-DOGOK-SM01,대치동 학원가,SEOUL-GANGNAM-DAECHI-DOGOK-SM01-N03,도곡로,street,S
서울특별시,GANGNAM,강남구,SEOUL-GANGNAM-DAECHI-DOGOK,대치·도곡권,SEOUL-GANGNAM-DAECHI-DOGOK-SM01,대치동 학원가,SEOUL-GANGNAM-DAECHI-DOGOK-SM01-N04,남부순환로,street,S
서울특별시,GANGNAM,강남구,SEOUL-GANGNAM-DAECHI-DOGOK,대치·도곡권,SEOUL-GANGNAM-DAECHI-DOGOK-SM02,도곡동 주거축,,,,S
서울특별시,GANGNAM,강남구,SEOUL-GANGNAM-DAECHI-DOGOK,대치·도곡권,SEOUL-GANGNAM-DAECHI-DOGOK-SM03,한티역권,SEOUL-GANGNAM-DAECHI-DOGOK-SM03-N01,한티,anchor,S
서울특별시,GANGNAM,강남구,SEOUL-GANGNAM-DAECHI-DOGOK,대치·도곡권,SEOUL-GANGNAM-DAECHI-DOGOK-SM03,한티역권,SEOUL-GANGNAM-DAECHI-DOGOK-SM03-N05,한티역,station,S
서울특별시,GANGNAM,강남구,SEOUL-GANGNAM-SUSEO-SEGOK,수서·세곡권,SEOUL-GANGNAM-SUSEO-SEGOK-SM01,수서역권,SEOUL-GANGNAM-SUSEO-SEGOK-SM01-N01,수서,anchor,A
서울특별시,GANGNAM,강남구,SEOUL-GANGNAM-SUSEO-SEGOK,수서·세곡권,SEOUL-GANGNAM-SUSEO-SEGOK-SM01,수서역권,SEOUL-GANGNAM-SUSEO-SEGOK-SM01-N02,광평로,street,A
서울특별시,GANGNAM,강남구,SEOUL-GANGNAM-SUSEO-SEGOK,수서·세곡권,SEOUL-GANGNAM-SUSEO-SEGOK-SM01,수서역권,SEOUL-GANGNAM-SUSEO-SEGOK-SM01-N03,밤고개로,street,A
서울특별시,GANGNAM,강남구,SEOUL-GANGNAM-SUSEO-SEGOK,수서·세곡권,SEOUL-GANGNAM-SUSEO-SEGOK-SM01,수서역권,SEOUL-GANGNAM-SUSEO-SEGOK-SM01-N04,수서역,station,A
서울특별시,GANGNAM,강남구,SEOUL-GANGNAM-SUSEO-SEGOK,수서·세곡권,SEOUL-GANGNAM-SUSEO-SEGOK-SM02,SRT,,,,A
서울특별시,GANGNAM,강남구,SEOUL-GANGNAM-SUSEO-SEGOK,수서·세곡권,SEOUL-GANGNAM-SUSEO-SEGOK-SM03,세곡지구,,,,A
서울특별시,GANGNAM,강남구,SEOUL-GANGNAM-SUSEO-SEGOK,수서·세곡권,SEOUL-GANGNAM-SUSEO-SEGOK-SM04,대모산 남측,,,,A
서울특별시,SONGPA,송파구,SEOUL-SONGPA-JAMSIL,잠실권,SEOUL-SONGPA-JAMSIL-SM01,잠실역권,SEOUL-SONGPA-JAMSIL-SM01-N01,잠실,anchor,A
서울특별시,SONGPA,송파구,SEOUL-SONGPA-JAMSIL,잠실권,SEOUL-SONGPA-JAMSIL-SM01,잠실역권,SEOUL-SONGPA-JAMSIL-SM01-N02,올림픽로,street,A
서울특별시,SONGPA,송파구,SEOUL-SONGPA-JAMSIL,잠실권,SEOUL-SONGPA-JAMSIL-SM01,잠실역권,SEOUL-SONGPA-JAMSIL-SM01-N03,송파대로,street,A
서울특별시,SONGPA,송파구,SEOUL-SONGPA-JAMSIL,잠실권,SEOUL-SONGPA-JAMSIL-SM01,잠실역권,SEOUL-SONGPA-JAMSIL-SM01-N04,잠실역,station,A
서울특별시,SONGPA,송파구,SEOUL-SONGPA-JAMSIL,잠실권,SEOUL-SONGPA-JAMSIL-SM01,잠실역권,SEOUL-SONGPA-JAMSIL-SM01-N05,롯데월드몰,shopping,A
서울특별시,SONGPA,송파구,SEOUL-SONGPA-JAMSIL,잠실권,SEOUL-SONGPA-JAMSIL-SM01,잠실역권,SEOUL-SONGPA-JAMSIL-SM01-N06,롯데월드,anchor,A
서울특별시,SONGPA,송파구,SEOUL-SONGPA-JAMSIL,잠실권,SEOUL-SONGPA-JAMSIL-SM02,잠실종합운동장 연결축,,,,A
서울특별시,SONGPA,송파구,SEOUL-SONGPA-SONGRIDAN,송리단길권,SEOUL-SONGPA-SONGRIDAN-SM01,석촌호수 동호,SEOUL-SONGPA-SONGRIDAN-SM01-N01,석촌,anchor,A
서울특별시,SONGPA,송파구,SEOUL-SONGPA-SONGRIDAN,송리단길권,SEOUL-SONGPA-SONGRIDAN-SM01,석촌호수 동호,SEOUL-SONGPA-SONGRIDAN-SM01-N02,송파나루,anchor,A
서울특별시,SONGPA,송파구,SEOUL-SONGPA-SONGRIDAN,송리단길권,SEOUL-SONGPA-SONGRIDAN-SM01,석촌호수 동호,SEOUL-SONGPA-SONGRIDAN-SM01-N03,백제고분로45길,street,A
서울특별시,SONGPA,송파구,SEOUL-SONGPA-SONGRIDAN,송리단길권,SEOUL-SONGPA-SONGRIDAN-SM01,석촌호수 동호,SEOUL-SONGPA-SONGRIDAN-SM01-N04,오금로,street,A
서울특별시,SONGPA,송파구,SEOUL-SONGPA-SONGRIDAN,송리단길권,SEOUL-SONGPA-SONGRIDAN-SM02,송리단길,,,,A
서울특별시,SONGPA,송파구,SEOUL-SONGPA-SONGRIDAN,송리단길권,SEOUL-SONGPA-SONGRIDAN-SM03,석촌역 북측,,,,A
서울특별시,SONGPA,송파구,SEOUL-SONGPA-BANGI,방이권,SEOUL-SONGPA-BANGI-SM01,방이먹자골목,SEOUL-SONGPA-BANGI-SM01-N02,한성백제,anchor,C
서울특별시,SONGPA,송파구,SEOUL-SONGPA-BANGI,방이권,SEOUL-SONGPA-BANGI-SM01,방이먹자골목,SEOUL-SONGPA-BANGI-SM01-N03,오금로,street,C
서울특별시,SONGPA,송파구,SEOUL-SONGPA-BANGI,방이권,SEOUL-SONGPA-BANGI-SM01,방이먹자골목,SEOUL-SONGPA-BANGI-SM01-N04,위례성대로,street,C
서울특별시,SONGPA,송파구,SEOUL-SONGPA-BANGI,방이권,SEOUL-SONGPA-BANGI-SM02,몽촌토성역권,SEOUL-SONGPA-BANGI-SM02-N01,몽촌토성,anchor,C
서울특별시,SONGPA,송파구,SEOUL-SONGPA-BANGI,방이권,SEOUL-SONGPA-BANGI-SM02,몽촌토성역권,SEOUL-SONGPA-BANGI-SM02-N05,몽촌토성역,station,C
서울특별시,SONGPA,송파구,SEOUL-SONGPA-BANGI,방이권,SEOUL-SONGPA-BANGI-SM03,올림픽공원 서측,,,,C
서울특별시,SONGPA,송파구,SEOUL-SONGPA-MUNJEONG,문정권,SEOUL-SONGPA-MUNJEONG-SM01,문정법조단지,SEOUL-SONGPA-MUNJEONG-SM01-N02,송파대로,street,S
서울특별시,SONGPA,송파구,SEOUL-SONGPA-MUNJEONG,문정권,SEOUL-SONGPA-MUNJEONG-SM01,문정법조단지,SEOUL-SONGPA-MUNJEONG-SM01-N03,법원로,street,S
서울특별시,SONGPA,송파구,SEOUL-SONGPA-MUNJEONG,문정권,SEOUL-SONGPA-MUNJEONG-SM01,문정법조단지,SEOUL-SONGPA-MUNJEONG-SM01-N04,가든파이브,anchor,S
서울특별시,SONGPA,송파구,SEOUL-SONGPA-MUNJEONG,문정권,SEOUL-SONGPA-MUNJEONG-SM02,문정역권,SEOUL-SONGPA-MUNJEONG-SM02-N01,문정,anchor,S
서울특별시,SONGPA,송파구,SEOUL-SONGPA-MUNJEONG,문정권,SEOUL-SONGPA-MUNJEONG-SM02,문정역권,SEOUL-SONGPA-MUNJEONG-SM02-N05,문정역,station,S
서울특별시,SONGPA,송파구,SEOUL-SONGPA-GARAKMARKET,가락시장권,SEOUL-SONGPA-GARAKMARKET-SM01,가락몰,SEOUL-SONGPA-GARAKMARKET-SM01-N02,송파대로,street,B
서울특별시,SONGPA,송파구,SEOUL-SONGPA-GARAKMARKET,가락시장권,SEOUL-SONGPA-GARAKMARKET-SM01,가락몰,SEOUL-SONGPA-GARAKMARKET-SM01-N03,양재대로,street,B
서울특별시,SONGPA,송파구,SEOUL-SONGPA-GARAKMARKET,가락시장권,SEOUL-SONGPA-GARAKMARKET-SM02,가락시장역권,SEOUL-SONGPA-GARAKMARKET-SM02-N01,가락시장,traditional_market,B
서울특별시,SONGPA,송파구,SEOUL-SONGPA-GARAKMARKET,가락시장권,SEOUL-SONGPA-GARAKMARKET-SM02,가락시장역권,SEOUL-SONGPA-GARAKMARKET-SM02-N04,가락시장역,station,B
서울특별시,SONGPA,송파구,SEOUL-SONGPA-SEOKCHON-SAMJEON,석촌·삼전권,SEOUL-SONGPA-SEOKCHON-SAMJEON-SM01,석촌역권,SEOUL-SONGPA-SEOKCHON-SAMJEON-SM01-N01,석촌,anchor,C
서울특별시,SONGPA,송파구,SEOUL-SONGPA-SEOKCHON-SAMJEON,석촌·삼전권,SEOUL-SONGPA-SEOKCHON-SAMJEON-SM01,석촌역권,SEOUL-SONGPA-SEOKCHON-SAMJEON-SM01-N03,백제고분로,street,C
서울특별시,SONGPA,송파구,SEOUL-SONGPA-SEOKCHON-SAMJEON,석촌·삼전권,SEOUL-SONGPA-SEOKCHON-SAMJEON-SM01,석촌역권,SEOUL-SONGPA-SEOKCHON-SAMJEON-SM01-N04,삼학사로,street,C
서울특별시,SONGPA,송파구,SEOUL-SONGPA-SEOKCHON-SAMJEON,석촌·삼전권,SEOUL-SONGPA-SEOKCHON-SAMJEON-SM01,석촌역권,SEOUL-SONGPA-SEOKCHON-SAMJEON-SM01-N05,석촌역,station,C
서울특별시,SONGPA,송파구,SEOUL-SONGPA-SEOKCHON-SAMJEON,석촌·삼전권,SEOUL-SONGPA-SEOKCHON-SAMJEON-SM02,삼전역권,SEOUL-SONGPA-SEOKCHON-SAMJEON-SM02-N02,삼전,anchor,C
서울특별시,SONGPA,송파구,SEOUL-SONGPA-SEOKCHON-SAMJEON,석촌·삼전권,SEOUL-SONGPA-SEOKCHON-SAMJEON-SM02,삼전역권,SEOUL-SONGPA-SEOKCHON-SAMJEON-SM02-N06,삼전역,station,C
서울특별시,SONGPA,송파구,SEOUL-SONGPA-SEOKCHON-SAMJEON,석촌·삼전권,SEOUL-SONGPA-SEOKCHON-SAMJEON-SM03,백제고분로 생활축,,,,C
서울특별시,SONGPA,송파구,SEOUL-SONGPA-OLYMPICPARK,올림픽공원권,SEOUL-SONGPA-OLYMPICPARK-SM01,올림픽공원,SEOUL-SONGPA-OLYMPICPARK-SM01-N01,올림픽공원,park_water_access,A
서울특별시,SONGPA,송파구,SEOUL-SONGPA-OLYMPICPARK,올림픽공원권,SEOUL-SONGPA-OLYMPICPARK-SM01,올림픽공원,SEOUL-SONGPA-OLYMPICPARK-SM01-N02,한성백제,anchor,A
서울특별시,SONGPA,송파구,SEOUL-SONGPA-OLYMPICPARK,올림픽공원권,SEOUL-SONGPA-OLYMPICPARK-SM01,올림픽공원,SEOUL-SONGPA-OLYMPICPARK-SM01-N03,위례성대로,street,A
서울특별시,SONGPA,송파구,SEOUL-SONGPA-OLYMPICPARK,올림픽공원권,SEOUL-SONGPA-OLYMPICPARK-SM01,올림픽공원,SEOUL-SONGPA-OLYMPICPARK-SM01-N04,올림픽로,street,A
서울특별시,SONGPA,송파구,SEOUL-SONGPA-OLYMPICPARK,올림픽공원권,SEOUL-SONGPA-OLYMPICPARK-SM01,올림픽공원,SEOUL-SONGPA-OLYMPICPARK-SM01-N05,KSPO DOME,anchor,A
서울특별시,SONGPA,송파구,SEOUL-SONGPA-OLYMPICPARK,올림픽공원권,SEOUL-SONGPA-OLYMPICPARK-SM01,올림픽공원,SEOUL-SONGPA-OLYMPICPARK-SM01-N06,한성백제박물관,tourism_culture,A
서울특별시,SONGPA,송파구,SEOUL-SONGPA-WIRYE-SONGPA,위례송파권,SEOUL-SONGPA-WIRYE-SONGPA-SM01,위례신도시 송파권,SEOUL-SONGPA-WIRYE-SONGPA-SM01-N01,장지(버스 연계),anchor,A
서울특별시,SONGPA,송파구,SEOUL-SONGPA-WIRYE-SONGPA,위례송파권,SEOUL-SONGPA-WIRYE-SONGPA-SM01,위례신도시 송파권,SEOUL-SONGPA-WIRYE-SONGPA-SM01-N03,위례순환로,street,A
서울특별시,SONGPA,송파구,SEOUL-SONGPA-WIRYE-SONGPA,위례송파권,SEOUL-SONGPA-WIRYE-SONGPA-SM02,장지천,,,,A
서울특별시,SONGPA,송파구,SEOUL-SONGPA-WIRYE-SONGPA,위례송파권,SEOUL-SONGPA-WIRYE-SONGPA-SM03,위례광장,SEOUL-SONGPA-WIRYE-SONGPA-SM03-N02,위례광장로,street,A
서울특별시,SONGPA,송파구,SEOUL-SONGPA-GEOYEO-MACHEON,거여·마천권,SEOUL-SONGPA-GEOYEO-MACHEON-SM01,거여역권,SEOUL-SONGPA-GEOYEO-MACHEON-SM01-N01,거여,anchor,A
서울특별시,SONGPA,송파구,SEOUL-SONGPA-GEOYEO-MACHEON,거여·마천권,SEOUL-SONGPA-GEOYEO-MACHEON-SM01,거여역권,SEOUL-SONGPA-GEOYEO-MACHEON-SM01-N02,마천,anchor,A
서울특별시,SONGPA,송파구,SEOUL-SONGPA-GEOYEO-MACHEON,거여·마천권,SEOUL-SONGPA-GEOYEO-MACHEON-SM01,거여역권,SEOUL-SONGPA-GEOYEO-MACHEON-SM01-N03,오금로,street,A
서울특별시,SONGPA,송파구,SEOUL-SONGPA-GEOYEO-MACHEON,거여·마천권,SEOUL-SONGPA-GEOYEO-MACHEON-SM01,거여역권,SEOUL-SONGPA-GEOYEO-MACHEON-SM01-N04,마천로,street,A
서울특별시,SONGPA,송파구,SEOUL-SONGPA-GEOYEO-MACHEON,거여·마천권,SEOUL-SONGPA-GEOYEO-MACHEON-SM01,거여역권,SEOUL-SONGPA-GEOYEO-MACHEON-SM01-N05,거여역,station,A
서울특별시,SONGPA,송파구,SEOUL-SONGPA-GEOYEO-MACHEON,거여·마천권,SEOUL-SONGPA-GEOYEO-MACHEON-SM01,거여역권,SEOUL-SONGPA-GEOYEO-MACHEON-SM01-N06,마천중앙시장,traditional_market,A
서울특별시,SONGPA,송파구,SEOUL-SONGPA-GEOYEO-MACHEON,거여·마천권,SEOUL-SONGPA-GEOYEO-MACHEON-SM02,위례 북측,,,,A
서울특별시,GANGDONG,강동구,SEOUL-GANGDONG-CHEONHO,천호권,SEOUL-GANGDONG-CHEONHO-SM01,천호역권,SEOUL-GANGDONG-CHEONHO-SM01-N01,천호,anchor,A
서울특별시,GANGDONG,강동구,SEOUL-GANGDONG-CHEONHO,천호권,SEOUL-GANGDONG-CHEONHO-SM01,천호역권,SEOUL-GANGDONG-CHEONHO-SM01-N02,천호대로,street,A
서울특별시,GANGDONG,강동구,SEOUL-GANGDONG-CHEONHO,천호권,SEOUL-GANGDONG-CHEONHO-SM01,천호역권,SEOUL-GANGDONG-CHEONHO-SM01-N03,구천면로,street,A
서울특별시,GANGDONG,강동구,SEOUL-GANGDONG-CHEONHO,천호권,SEOUL-GANGDONG-CHEONHO-SM01,천호역권,SEOUL-GANGDONG-CHEONHO-SM01-N04,천호역,station,A
서울특별시,GANGDONG,강동구,SEOUL-GANGDONG-CHEONHO,천호권,SEOUL-GANGDONG-CHEONHO-SM01,천호역권,SEOUL-GANGDONG-CHEONHO-SM01-N05,현대백화점,shopping,A
서울특별시,GANGDONG,강동구,SEOUL-GANGDONG-CHEONHO,천호권,SEOUL-GANGDONG-CHEONHO-SM02,로데오거리,,,,A
서울특별시,GANGDONG,강동구,SEOUL-GANGDONG-CHEONHO,천호권,SEOUL-GANGDONG-CHEONHO-SM03,한강공원 남측,,,,A
서울특별시,GANGDONG,강동구,SEOUL-GANGDONG-GANGDONG-GILDONG,강동·길동권,SEOUL-GANGDONG-GANGDONG-GILDONG-SM01,강동역권,SEOUL-GANGDONG-GANGDONG-GILDONG-SM01-N01,강동,anchor,B
서울특별시,GANGDONG,강동구,SEOUL-GANGDONG-GANGDONG-GILDONG,강동·길동권,SEOUL-GANGDONG-GANGDONG-GILDONG-SM01,강동역권,SEOUL-GANGDONG-GANGDONG-GILDONG-SM01-N02,길동,street,B
서울특별시,GANGDONG,강동구,SEOUL-GANGDONG-GANGDONG-GILDONG,강동·길동권,SEOUL-GANGDONG-GANGDONG-GILDONG-SM01,강동역권,SEOUL-GANGDONG-GANGDONG-GILDONG-SM01-N03,천호대로,street,B
서울특별시,GANGDONG,강동구,SEOUL-GANGDONG-GANGDONG-GILDONG,강동·길동권,SEOUL-GANGDONG-GANGDONG-GILDONG-SM01,강동역권,SEOUL-GANGDONG-GANGDONG-GILDONG-SM01-N04,양재대로,street,B
서울특별시,GANGDONG,강동구,SEOUL-GANGDONG-GANGDONG-GILDONG,강동·길동권,SEOUL-GANGDONG-GANGDONG-GILDONG-SM01,강동역권,SEOUL-GANGDONG-GANGDONG-GILDONG-SM01-N05,강동역,station,B
서울특별시,GANGDONG,강동구,SEOUL-GANGDONG-GANGDONG-GILDONG,강동·길동권,SEOUL-GANGDONG-GANGDONG-GILDONG-SM02,길동사거리,,,,B
서울특별시,GANGDONG,강동구,SEOUL-GANGDONG-GANGDONG-GILDONG,강동·길동권,SEOUL-GANGDONG-GANGDONG-GILDONG-SM03,길동복조리시장,,,,B
서울특별시,GANGDONG,강동구,SEOUL-GANGDONG-AMSA,암사권,SEOUL-GANGDONG-AMSA-SM01,암사역권,SEOUL-GANGDONG-AMSA-SM01-N01,암사,anchor,C
서울특별시,GANGDONG,강동구,SEOUL-GANGDONG-AMSA,암사권,SEOUL-GANGDONG-AMSA-SM01,암사역권,SEOUL-GANGDONG-AMSA-SM01-N02,올림픽로,street,C
서울특별시,GANGDONG,강동구,SEOUL-GANGDONG-AMSA,암사권,SEOUL-GANGDONG-AMSA-SM01,암사역권,SEOUL-GANGDONG-AMSA-SM01-N03,고덕로,street,C
서울특별시,GANGDONG,강동구,SEOUL-GANGDONG-AMSA,암사권,SEOUL-GANGDONG-AMSA-SM01,암사역권,SEOUL-GANGDONG-AMSA-SM01-N04,암사역,station,C
서울특별시,GANGDONG,강동구,SEOUL-GANGDONG-AMSA,암사권,SEOUL-GANGDONG-AMSA-SM01,암사역권,SEOUL-GANGDONG-AMSA-SM01-N05,암사종합시장,traditional_market,C
서울특별시,GANGDONG,강동구,SEOUL-GANGDONG-AMSA,암사권,SEOUL-GANGDONG-AMSA-SM02,선사유적지,,,,C
서울특별시,GANGDONG,강동구,SEOUL-GANGDONG-AMSA,암사권,SEOUL-GANGDONG-AMSA-SM03,한강,,,,C
서울특별시,GANGDONG,강동구,SEOUL-GANGDONG-GODEOK-SANGIL,고덕·상일권,SEOUL-GANGDONG-GODEOK-SANGIL-SM01,고덕역권,SEOUL-GANGDONG-GODEOK-SANGIL-SM01-N01,고덕,anchor,S
서울특별시,GANGDONG,강동구,SEOUL-GANGDONG-GODEOK-SANGIL,고덕·상일권,SEOUL-GANGDONG-GODEOK-SANGIL-SM01,고덕역권,SEOUL-GANGDONG-GODEOK-SANGIL-SM01-N03,고덕로,street,S
서울특별시,GANGDONG,강동구,SEOUL-GANGDONG-GODEOK-SANGIL,고덕·상일권,SEOUL-GANGDONG-GODEOK-SANGIL-SM01,고덕역권,SEOUL-GANGDONG-GODEOK-SANGIL-SM01-N04,상일로,street,S
서울특별시,GANGDONG,강동구,SEOUL-GANGDONG-GODEOK-SANGIL,고덕·상일권,SEOUL-GANGDONG-GODEOK-SANGIL-SM01,고덕역권,SEOUL-GANGDONG-GODEOK-SANGIL-SM01-N05,고덕역,station,S
서울특별시,GANGDONG,강동구,SEOUL-GANGDONG-GODEOK-SANGIL,고덕·상일권,SEOUL-GANGDONG-GODEOK-SANGIL-SM02,상일동역권,SEOUL-GANGDONG-GODEOK-SANGIL-SM02-N02,상일동,anchor,S
서울특별시,GANGDONG,강동구,SEOUL-GANGDONG-GODEOK-SANGIL,고덕·상일권,SEOUL-GANGDONG-GODEOK-SANGIL-SM02,상일동역권,SEOUL-GANGDONG-GODEOK-SANGIL-SM02-N06,상일동역,station,S
서울특별시,GANGDONG,강동구,SEOUL-GANGDONG-GODEOK-SANGIL,고덕·상일권,SEOUL-GANGDONG-GODEOK-SANGIL-SM03,고덕비즈밸리,,,,S
서울특별시,GANGDONG,강동구,SEOUL-GANGDONG-GODEOK-SANGIL,고덕·상일권,SEOUL-GANGDONG-GODEOK-SANGIL-SM04,대단지 아파트,,,,S
서울특별시,GANGDONG,강동구,SEOUL-GANGDONG-DUNCHON,둔촌권,SEOUL-GANGDONG-DUNCHON-SM01,둔촌동역권,SEOUL-GANGDONG-DUNCHON-SM01-N01,둔촌동,anchor,A
서울특별시,GANGDONG,강동구,SEOUL-GANGDONG-DUNCHON,둔촌권,SEOUL-GANGDONG-DUNCHON-SM01,둔촌동역권,SEOUL-GANGDONG-DUNCHON-SM01-N02,중앙보훈병원,hospital,A
서울특별시,GANGDONG,강동구,SEOUL-GANGDONG-DUNCHON,둔촌권,SEOUL-GANGDONG-DUNCHON-SM01,둔촌동역권,SEOUL-GANGDONG-DUNCHON-SM01-N03,양재대로,street,A
서울특별시,GANGDONG,강동구,SEOUL-GANGDONG-DUNCHON,둔촌권,SEOUL-GANGDONG-DUNCHON-SM01,둔촌동역권,SEOUL-GANGDONG-DUNCHON-SM01-N04,명일로,street,A
서울특별시,GANGDONG,강동구,SEOUL-GANGDONG-DUNCHON,둔촌권,SEOUL-GANGDONG-DUNCHON-SM01,둔촌동역권,SEOUL-GANGDONG-DUNCHON-SM01-N05,둔촌동역,station,A
서울특별시,GANGDONG,강동구,SEOUL-GANGDONG-DUNCHON,둔촌권,SEOUL-GANGDONG-DUNCHON-SM01,둔촌동역권,SEOUL-GANGDONG-DUNCHON-SM01-N06,보훈병원,hospital,A
서울특별시,GANGDONG,강동구,SEOUL-GANGDONG-DUNCHON,둔촌권,SEOUL-GANGDONG-DUNCHON-SM02,올림픽파크포레온,,,,A
서울특별시,GANGDONG,강동구,SEOUL-GANGDONG-MYEONGIL,명일권,SEOUL-GANGDONG-MYEONGIL-SM01,명일역권,SEOUL-GANGDONG-MYEONGIL-SM01-N01,명일,anchor,A
서울특별시,GANGDONG,강동구,SEOUL-GANGDONG-MYEONGIL,명일권,SEOUL-GANGDONG-MYEONGIL-SM01,명일역권,SEOUL-GANGDONG-MYEONGIL-SM01-N02,고덕로,street,A
서울특별시,GANGDONG,강동구,SEOUL-GANGDONG-MYEONGIL,명일권,SEOUL-GANGDONG-MYEONGIL-SM01,명일역권,SEOUL-GANGDONG-MYEONGIL-SM01-N03,구천면로,street,A
서울특별시,GANGDONG,강동구,SEOUL-GANGDONG-MYEONGIL,명일권,SEOUL-GANGDONG-MYEONGIL-SM01,명일역권,SEOUL-GANGDONG-MYEONGIL-SM01-N04,명일역,station,A
서울특별시,GANGDONG,강동구,SEOUL-GANGDONG-MYEONGIL,명일권,SEOUL-GANGDONG-MYEONGIL-SM01,명일역권,SEOUL-GANGDONG-MYEONGIL-SM01-N05,고덕전통시장,traditional_market,A
서울특별시,GANGDONG,강동구,SEOUL-GANGDONG-MYEONGIL,명일권,SEOUL-GANGDONG-MYEONGIL-SM02,명일동 학원가,,,,A
