node_id,parent_submarket_id,node_type,name,address,latitude,longitude,source_id,field_survey_priority,notes,status
SEOUL-JONGNO-GWANGHWAMUN-JONGNO-SM01-N01,SEOUL-JONGNO-GWANGHWAMUN-JONGNO-SM01,anchor,광화문,,,,SRC-V1-FRAMEONE,S,좌표·주소 확인 필요; v1 텍스트에서 분리,text_only
SEOUL-JONGNO-GWANGHWAMUN-JONGNO-SM03-N02,SEOUL-JONGNO-GWANGHWAMUN-JONGNO-SM03,anchor,종각,,,,SRC-V1-FRAMEONE,S,좌표·주소 확인 필요; v1 텍스트에서 분리,text_only
SEOUL-JONGNO-GWANGHWAMUN-JONGNO-SM01-N03,SEOUL-JONGNO-GWANGHWAMUN-JONGNO-SM01,university,세종대로,,,,SRC-V1-FRAMEONE,S,좌표·주소 확인 필요; v1 텍스트에서 분리,text_only
SEOUL-JONGNO-GWANGHWAMUN-JONGNO-SM01-N04,SEOUL-JONGNO-GWANGHWAMUN-JONGNO-SM01,street,종로,,,,SRC-V1-FRAMEONE,S,좌표·주소 확인 필요; v1 텍스트에서 분리,text_only
SEOUL-JONGNO-GWANGHWAMUN-JONGNO-SM01-N05,SEOUL-JONGNO-GWANGHWAMUN-JONGNO-SM01,street,청계천로,,,,SRC-V1-FRAMEONE,S,좌표·주소 확인 필요; v1 텍스트에서 분리,text_only
SEOUL-JONGNO-INSADONG-IKSEON-SM01-N01,SEOUL-JONGNO-INSADONG-IKSEON-SM01,anchor,안국,,,,SRC-V1-FRAMEONE,A,좌표·주소 확인 필요; v1 텍스트에서 분리,text_only
SEOUL-JONGNO-INSADONG-IKSEON-SM01-N02,SEOUL-JONGNO-INSADONG-IKSEON-SM01,street,종로3가,,,,SRC-V1-FRAMEONE,A,좌표·주소 확인 필요; v1 텍스트에서 분리,text_only
SEOUL-JONGNO-INSADONG-IKSEON-SM01-N03,SEOUL-JONGNO-INSADONG-IKSEON-SM01,street,인사동길,,,,SRC-V1-FRAMEONE,A,좌표·주소 확인 필요; v1 텍스트에서 분리,text_only
SEOUL-JONGNO-INSADONG-IKSEON-SM01-N04,SEOUL-JONGNO-INSADONG-IKSEON-SM01,street,익선동 골목,,,,SRC-V1-FRAMEONE,A,좌표·주소 확인 필요; v1 텍스트에서 분리,text_only
SEOUL-JONGNO-SAMCHEONG-BUKCHON-SM01-N01,SEOUL-JONGNO-SAMCHEONG-BUKCHON-SM01,anchor,안국,,,,SRC-V1-FRAMEONE,C,좌표·주소 확인 필요; v1 텍스트에서 분리,text_only
SEOUL-JONGNO-SAMCHEONG-BUKCHON-SM01-N02,SEOUL-JONGNO-SAMCHEONG-BUKCHON-SM01,street,삼청로,,,,SRC-V1-FRAMEONE,C,좌표·주소 확인 필요; v1 텍스트에서 분리,text_only
SEOUL-JONGNO-SAMCHEONG-BUKCHON-SM01-N03,SEOUL-JONGNO-SAMCHEONG-BUKCHON-SM01,street,북촌로,,,,SRC-V1-FRAMEONE,C,좌표·주소 확인 필요; v1 텍스트에서 분리,text_only
SEOUL-JONGNO-DAEHANGNO-SM01-N01,SEOUL-JONGNO-DAEHANGNO-SM01,anchor,혜화,,,,SRC-V1-FRAMEONE,B,좌표·주소 확인 필요; v1 텍스트에서 분리,text_only
SEOUL-JONGNO-DAEHANGNO-SM01-N02,SEOUL-JONGNO-DAEHANGNO-SM01,university,대학로,,,,SRC-V1-FRAMEONE,B,좌표·주소 확인 필요; v1 텍스트에서 분리,text_only
SEOUL-JONGNO-DAEHANGNO-SM01-N03,SEOUL-JONGNO-DAEHANGNO-SM01,street,동숭길,,,,SRC-V1-FRAMEONE,B,좌표·주소 확인 필요; v1 텍스트에서 분리,text_only
SEOUL-JONGNO-DAEHANGNO-SM01-N04,SEOUL-JONGNO-DAEHANGNO-SM01,station,혜화역,,,,SRC-V1-FRAMEONE,B,좌표·주소 확인 필요; v1 텍스트에서 분리,text_only
SEOUL-JONGNO-DAEHANGNO-SM01-N05,SEOUL-JONGNO-DAEHANGNO-SM01,park_water_access,마로니에공원,,,,SRC-V1-FRAMEONE,B,좌표·주소 확인 필요; v1 텍스트에서 분리,text_only
SEOUL-JONGNO-SEOCHON-GYEONGBOK-SM01-N01,SEOUL-JONGNO-SEOCHON-GYEONGBOK-SM01,tourism_culture,경복궁,,,,SRC-V1-FRAMEONE,B,좌표·주소 확인 필요; v1 텍스트에서 분리,text_only
SEOUL-JONGNO-SEOCHON-GYEONGBOK-SM01-N02,SEOUL-JONGNO-SEOCHON-GYEONGBOK-SM01,street,자하문로,,,,SRC-V1-FRAMEONE,B,좌표·주소 확인 필요; v1 텍스트에서 분리,text_only
SEOUL-JONGNO-SEOCHON-GYEONGBOK-SM01-N03,SEOUL-JONGNO-SEOCHON-GYEONGBOK-SM01,street,옥인길,,,,SRC-V1-FRAMEONE,B,좌표·주소 확인 필요; v1 텍스트에서 분리,text_only
SEOUL-JONGNO-SEOCHON-GYEONGBOK-SM01-N04,SEOUL-JONGNO-SEOCHON-GYEONGBOK-SM01,traditional_market,통인시장길,,,,SRC-V1-FRAMEONE,B,좌표·주소 확인 필요; v1 텍스트에서 분리,text_only
SEOUL-JONGNO-SEOCHON-GYEONGBOK-SM01-N05,SEOUL-JONGNO-SEOCHON-GYEONGBOK-SM01,traditional_market,통인시장,,,,SRC-V1-FRAMEONE,B,좌표·주소 확인 필요; v1 텍스트에서 분리,text_only
SEOUL-JONGNO-DONGDAEMUN-CHANGSIN-SM01-N01,SEOUL-JONGNO-DONGDAEMUN-CHANGSIN-SM01,anchor,동대문,,,,SRC-V1-FRAMEONE,D,좌표·주소 확인 필요; v1 텍스트에서 분리,text_only
SEOUL-JONGNO-DONGDAEMUN-CHANGSIN-SM01-N02,SEOUL-JONGNO-DONGDAEMUN-CHANGSIN-SM01,anchor,동묘앞,,,,SRC-V1-FRAMEONE,D,좌표·주소 확인 필요; v1 텍스트에서 분리,text_only
SEOUL-JONGNO-DONGDAEMUN-CHANGSIN-SM01-N03,SEOUL-JONGNO-DONGDAEMUN-CHANGSIN-SM01,street,종로,,,,SRC-V1-FRAMEONE,D,좌표·주소 확인 필요; v1 텍스트에서 분리,text_only
SEOUL-JONGNO-DONGDAEMUN-CHANGSIN-SM01-N04,SEOUL-JONGNO-DONGDAEMUN-CHANGSIN-SM01,street,창신길,,,,SRC-V1-FRAMEONE,D,좌표·주소 확인 필요; v1 텍스트에서 분리,text_only
SEOUL-JONGNO-DONGDAEMUN-CHANGSIN-SM01-N05,SEOUL-JONGNO-DONGDAEMUN-CHANGSIN-SM01,station,동대문역,,,,SRC-V1-FRAMEONE,D,좌표·주소 확인 필요; v1 텍스트에서 분리,text_only
SEOUL-JONGNO-BUAM-PYEONGCHANG-SM01-N01,SEOUL-JONGNO-BUAM-PYEONGCHANG-SM01,tourism_culture,경복궁(버스 연계),,,,SRC-V1-FRAMEONE,C,좌표·주소 확인 필요; v1 텍스트에서 분리,text_only
SEOUL-JONGNO-BUAM-PYEONGCHANG-SM01-N02,SEOUL-JONGNO-BUAM-PYEONGCHANG-SM01,street,창의문로,,,,SRC-V1-FRAMEONE,C,좌표·주소 확인 필요; v1 텍스트에서 분리,text_only
SEOUL-JONGNO-BUAM-PYEONGCHANG-SM01-N03,SEOUL-JONGNO-BUAM-PYEONGCHANG-SM01,tourism_culture,평창문화로,,,,SRC-V1-FRAMEONE,C,좌표·주소 확인 필요; v1 텍스트에서 분리,text_only
SEOUL-JUNG-MYEONGDONG-SM01-N01,SEOUL-JUNG-MYEONGDONG-SM01,anchor,명동,,,,SRC-V1-FRAMEONE,A,좌표·주소 확인 필요; v1 텍스트에서 분리,text_only
SEOUL-JUNG-MYEONGDONG-SM01-N02,SEOUL-JUNG-MYEONGDONG-SM01,street,을지로입구,,,,SRC-V1-FRAMEONE,A,좌표·주소 확인 필요; v1 텍스트에서 분리,text_only
SEOUL-JUNG-MYEONGDONG-SM01-N03,SEOUL-JUNG-MYEONGDONG-SM01,street,명동길,,,,SRC-V1-FRAMEONE,A,좌표·주소 확인 필요; v1 텍스트에서 분리,text_only
SEOUL-JUNG-MYEONGDONG-SM01-N04,SEOUL-JUNG-MYEONGDONG-SM01,street,남대문로,,,,SRC-V1-FRAMEONE,A,좌표·주소 확인 필요; v1 텍스트에서 분리,text_only
SEOUL-JUNG-EULJIRO-SM01-N01,SEOUL-JUNG-EULJIRO-SM01,street,을지로3가,,,,SRC-V1-FRAMEONE,A,좌표·주소 확인 필요; v1 텍스트에서 분리,text_only
SEOUL-JUNG-EULJIRO-SM01-N02,SEOUL-JUNG-EULJIRO-SM01,street,을지로4가,,,,SRC-V1-FRAMEONE,A,좌표·주소 확인 필요; v1 텍스트에서 분리,text_only
SEOUL-JUNG-EULJIRO-SM01-N03,SEOUL-JUNG-EULJIRO-SM01,street,을지로,,,,SRC-V1-FRAMEONE,A,좌표·주소 확인 필요; v1 텍스트에서 분리,text_only
SEOUL-JUNG-EULJIRO-SM01-N04,SEOUL-JUNG-EULJIRO-SM01,street,수표로,,,,SRC-V1-FRAMEONE,A,좌표·주소 확인 필요; v1 텍스트에서 분리,text_only
SEOUL-JUNG-EULJIRO-SM02-N05,SEOUL-JUNG-EULJIRO-SM02,street,세운상가축,,,,SRC-V1-FRAMEONE,A,좌표·주소 확인 필요; v1 텍스트에서 분리,text_only
SEOUL-JUNG-NAMDAEMUN-SM01-N01,SEOUL-JUNG-NAMDAEMUN-SM01,anchor,회현,,,,SRC-V1-FRAMEONE,B,좌표·주소 확인 필요; v1 텍스트에서 분리,text_only
SEOUL-JUNG-NAMDAEMUN-SM01-N02,SEOUL-JUNG-NAMDAEMUN-SM01,traditional_market,남대문시장길,,,,SRC-V1-FRAMEONE,B,좌표·주소 확인 필요; v1 텍스트에서 분리,text_only
SEOUL-JUNG-NAMDAEMUN-SM01-N03,SEOUL-JUNG-NAMDAEMUN-SM01,street,퇴계로,,,,SRC-V1-FRAMEONE,B,좌표·주소 확인 필요; v1 텍스트에서 분리,text_only
SEOUL-JUNG-NAMDAEMUN-SM01-N04,SEOUL-JUNG-NAMDAEMUN-SM01,traditional_market,남대문시장,,,,SRC-V1-FRAMEONE,B,좌표·주소 확인 필요; v1 텍스트에서 분리,text_only
SEOUL-JUNG-NAMDAEMUN-SM01-N05,SEOUL-JUNG-NAMDAEMUN-SM01,station,회현역,,,,SRC-V1-FRAMEONE,B,좌표·주소 확인 필요; v1 텍스트에서 분리,text_only
SEOUL-JUNG-DONGDAEMUN-FASHION-SM01-N01,SEOUL-JUNG-DONGDAEMUN-FASHION-SM01,station,동대문역사문화공원,,,,SRC-V1-FRAMEONE,B,좌표·주소 확인 필요; v1 텍스트에서 분리,text_only
SEOUL-JUNG-DONGDAEMUN-FASHION-SM01-N02,SEOUL-JUNG-DONGDAEMUN-FASHION-SM01,anchor,동대문,,,,SRC-V1-FRAMEONE,B,좌표·주소 확인 필요; v1 텍스트에서 분리,text_only
SEOUL-JUNG-DONGDAEMUN-FASHION-SM01-N03,SEOUL-JUNG-DONGDAEMUN-FASHION-SM01,street,을지로,,,,SRC-V1-FRAMEONE,B,좌표·주소 확인 필요; v1 텍스트에서 분리,text_only
SEOUL-JUNG-DONGDAEMUN-FASHION-SM01-N04,SEOUL-JUNG-DONGDAEMUN-FASHION-SM01,street,장충단로,,,,SRC-V1-FRAMEONE,B,좌표·주소 확인 필요; v1 텍스트에서 분리,text_only
SEOUL-JUNG-DONGDAEMUN-FASHION-SM01-N05,SEOUL-JUNG-DONGDAEMUN-FASHION-SM01,tourism_culture,DDP,,,,SRC-V1-FRAMEONE,B,좌표·주소 확인 필요; v1 텍스트에서 분리,text_only
SEOUL-JUNG-DONGDAEMUN-FASHION-SM01-N06,SEOUL-JUNG-DONGDAEMUN-FASHION-SM01,anchor,두타,,,,SRC-V1-FRAMEONE,B,좌표·주소 확인 필요; v1 텍스트에서 분리,text_only
SEOUL-JUNG-DONGDAEMUN-FASHION-SM01-N07,SEOUL-JUNG-DONGDAEMUN-FASHION-SM01,traditional_market,평화시장,,,,SRC-V1-FRAMEONE,B,좌표·주소 확인 필요; v1 텍스트에서 분리,text_only
SEOUL-JUNG-SEOULSTN-SM01-N01,SEOUL-JUNG-SEOULSTN-SM01,station,서울역,,,,SRC-V1-FRAMEONE,C,좌표·주소 확인 필요; v1 텍스트에서 분리,text_only
SEOUL-JUNG-SEOULSTN-SM01-N02,SEOUL-JUNG-SEOULSTN-SM01,university,세종대로,,,,SRC-V1-FRAMEONE,C,좌표·주소 확인 필요; v1 텍스트에서 분리,text_only
SEOUL-JUNG-SEOULSTN-SM01-N03,SEOUL-JUNG-SEOULSTN-SM01,street,통일로,,,,SRC-V1-FRAMEONE,C,좌표·주소 확인 필요; v1 텍스트에서 분리,text_only
SEOUL-JUNG-SEOULSTN-SM01-N04,SEOUL-JUNG-SEOULSTN-SM01,street,퇴계로,,,,SRC-V1-FRAMEONE,C,좌표·주소 확인 필요; v1 텍스트에서 분리,text_only
SEOUL-JUNG-CITYHALL-BUKCHANG-SM01-N01,SEOUL-JUNG-CITYHALL-BUKCHANG-SM01,anchor,시청,,,,SRC-V1-FRAMEONE,B,좌표·주소 확인 필요; v1 텍스트에서 분리,text_only
SEOUL-JUNG-CITYHALL-BUKCHANG-SM01-N02,SEOUL-JUNG-CITYHALL-BUKCHANG-SM01,university,세종대로,,,,SRC-V1-FRAMEONE,B,좌표·주소 확인 필요; v1 텍스트에서 분리,text_only
SEOUL-JUNG-CITYHALL-BUKCHANG-SM01-N03,SEOUL-JUNG-CITYHALL-BUKCHANG-SM01,street,무교로,,,,SRC-V1-FRAMEONE,B,좌표·주소 확인 필요; v1 텍스트에서 분리,text_only
SEOUL-JUNG-CITYHALL-BUKCHANG-SM03-N04,SEOUL-JUNG-CITYHALL-BUKCHANG-SM03,street,북창동길,,,,SRC-V1-FRAMEONE,B,좌표·주소 확인 필요; v1 텍스트에서 분리,text_only
SEOUL-JUNG-SINDANG-YAKSU-SM01-N01,SEOUL-JUNG-SINDANG-YAKSU-SM01,anchor,신당,,,,SRC-V1-FRAMEONE,S,좌표·주소 확인 필요; v1 텍스트에서 분리,text_only
SEOUL-JUNG-SINDANG-YAKSU-SM02-N02,SEOUL-JUNG-SINDANG-YAKSU-SM02,anchor,약수,,,,SRC-V1-FRAMEONE,S,좌표·주소 확인 필요; v1 텍스트에서 분리,text_only
SEOUL-JUNG-SINDANG-YAKSU-SM01-N03,SEOUL-JUNG-SINDANG-YAKSU-SM01,street,다산로,,,,SRC-V1-FRAMEONE,S,좌표·주소 확인 필요; v1 텍스트에서 분리,text_only
SEOUL-JUNG-SINDANG-YAKSU-SM01-N04,SEOUL-JUNG-SINDANG-YAKSU-SM01,street,퇴계로,,,,SRC-V1-FRAMEONE,S,좌표·주소 확인 필요; v1 텍스트에서 분리,text_only
SEOUL-JUNG-SINDANG-YAKSU-SM01-N05,SEOUL-JUNG-SINDANG-YAKSU-SM01,traditional_market,중앙시장,,,,SRC-V1-FRAMEONE,S,좌표·주소 확인 필요; v1 텍스트에서 분리,text_only
SEOUL-JUNG-SINDANG-YAKSU-SM02-N06,SEOUL-JUNG-SINDANG-YAKSU-SM02,station,약수역,,,,SRC-V1-FRAMEONE,S,좌표·주소 확인 필요; v1 텍스트에서 분리,text_only
SEOUL-YONGSAN-ITAEWON-SM01-N01,SEOUL-YONGSAN-ITAEWON-SM01,anchor,이태원,,,,SRC-V1-FRAMEONE,A,좌표·주소 확인 필요; v1 텍스트에서 분리,text_only
SEOUL-YONGSAN-ITAEWON-SM01-N02,SEOUL-YONGSAN-ITAEWON-SM01,street,이태원로,,,,SRC-V1-FRAMEONE,A,좌표·주소 확인 필요; v1 텍스트에서 분리,text_only
SEOUL-YONGSAN-ITAEWON-SM01-N03,SEOUL-YONGSAN-ITAEWON-SM01,street,보광로,,,,SRC-V1-FRAMEONE,A,좌표·주소 확인 필요; v1 텍스트에서 분리,text_only
SEOUL-YONGSAN-ITAEWON-SM01-N04,SEOUL-YONGSAN-ITAEWON-SM01,station,이태원역,,,,SRC-V1-FRAMEONE,A,좌표·주소 확인 필요; v1 텍스트에서 분리,text_only
SEOUL-YONGSAN-HANNAM-SM01-N01,SEOUL-YONGSAN-HANNAM-SM01,park_water_access,한강진,,,,SRC-V1-FRAMEONE,A,좌표·주소 확인 필요; v1 텍스트에서 분리,text_only
SEOUL-YONGSAN-HANNAM-SM01-N02,SEOUL-YONGSAN-HANNAM-SM01,street,이태원로,,,,SRC-V1-FRAMEONE,A,좌표·주소 확인 필요; v1 텍스트에서 분리,text_only
SEOUL-YONGSAN-HANNAM-SM01-N03,SEOUL-YONGSAN-HANNAM-SM01,street,독서당로,,,,SRC-V1-FRAMEONE,A,좌표·주소 확인 필요; v1 텍스트에서 분리,text_only
SEOUL-YONGSAN-HAEBANGCHON-GYEONGNIDAN-SM01-N01,SEOUL-YONGSAN-HAEBANGCHON-GYEONGNIDAN-SM01,anchor,녹사평,,,,SRC-V1-FRAMEONE,B,좌표·주소 확인 필요; v1 텍스트에서 분리,text_only
SEOUL-YONGSAN-HAEBANGCHON-GYEONGNIDAN-SM01-N02,SEOUL-YONGSAN-HAEBANGCHON-GYEONGNIDAN-SM01,street,소월로,,,,SRC-V1-FRAMEONE,B,좌표·주소 확인 필요; v1 텍스트에서 분리,text_only
SEOUL-YONGSAN-HAEBANGCHON-GYEONGNIDAN-SM01-N03,SEOUL-YONGSAN-HAEBANGCHON-GYEONGNIDAN-SM01,street,신흥로,,,,SRC-V1-FRAMEONE,B,좌표·주소 확인 필요; v1 텍스트에서 분리,text_only
SEOUL-YONGSAN-HAEBANGCHON-GYEONGNIDAN-SM01-N04,SEOUL-YONGSAN-HAEBANGCHON-GYEONGNIDAN-SM01,street,회나무로,,,,SRC-V1-FRAMEONE,B,좌표·주소 확인 필요; v1 텍스트에서 분리,text_only
SEOUL-YONGSAN-HAEBANGCHON-GYEONGNIDAN-SM01-N05,SEOUL-YONGSAN-HAEBANGCHON-GYEONGNIDAN-SM01,traditional_market,신흥시장,,,,SRC-V1-FRAMEONE,B,좌표·주소 확인 필요; v1 텍스트에서 분리,text_only
SEOUL-YONGSAN-YONGLIDAN-SINYONGSAN-SM01-N01,SEOUL-YONGSAN-YONGLIDAN-SINYONGSAN-SM01,anchor,신용산,,,,SRC-V1-FRAMEONE,A,좌표·주소 확인 필요; v1 텍스트에서 분리,text_only
SEOUL-YONGSAN-YONGLIDAN-SINYONGSAN-SM03-N02,SEOUL-YONGSAN-YONGLIDAN-SINYONGSAN-SM03,anchor,삼각지,,,,SRC-V1-FRAMEONE,A,좌표·주소 확인 필요; v1 텍스트에서 분리,text_only
SEOUL-YONGSAN-YONGLIDAN-SINYONGSAN-SM01-N03,SEOUL-YONGSAN-YONGLIDAN-SINYONGSAN-SM01,park_water_access,한강대로,,,,SRC-V1-FRAMEONE,A,좌표·주소 확인 필요; v1 텍스트에서 분리,text_only
SEOUL-YONGSAN-YONGLIDAN-SINYONGSAN-SM01-N04,SEOUL-YONGSAN-YONGLIDAN-SINYONGSAN-SM01,park_water_access,한강로,,,,SRC-V1-FRAMEONE,A,좌표·주소 확인 필요; v1 텍스트에서 분리,text_only
SEOUL-YONGSAN-YONGLIDAN-SINYONGSAN-SM03-N05,SEOUL-YONGSAN-YONGLIDAN-SINYONGSAN-SM03,station,삼각지역,,,,SRC-V1-FRAMEONE,A,좌표·주소 확인 필요; v1 텍스트에서 분리,text_only
SEOUL-YONGSAN-YONGSANSTN-SM01-N01,SEOUL-YONGSAN-YONGSANSTN-SM01,anchor,용산,,,,SRC-V1-FRAMEONE,B,좌표·주소 확인 필요; v1 텍스트에서 분리,text_only
SEOUL-YONGSAN-YONGSANSTN-SM01-N02,SEOUL-YONGSAN-YONGSANSTN-SM01,park_water_access,한강대로,,,,SRC-V1-FRAMEONE,B,좌표·주소 확인 필요; v1 텍스트에서 분리,text_only
SEOUL-YONGSAN-YONGSANSTN-SM01-N03,SEOUL-YONGSAN-YONGSANSTN-SM01,street,청파로,,,,SRC-V1-FRAMEONE,B,좌표·주소 확인 필요; v1 텍스트에서 분리,text_only
SEOUL-YONGSAN-YONGSANSTN-SM01-N04,SEOUL-YONGSAN-YONGSANSTN-SM01,station,용산역,,,,SRC-V1-FRAMEONE,B,좌표·주소 확인 필요; v1 텍스트에서 분리,text_only
SEOUL-YONGSAN-YONGSANSTN-SM01-N05,SEOUL-YONGSAN-YONGSANSTN-SM01,shopping,아이파크몰,,,,SRC-V1-FRAMEONE,B,좌표·주소 확인 필요; v1 텍스트에서 분리,text_only
SEOUL-YONGSAN-NAMYEONG-SOOKMYUNG-SM01-N01,SEOUL-YONGSAN-NAMYEONG-SOOKMYUNG-SM01,anchor,남영,,,,SRC-V1-FRAMEONE,S,좌표·주소 확인 필요; v1 텍스트에서 분리,text_only
SEOUL-YONGSAN-NAMYEONG-SOOKMYUNG-SM02-N02,SEOUL-YONGSAN-NAMYEONG-SOOKMYUNG-SM02,university,숙대입구,,,,SRC-V1-FRAMEONE,S,좌표·주소 확인 필요; v1 텍스트에서 분리,text_only
SEOUL-YONGSAN-NAMYEONG-SOOKMYUNG-SM01-N03,SEOUL-YONGSAN-NAMYEONG-SOOKMYUNG-SM01,park_water_access,한강대로,,,,SRC-V1-FRAMEONE,S,좌표·주소 확인 필요; v1 텍스트에서 분리,text_only
SEOUL-YONGSAN-NAMYEONG-SOOKMYUNG-SM01-N04,SEOUL-YONGSAN-NAMYEONG-SOOKMYUNG-SM01,street,청파로,,,,SRC-V1-FRAMEONE,S,좌표·주소 확인 필요; v1 텍스트에서 분리,text_only
SEOUL-YONGSAN-NAMYEONG-SOOKMYUNG-SM01-N05,SEOUL-YONGSAN-NAMYEONG-SOOKMYUNG-SM01,station,남영역,,,,SRC-V1-FRAMEONE,S,좌표·주소 확인 필요; v1 텍스트에서 분리,text_only
SEOUL-YONGSAN-NAMYEONG-SOOKMYUNG-SM01-N06,SEOUL-YONGSAN-NAMYEONG-SOOKMYUNG-SM01,university,숙명여대 정문,,,,SRC-V1-FRAMEONE,S,좌표·주소 확인 필요; v1 텍스트에서 분리,text_only
SEOUL-YONGSAN-HYOCHANG-HUAM-SM01-N01,SEOUL-YONGSAN-HYOCHANG-HUAM-SM01,park_water_access,효창공원앞,,,,SRC-V1-FRAMEONE,B,좌표·주소 확인 필요; v1 텍스트에서 분리,text_only
SEOUL-YONGSAN-HYOCHANG-HUAM-SM01-N02,SEOUL-YONGSAN-HYOCHANG-HUAM-SM01,station,서울역,,,,SRC-V1-FRAMEONE,B,좌표·주소 확인 필요; v1 텍스트에서 분리,text_only
SEOUL-YONGSAN-HYOCHANG-HUAM-SM01-N03,SEOUL-YONGSAN-HYOCHANG-HUAM-SM01,street,백범로,,,,SRC-V1-FRAMEONE,B,좌표·주소 확인 필요; v1 텍스트에서 분리,text_only
SEOUL-YONGSAN-HYOCHANG-HUAM-SM01-N04,SEOUL-YONGSAN-HYOCHANG-HUAM-SM01,street,후암로,,,,SRC-V1-FRAMEONE,B,좌표·주소 확인 필요; v1 텍스트에서 분리,text_only
SEOUL-YONGSAN-HYOCHANG-HUAM-SM01-N05,SEOUL-YONGSAN-HYOCHANG-HUAM-SM01,traditional_market,후암시장,,,,SRC-V1-FRAMEONE,B,좌표·주소 확인 필요; v1 텍스트에서 분리,text_only
SEOUL-SEONGDONG-SEONGSU-YEONMUJANG-N01,SEOUL-SEONGDONG-SEONGSU-YEONMUJANG,anchor,성수,,,,SRC-V1-FRAMEONE,S,좌표·주소 확인 필요; v1 텍스트에서 분리,text_only
SEOUL-SEONGDONG-SEONGSU-YEONMUJANG-N02,SEOUL-SEONGDONG-SEONGSU-YEONMUJANG,anchor,뚝섬,,,,SRC-V1-FRAMEONE,S,좌표·주소 확인 필요; v1 텍스트에서 분리,text_only
SEOUL-SEONGDONG-SEONGSU-YEONMUJANG-N03,SEOUL-SEONGDONG-SEONGSU-YEONMUJANG,street,연무장길,,,,SRC-V1-FRAMEONE,S,좌표·주소 확인 필요; v1 텍스트에서 분리,text_only
SEOUL-SEONGDONG-SEONGSU-YEONMUJANG-N04,SEOUL-SEONGDONG-SEONGSU-YEONMUJANG,street,성수이로,,,,SRC-V1-FRAMEONE,S,좌표·주소 확인 필요; v1 텍스트에서 분리,text_only
SEOUL-SEONGDONG-SEONGSU-YEONMUJANG-N05,SEOUL-SEONGDONG-SEONGSU-YEONMUJANG,street,아차산로,,,,SRC-V1-FRAMEONE,S,좌표·주소 확인 필요; v1 텍스트에서 분리,text_only
SEOUL-SEONGDONG-SEOULFOREST-SM01-N01,SEOUL-SEONGDONG-SEOULFOREST-SM01,anchor,서울숲,,,,SRC-V1-FRAMEONE,A,좌표·주소 확인 필요; v1 텍스트에서 분리,text_only
SEOUL-SEONGDONG-SEOULFOREST-SM01-N02,SEOUL-SEONGDONG-SEOULFOREST-SM01,anchor,뚝섬,,,,SRC-V1-FRAMEONE,A,좌표·주소 확인 필요; v1 텍스트에서 분리,text_only
SEOUL-SEONGDONG-SEOULFOREST-SM01-N03,SEOUL-SEONGDONG-SEOULFOREST-SM01,street,서울숲2길,,,,SRC-V1-FRAMEONE,A,좌표·주소 확인 필요; v1 텍스트에서 분리,text_only
SEOUL-SEONGDONG-SEOULFOREST-SM01-N04,SEOUL-SEONGDONG-SEOULFOREST-SM01,street,왕십리로,,,,SRC-V1-FRAMEONE,A,좌표·주소 확인 필요; v1 텍스트에서 분리,text_only
SEOUL-SEONGDONG-WANGSIMNI-SM01-N01,SEOUL-SEONGDONG-WANGSIMNI-SM01,anchor,왕십리,,,,SRC-V1-FRAMEONE,C,좌표·주소 확인 필요; v1 텍스트에서 분리,text_only
SEOUL-SEONGDONG-WANGSIMNI-SM01-N02,SEOUL-SEONGDONG-WANGSIMNI-SM01,street,왕십리광장로,,,,SRC-V1-FRAMEONE,C,좌표·주소 확인 필요; v1 텍스트에서 분리,text_only
SEOUL-SEONGDONG-WANGSIMNI-SM01-N03,SEOUL-SEONGDONG-WANGSIMNI-SM01,street,고산자로,,,,SRC-V1-FRAMEONE,C,좌표·주소 확인 필요; v1 텍스트에서 분리,text_only
SEOUL-SEONGDONG-WANGSIMNI-SM01-N04,SEOUL-SEONGDONG-WANGSIMNI-SM01,station,왕십리역,,,,SRC-V1-FRAMEONE,C,좌표·주소 확인 필요; v1 텍스트에서 분리,text_only
SEOUL-SEONGDONG-HAENGDANG-HANYANG-SM01-N01,SEOUL-SEONGDONG-HAENGDANG-HANYANG-SM01,anchor,한양대,,,,SRC-V1-FRAMEONE,B,좌표·주소 확인 필요; v1 텍스트에서 분리,text_only
SEOUL-SEONGDONG-HAENGDANG-HANYANG-SM01-N02,SEOUL-SEONGDONG-HAENGDANG-HANYANG-SM01,anchor,왕십리,,,,SRC-V1-FRAMEONE,B,좌표·주소 확인 필요; v1 텍스트에서 분리,text_only
SEOUL-SEONGDONG-HAENGDANG-HANYANG-SM01-N03,SEOUL-SEONGDONG-HAENGDANG-HANYANG-SM01,street,왕십리로,,,,SRC-V1-FRAMEONE,B,좌표·주소 확인 필요; v1 텍스트에서 분리,text_only
SEOUL-SEONGDONG-HAENGDANG-HANYANG-SM01-N04,SEOUL-SEONGDONG-HAENGDANG-HANYANG-SM01,street,마조로,,,,SRC-V1-FRAMEONE,B,좌표·주소 확인 필요; v1 텍스트에서 분리,text_only
SEOUL-SEONGDONG-HAENGDANG-HANYANG-SM01-N05,SEOUL-SEONGDONG-HAENGDANG-HANYANG-SM01,university,한양대 정문,,,,SRC-V1-FRAMEONE,B,좌표·주소 확인 필요; v1 텍스트에서 분리,text_only
SEOUL-SEONGDONG-HAENGDANG-HANYANG-SM01-N06,SEOUL-SEONGDONG-HAENGDANG-HANYANG-SM01,traditional_market,행당시장,,,,SRC-V1-FRAMEONE,B,좌표·주소 확인 필요; v1 텍스트에서 분리,text_only
SEOUL-SEONGDONG-GEUMHO-OKSU-SM01-N01,SEOUL-SEONGDONG-GEUMHO-OKSU-SM01,anchor,금호,,,,SRC-V1-FRAMEONE,B,좌표·주소 확인 필요; v1 텍스트에서 분리,text_only
SEOUL-SEONGDONG-GEUMHO-OKSU-SM02-N02,SEOUL-SEONGDONG-GEUMHO-OKSU-SM02,anchor,옥수,,,,SRC-V1-FRAMEONE,B,좌표·주소 확인 필요; v1 텍스트에서 분리,text_only
SEOUL-SEONGDONG-GEUMHO-OKSU-SM01-N03,SEOUL-SEONGDONG-GEUMHO-OKSU-SM01,street,독서당로,,,,SRC-V1-FRAMEONE,B,좌표·주소 확인 필요; v1 텍스트에서 분리,text_only
SEOUL-SEONGDONG-GEUMHO-OKSU-SM01-N04,SEOUL-SEONGDONG-GEUMHO-OKSU-SM01,street,동호로,,,,SRC-V1-FRAMEONE,B,좌표·주소 확인 필요; v1 텍스트에서 분리,text_only
SEOUL-SEONGDONG-GEUMHO-OKSU-SM01-N05,SEOUL-SEONGDONG-GEUMHO-OKSU-SM01,station,금호역,,,,SRC-V1-FRAMEONE,B,좌표·주소 확인 필요; v1 텍스트에서 분리,text_only
SEOUL-SEONGDONG-GEUMHO-OKSU-SM02-N06,SEOUL-SEONGDONG-GEUMHO-OKSU-SM02,station,옥수역,,,,SRC-V1-FRAMEONE,B,좌표·주소 확인 필요; v1 텍스트에서 분리,text_only
SEOUL-SEONGDONG-MAJANG-SM01-N01,SEOUL-SEONGDONG-MAJANG-SM01,anchor,마장,,,,SRC-V1-FRAMEONE,D,좌표·주소 확인 필요; v1 텍스트에서 분리,text_only
SEOUL-SEONGDONG-MAJANG-SM01-N02,SEOUL-SEONGDONG-MAJANG-SM01,street,마장로,,,,SRC-V1-FRAMEONE,D,좌표·주소 확인 필요; v1 텍스트에서 분리,text_only
SEOUL-SEONGDONG-MAJANG-SM01-N03,SEOUL-SEONGDONG-MAJANG-SM01,street,고산자로,,,,SRC-V1-FRAMEONE,D,좌표·주소 확인 필요; v1 텍스트에서 분리,text_only
SEOUL-SEONGDONG-MAJANG-SM01-N04,SEOUL-SEONGDONG-MAJANG-SM01,traditional_market,마장축산물시장,,,,SRC-V1-FRAMEONE,D,좌표·주소 확인 필요; v1 텍스트에서 분리,text_only
SEOUL-SEONGDONG-MAJANG-SM01-N05,SEOUL-SEONGDONG-MAJANG-SM01,station,마장역,,,,SRC-V1-FRAMEONE,D,좌표·주소 확인 필요; v1 텍스트에서 분리,text_only
SEOUL-GWANGJIN-KONKUK-SM01-N01,SEOUL-GWANGJIN-KONKUK-SM01,anchor,건대입구,,,,SRC-V1-FRAMEONE,A,좌표·주소 확인 필요; v1 텍스트에서 분리,text_only
SEOUL-GWANGJIN-KONKUK-SM01-N02,SEOUL-GWANGJIN-KONKUK-SM01,street,아차산로,,,,SRC-V1-FRAMEONE,A,좌표·주소 확인 필요; v1 텍스트에서 분리,text_only
SEOUL-GWANGJIN-KONKUK-SM01-N03,SEOUL-GWANGJIN-KONKUK-SM01,street,동일로,,,,SRC-V1-FRAMEONE,A,좌표·주소 확인 필요; v1 텍스트에서 분리,text_only
SEOUL-GWANGJIN-KONKUK-SM01-N04,SEOUL-GWANGJIN-KONKUK-SM01,street,능동로,,,,SRC-V1-FRAMEONE,A,좌표·주소 확인 필요; v1 텍스트에서 분리,text_only
SEOUL-GWANGJIN-KONKUK-SM01-N05,SEOUL-GWANGJIN-KONKUK-SM01,station,건대입구역,,,,SRC-V1-FRAMEONE,A,좌표·주소 확인 필요; v1 텍스트에서 분리,text_only
SEOUL-GWANGJIN-GUI-GANGBYEON-SM01-N01,SEOUL-GWANGJIN-GUI-GANGBYEON-SM01,anchor,구의,,,,SRC-V1-FRAMEONE,B,좌표·주소 확인 필요; v1 텍스트에서 분리,text_only
SEOUL-GWANGJIN-GUI-GANGBYEON-SM02-N02,SEOUL-GWANGJIN-GUI-GANGBYEON-SM02,anchor,강변,,,,SRC-V1-FRAMEONE,B,좌표·주소 확인 필요; v1 텍스트에서 분리,text_only
SEOUL-GWANGJIN-GUI-GANGBYEON-SM01-N03,SEOUL-GWANGJIN-GUI-GANGBYEON-SM01,street,아차산로,,,,SRC-V1-FRAMEONE,B,좌표·주소 확인 필요; v1 텍스트에서 분리,text_only
SEOUL-GWANGJIN-GUI-GANGBYEON-SM02-N04,SEOUL-GWANGJIN-GUI-GANGBYEON-SM02,station,강변역로,,,,SRC-V1-FRAMEONE,B,좌표·주소 확인 필요; v1 텍스트에서 분리,text_only
SEOUL-GWANGJIN-GUI-GANGBYEON-SM01-N05,SEOUL-GWANGJIN-GUI-GANGBYEON-SM01,station,구의역,,,,SRC-V1-FRAMEONE,B,좌표·주소 확인 필요; v1 텍스트에서 분리,text_only
SEOUL-GWANGJIN-GUI-GANGBYEON-SM02-N06,SEOUL-GWANGJIN-GUI-GANGBYEON-SM02,station,강변역,,,,SRC-V1-FRAMEONE,B,좌표·주소 확인 필요; v1 텍스트에서 분리,text_only
SEOUL-GWANGJIN-GUI-GANGBYEON-SM01-N07,SEOUL-GWANGJIN-GUI-GANGBYEON-SM01,shopping,테크노마트,,,,SRC-V1-FRAMEONE,B,좌표·주소 확인 필요; v1 텍스트에서 분리,text_only
SEOUL-GWANGJIN-GUI-GANGBYEON-SM01-N08,SEOUL-GWANGJIN-GUI-GANGBYEON-SM01,anchor,동서울터미널,,,,SRC-V1-FRAMEONE,B,좌표·주소 확인 필요; v1 텍스트에서 분리,text_only
SEOUL-GWANGJIN-JAYANG-SM01-N01,SEOUL-GWANGJIN-JAYANG-SM01,anchor,자양,,,,SRC-V1-FRAMEONE,C,좌표·주소 확인 필요; v1 텍스트에서 분리,text_only
SEOUL-GWANGJIN-JAYANG-SM01-N02,SEOUL-GWANGJIN-JAYANG-SM01,anchor,건대입구,,,,SRC-V1-FRAMEONE,C,좌표·주소 확인 필요; v1 텍스트에서 분리,text_only
SEOUL-GWANGJIN-JAYANG-SM01-N03,SEOUL-GWANGJIN-JAYANG-SM01,street,자양로,,,,SRC-V1-FRAMEONE,C,좌표·주소 확인 필요; v1 텍스트에서 분리,text_only
SEOUL-GWANGJIN-JAYANG-SM01-N04,SEOUL-GWANGJIN-JAYANG-SM01,street,뚝섬로,,,,SRC-V1-FRAMEONE,C,좌표·주소 확인 필요; v1 텍스트에서 분리,text_only
SEOUL-GWANGJIN-JAYANG-SM01-N05,SEOUL-GWANGJIN-JAYANG-SM01,traditional_market,자양전통시장,,,,SRC-V1-FRAMEONE,C,좌표·주소 확인 필요; v1 텍스트에서 분리,text_only
SEOUL-GWANGJIN-CHILDRENSPARK-SEJONG-SM01-N01,SEOUL-GWANGJIN-CHILDRENSPARK-SEJONG-SM01,park_water_access,어린이대공원,,,,SRC-V1-FRAMEONE,S,좌표·주소 확인 필요; v1 텍스트에서 분리,text_only
SEOUL-GWANGJIN-CHILDRENSPARK-SEJONG-SM02-N02,SEOUL-GWANGJIN-CHILDRENSPARK-SEJONG-SM02,street,능동로,,,,SRC-V1-FRAMEONE,S,좌표·주소 확인 필요; v1 텍스트에서 분리,text_only
SEOUL-GWANGJIN-CHILDRENSPARK-SEJONG-SM01-N03,SEOUL-GWANGJIN-CHILDRENSPARK-SEJONG-SM01,street,광나루로,,,,SRC-V1-FRAMEONE,S,좌표·주소 확인 필요; v1 텍스트에서 분리,text_only
SEOUL-GWANGJIN-GUNJA-JUNGGOK-SM01-N01,SEOUL-GWANGJIN-GUNJA-JUNGGOK-SM01,anchor,군자,,,,SRC-V1-FRAMEONE,C,좌표·주소 확인 필요; v1 텍스트에서 분리,text_only
SEOUL-GWANGJIN-GUNJA-JUNGGOK-SM01-N02,SEOUL-GWANGJIN-GUNJA-JUNGGOK-SM01,anchor,중곡,,,,SRC-V1-FRAMEONE,C,좌표·주소 확인 필요; v1 텍스트에서 분리,text_only
SEOUL-GWANGJIN-GUNJA-JUNGGOK-SM01-N03,SEOUL-GWANGJIN-GUNJA-JUNGGOK-SM01,street,천호대로,,,,SRC-V1-FRAMEONE,C,좌표·주소 확인 필요; v1 텍스트에서 분리,text_only
SEOUL-GWANGJIN-GUNJA-JUNGGOK-SM01-N04,SEOUL-GWANGJIN-GUNJA-JUNGGOK-SM01,street,능동로,,,,SRC-V1-FRAMEONE,C,좌표·주소 확인 필요; v1 텍스트에서 분리,text_only
SEOUL-GWANGJIN-GUNJA-JUNGGOK-SM01-N05,SEOUL-GWANGJIN-GUNJA-JUNGGOK-SM01,station,군자역,,,,SRC-V1-FRAMEONE,C,좌표·주소 확인 필요; v1 텍스트에서 분리,text_only
SEOUL-GWANGJIN-GUNJA-JUNGGOK-SM01-N06,SEOUL-GWANGJIN-GUNJA-JUNGGOK-SM01,traditional_market,중곡제일시장,,,,SRC-V1-FRAMEONE,C,좌표·주소 확인 필요; v1 텍스트에서 분리,text_only
SEOUL-DONGDAEMUN-CHEONGNYANGNI-SM01-N01,SEOUL-DONGDAEMUN-CHEONGNYANGNI-SM01,anchor,청량리,,,,SRC-V1-FRAMEONE,C,좌표·주소 확인 필요; v1 텍스트에서 분리,text_only
SEOUL-DONGDAEMUN-CHEONGNYANGNI-SM01-N02,SEOUL-DONGDAEMUN-CHEONGNYANGNI-SM01,street,왕산로,,,,SRC-V1-FRAMEONE,C,좌표·주소 확인 필요; v1 텍스트에서 분리,text_only
SEOUL-DONGDAEMUN-CHEONGNYANGNI-SM01-N03,SEOUL-DONGDAEMUN-CHEONGNYANGNI-SM01,street,홍릉로,,,,SRC-V1-FRAMEONE,C,좌표·주소 확인 필요; v1 텍스트에서 분리,text_only
SEOUL-DONGDAEMUN-CHEONGNYANGNI-SM01-N04,SEOUL-DONGDAEMUN-CHEONGNYANGNI-SM01,station,청량리역,,,,SRC-V1-FRAMEONE,C,좌표·주소 확인 필요; v1 텍스트에서 분리,text_only
SEOUL-DONGDAEMUN-CHEONGNYANGNI-SM01-N05,SEOUL-DONGDAEMUN-CHEONGNYANGNI-SM01,shopping,롯데백화점,,,,SRC-V1-FRAMEONE,C,좌표·주소 확인 필요; v1 텍스트에서 분리,text_only
SEOUL-DONGDAEMUN-CHEONGNYANGNI-SM01-N06,SEOUL-DONGDAEMUN-CHEONGNYANGNI-SM01,traditional_market,청량리시장,,,,SRC-V1-FRAMEONE,C,좌표·주소 확인 필요; v1 텍스트에서 분리,text_only
SEOUL-DONGDAEMUN-HOEGI-KYUNGHEE-SM01-N01,SEOUL-DONGDAEMUN-HOEGI-KYUNGHEE-SM01,anchor,회기,,,,SRC-V1-FRAMEONE,S,좌표·주소 확인 필요; v1 텍스트에서 분리,text_only
SEOUL-DONGDAEMUN-HOEGI-KYUNGHEE-SM01-N02,SEOUL-DONGDAEMUN-HOEGI-KYUNGHEE-SM01,street,회기로,,,,SRC-V1-FRAMEONE,S,좌표·주소 확인 필요; v1 텍스트에서 분리,text_only
SEOUL-DONGDAEMUN-HOEGI-KYUNGHEE-SM02-N03,SEOUL-DONGDAEMUN-HOEGI-KYUNGHEE-SM02,street,경희대로,,,,SRC-V1-FRAMEONE,S,좌표·주소 확인 필요; v1 텍스트에서 분리,text_only
SEOUL-DONGDAEMUN-HOEGI-KYUNGHEE-SM01-N04,SEOUL-DONGDAEMUN-HOEGI-KYUNGHEE-SM01,station,회기역,,,,SRC-V1-FRAMEONE,S,좌표·주소 확인 필요; v1 텍스트에서 분리,text_only
SEOUL-DONGDAEMUN-HOEGI-KYUNGHEE-SM01-N05,SEOUL-DONGDAEMUN-HOEGI-KYUNGHEE-SM01,university,경희대 정문,,,,SRC-V1-FRAMEONE,S,좌표·주소 확인 필요; v1 텍스트에서 분리,text_only
SEOUL-DONGDAEMUN-HUFS-IMUN-SM01-N01,SEOUL-DONGDAEMUN-HUFS-IMUN-SM01,university,외대앞,,,,SRC-V1-FRAMEONE,B,좌표·주소 확인 필요; v1 텍스트에서 분리,text_only
SEOUL-DONGDAEMUN-HUFS-IMUN-SM01-N02,SEOUL-DONGDAEMUN-HUFS-IMUN-SM01,street,이문로,,,,SRC-V1-FRAMEONE,B,좌표·주소 확인 필요; v1 텍스트에서 분리,text_only
SEOUL-DONGDAEMUN-HUFS-IMUN-SM01-N03,SEOUL-DONGDAEMUN-HUFS-IMUN-SM01,street,휘경로,,,,SRC-V1-FRAMEONE,B,좌표·주소 확인 필요; v1 텍스트에서 분리,text_only
SEOUL-DONGDAEMUN-HUFS-IMUN-SM01-N04,SEOUL-DONGDAEMUN-HUFS-IMUN-SM01,station,외대앞역,,,,SRC-V1-FRAMEONE,B,좌표·주소 확인 필요; v1 텍스트에서 분리,text_only
SEOUL-DONGDAEMUN-HUFS-IMUN-SM01-N05,SEOUL-DONGDAEMUN-HUFS-IMUN-SM01,university,한국외대 정문,,,,SRC-V1-FRAMEONE,B,좌표·주소 확인 필요; v1 텍스트에서 분리,text_only
SEOUL-DONGDAEMUN-JANGAN-DAPSIMNI-SM01-N01,SEOUL-DONGDAEMUN-JANGAN-DAPSIMNI-SM01,anchor,장한평,,,,SRC-V1-FRAMEONE,B,좌표·주소 확인 필요; v1 텍스트에서 분리,text_only
SEOUL-DONGDAEMUN-JANGAN-DAPSIMNI-SM02-N02,SEOUL-DONGDAEMUN-JANGAN-DAPSIMNI-SM02,anchor,답십리,,,,SRC-V1-FRAMEONE,B,좌표·주소 확인 필요; v1 텍스트에서 분리,text_only
SEOUL-DONGDAEMUN-JANGAN-DAPSIMNI-SM01-N03,SEOUL-DONGDAEMUN-JANGAN-DAPSIMNI-SM01,street,천호대로,,,,SRC-V1-FRAMEONE,B,좌표·주소 확인 필요; v1 텍스트에서 분리,text_only
SEOUL-DONGDAEMUN-JANGAN-DAPSIMNI-SM01-N04,SEOUL-DONGDAEMUN-JANGAN-DAPSIMNI-SM01,street,장한로,,,,SRC-V1-FRAMEONE,B,좌표·주소 확인 필요; v1 텍스트에서 분리,text_only
SEOUL-DONGDAEMUN-JANGAN-DAPSIMNI-SM02-N05,SEOUL-DONGDAEMUN-JANGAN-DAPSIMNI-SM02,station,답십리역,,,,SRC-V1-FRAMEONE,B,좌표·주소 확인 필요; v1 텍스트에서 분리,text_only
SEOUL-DONGDAEMUN-JEONNONG-SM01-N01,SEOUL-DONGDAEMUN-JEONNONG-SM01,anchor,청량리,,,,SRC-V1-FRAMEONE,B,좌표·주소 확인 필요; v1 텍스트에서 분리,text_only
SEOUL-DONGDAEMUN-JEONNONG-SM01-N02,SEOUL-DONGDAEMUN-JEONNONG-SM01,street,전농로,,,,SRC-V1-FRAMEONE,B,좌표·주소 확인 필요; v1 텍스트에서 분리,text_only
SEOUL-DONGDAEMUN-JEONNONG-SM01-N03,SEOUL-DONGDAEMUN-JEONNONG-SM01,street,답십리로,,,,SRC-V1-FRAMEONE,B,좌표·주소 확인 필요; v1 텍스트에서 분리,text_only
SEOUL-DONGDAEMUN-JEGI-YONGDU-SINSEOL-SM01-N01,SEOUL-DONGDAEMUN-JEGI-YONGDU-SINSEOL-SM01,anchor,제기동,,,,SRC-V1-FRAMEONE,C,좌표·주소 확인 필요; v1 텍스트에서 분리,text_only
SEOUL-DONGDAEMUN-JEGI-YONGDU-SINSEOL-SM01-N02,SEOUL-DONGDAEMUN-JEGI-YONGDU-SINSEOL-SM01,anchor,용두,,,,SRC-V1-FRAMEONE,C,좌표·주소 확인 필요; v1 텍스트에서 분리,text_only
SEOUL-DONGDAEMUN-JEGI-YONGDU-SINSEOL-SM01-N03,SEOUL-DONGDAEMUN-JEGI-YONGDU-SINSEOL-SM01,anchor,신설동,,,,SRC-V1-FRAMEONE,C,좌표·주소 확인 필요; v1 텍스트에서 분리,text_only
SEOUL-DONGDAEMUN-JEGI-YONGDU-SINSEOL-SM01-N04,SEOUL-DONGDAEMUN-JEGI-YONGDU-SINSEOL-SM01,street,왕산로,,,,SRC-V1-FRAMEONE,C,좌표·주소 확인 필요; v1 텍스트에서 분리,text_only
SEOUL-DONGDAEMUN-JEGI-YONGDU-SINSEOL-SM01-N05,SEOUL-DONGDAEMUN-JEGI-YONGDU-SINSEOL-SM01,street,무학로,,,,SRC-V1-FRAMEONE,C,좌표·주소 확인 필요; v1 텍스트에서 분리,text_only
SEOUL-DONGDAEMUN-JEGI-YONGDU-SINSEOL-SM01-N06,SEOUL-DONGDAEMUN-JEGI-YONGDU-SINSEOL-SM01,traditional_market,경동시장,,,,SRC-V1-FRAMEONE,C,좌표·주소 확인 필요; v1 텍스트에서 분리,text_only
SEOUL-DONGDAEMUN-JEGI-YONGDU-SINSEOL-SM01-N07,SEOUL-DONGDAEMUN-JEGI-YONGDU-SINSEOL-SM01,traditional_market,서울약령시장,,,,SRC-V1-FRAMEONE,C,좌표·주소 확인 필요; v1 텍스트에서 분리,text_only
SEOUL-DONGDAEMUN-JEGI-YONGDU-SINSEOL-SM01-N08,SEOUL-DONGDAEMUN-JEGI-YONGDU-SINSEOL-SM01,station,신설동역,,,,SRC-V1-FRAMEONE,C,좌표·주소 확인 필요; v1 텍스트에서 분리,text_only
SEOUL-JUNGNANG-SANGBONG-SM01-N01,SEOUL-JUNGNANG-SANGBONG-SM01,anchor,상봉,,,,SRC-V1-FRAMEONE,C,좌표·주소 확인 필요; v1 텍스트에서 분리,text_only
SEOUL-JUNGNANG-SANGBONG-SM01-N02,SEOUL-JUNGNANG-SANGBONG-SM01,street,망우로,,,,SRC-V1-FRAMEONE,C,좌표·주소 확인 필요; v1 텍스트에서 분리,text_only
SEOUL-JUNGNANG-SANGBONG-SM01-N03,SEOUL-JUNGNANG-SANGBONG-SM01,street,상봉로,,,,SRC-V1-FRAMEONE,C,좌표·주소 확인 필요; v1 텍스트에서 분리,text_only
SEOUL-JUNGNANG-SANGBONG-SM01-N04,SEOUL-JUNGNANG-SANGBONG-SM01,station,상봉역,,,,SRC-V1-FRAMEONE,C,좌표·주소 확인 필요; v1 텍스트에서 분리,text_only
SEOUL-JUNGNANG-SANGBONG-SM01-N05,SEOUL-JUNGNANG-SANGBONG-SM01,anchor,코스트코,,,,SRC-V1-FRAMEONE,C,좌표·주소 확인 필요; v1 텍스트에서 분리,text_only
SEOUL-JUNGNANG-MANGU-SM01-N01,SEOUL-JUNGNANG-MANGU-SM01,anchor,망우,,,,SRC-V1-FRAMEONE,C,좌표·주소 확인 필요; v1 텍스트에서 분리,text_only
SEOUL-JUNGNANG-MANGU-SM01-N02,SEOUL-JUNGNANG-MANGU-SM01,street,망우로,,,,SRC-V1-FRAMEONE,C,좌표·주소 확인 필요; v1 텍스트에서 분리,text_only
SEOUL-JUNGNANG-MANGU-SM01-N03,SEOUL-JUNGNANG-MANGU-SM01,street,용마산로,,,,SRC-V1-FRAMEONE,C,좌표·주소 확인 필요; v1 텍스트에서 분리,text_only
SEOUL-JUNGNANG-MANGU-SM01-N04,SEOUL-JUNGNANG-MANGU-SM01,station,망우역,,,,SRC-V1-FRAMEONE,C,좌표·주소 확인 필요; v1 텍스트에서 분리,text_only
SEOUL-JUNGNANG-MANGU-SM01-N05,SEOUL-JUNGNANG-MANGU-SM01,traditional_market,우림시장,,,,SRC-V1-FRAMEONE,C,좌표·주소 확인 필요; v1 텍스트에서 분리,text_only
SEOUL-JUNGNANG-MYEONMOK-SAGAJEONG-SM01-N01,SEOUL-JUNGNANG-MYEONMOK-SAGAJEONG-SM01,anchor,사가정,,,,SRC-V1-FRAMEONE,B,좌표·주소 확인 필요; v1 텍스트에서 분리,text_only
SEOUL-JUNGNANG-MYEONMOK-SAGAJEONG-SM01-N02,SEOUL-JUNGNANG-MYEONMOK-SAGAJEONG-SM01,anchor,면목,,,,SRC-V1-FRAMEONE,B,좌표·주소 확인 필요; v1 텍스트에서 분리,text_only
SEOUL-JUNGNANG-MYEONMOK-SAGAJEONG-SM01-N03,SEOUL-JUNGNANG-MYEONMOK-SAGAJEONG-SM01,street,사가정로,,,,SRC-V1-FRAMEONE,B,좌표·주소 확인 필요; v1 텍스트에서 분리,text_only
SEOUL-JUNGNANG-MYEONMOK-SAGAJEONG-SM01-N04,SEOUL-JUNGNANG-MYEONMOK-SAGAJEONG-SM01,street,면목로,,,,SRC-V1-FRAMEONE,B,좌표·주소 확인 필요; v1 텍스트에서 분리,text_only
SEOUL-JUNGNANG-MYEONMOK-SAGAJEONG-SM01-N05,SEOUL-JUNGNANG-MYEONMOK-SAGAJEONG-SM01,station,사가정역,,,,SRC-V1-FRAMEONE,B,좌표·주소 확인 필요; v1 텍스트에서 분리,text_only
SEOUL-JUNGNANG-MYEONMOK-SAGAJEONG-SM01-N06,SEOUL-JUNGNANG-MYEONMOK-SAGAJEONG-SM01,traditional_market,면목시장,,,,SRC-V1-FRAMEONE,B,좌표·주소 확인 필요; v1 텍스트에서 분리,text_only
SEOUL-JUNGNANG-SINNAE-SM01-N01,SEOUL-JUNGNANG-SINNAE-SM01,anchor,신내,,,,SRC-V1-FRAMEONE,S,좌표·주소 확인 필요; v1 텍스트에서 분리,text_only
SEOUL-JUNGNANG-SINNAE-SM01-N02,SEOUL-JUNGNANG-SINNAE-SM01,anchor,봉화산,,,,SRC-V1-FRAMEONE,S,좌표·주소 확인 필요; v1 텍스트에서 분리,text_only
SEOUL-JUNGNANG-SINNAE-SM01-N03,SEOUL-JUNGNANG-SINNAE-SM01,street,신내로,,,,SRC-V1-FRAMEONE,S,좌표·주소 확인 필요; v1 텍스트에서 분리,text_only
SEOUL-JUNGNANG-SINNAE-SM01-N04,SEOUL-JUNGNANG-SINNAE-SM01,street,봉화산로,,,,SRC-V1-FRAMEONE,S,좌표·주소 확인 필요; v1 텍스트에서 분리,text_only
SEOUL-JUNGNANG-SINNAE-SM01-N05,SEOUL-JUNGNANG-SINNAE-SM01,station,신내역,,,,SRC-V1-FRAMEONE,S,좌표·주소 확인 필요; v1 텍스트에서 분리,text_only
SEOUL-JUNGNANG-JUNGHWA-SM01-N01,SEOUL-JUNGNANG-JUNGHWA-SM01,anchor,중화,,,,SRC-V1-FRAMEONE,D,좌표·주소 확인 필요; v1 텍스트에서 분리,text_only
SEOUL-JUNGNANG-JUNGHWA-SM01-N02,SEOUL-JUNGNANG-JUNGHWA-SM01,street,동일로,,,,SRC-V1-FRAMEONE,D,좌표·주소 확인 필요; v1 텍스트에서 분리,text_only
SEOUL-JUNGNANG-JUNGHWA-SM02-N03,SEOUL-JUNGNANG-JUNGHWA-SM02,street,중랑천로,,,,SRC-V1-FRAMEONE,D,좌표·주소 확인 필요; v1 텍스트에서 분리,text_only
SEOUL-JUNGNANG-JUNGHWA-SM01-N04,SEOUL-JUNGNANG-JUNGHWA-SM01,station,중화역,,,,SRC-V1-FRAMEONE,D,좌표·주소 확인 필요; v1 텍스트에서 분리,text_only
SEOUL-SEONGBUK-SUNGSHIN-SM01-N01,SEOUL-SEONGBUK-SUNGSHIN-SM01,anchor,성신여대입구,,,,SRC-V1-FRAMEONE,A,좌표·주소 확인 필요; v1 텍스트에서 분리,text_only
SEOUL-SEONGBUK-SUNGSHIN-SM01-N02,SEOUL-SEONGBUK-SUNGSHIN-SM01,street,동소문로,,,,SRC-V1-FRAMEONE,A,좌표·주소 확인 필요; v1 텍스트에서 분리,text_only
SEOUL-SEONGBUK-SUNGSHIN-SM01-N03,SEOUL-SEONGBUK-SUNGSHIN-SM01,street,보문로,,,,SRC-V1-FRAMEONE,A,좌표·주소 확인 필요; v1 텍스트에서 분리,text_only
SEOUL-SEONGBUK-SUNGSHIN-SM01-N04,SEOUL-SEONGBUK-SUNGSHIN-SM01,station,성신여대입구역,,,,SRC-V1-FRAMEONE,A,좌표·주소 확인 필요; v1 텍스트에서 분리,text_only
SEOUL-SEONGBUK-SUNGSHIN-SM01-N05,SEOUL-SEONGBUK-SUNGSHIN-SM01,traditional_market,돈암시장,,,,SRC-V1-FRAMEONE,A,좌표·주소 확인 필요; v1 텍스트에서 분리,text_only
SEOUL-SEONGBUK-ANAM-KOREAUNIV-SM01-N01,SEOUL-SEONGBUK-ANAM-KOREAUNIV-SM01,anchor,안암,,,,SRC-V1-FRAMEONE,A,좌표·주소 확인 필요; v1 텍스트에서 분리,text_only
SEOUL-SEONGBUK-ANAM-KOREAUNIV-SM01-N02,SEOUL-SEONGBUK-ANAM-KOREAUNIV-SM01,anchor,고려대,,,,SRC-V1-FRAMEONE,A,좌표·주소 확인 필요; v1 텍스트에서 분리,text_only
SEOUL-SEONGBUK-ANAM-KOREAUNIV-SM01-N03,SEOUL-SEONGBUK-ANAM-KOREAUNIV-SM01,street,안암로,,,,SRC-V1-FRAMEONE,A,좌표·주소 확인 필요; v1 텍스트에서 분리,text_only
SEOUL-SEONGBUK-ANAM-KOREAUNIV-SM01-N04,SEOUL-SEONGBUK-ANAM-KOREAUNIV-SM01,street,개운사길,,,,SRC-V1-FRAMEONE,A,좌표·주소 확인 필요; v1 텍스트에서 분리,text_only
SEOUL-SEONGBUK-ANAM-KOREAUNIV-SM01-N05,SEOUL-SEONGBUK-ANAM-KOREAUNIV-SM01,university,고려대 정문,,,,SRC-V1-FRAMEONE,A,좌표·주소 확인 필요; v1 텍스트에서 분리,text_only
SEOUL-SEONGBUK-ANAM-KOREAUNIV-SM01-N06,SEOUL-SEONGBUK-ANAM-KOREAUNIV-SM01,station,안암역,,,,SRC-V1-FRAMEONE,A,좌표·주소 확인 필요; v1 텍스트에서 분리,text_only
SEOUL-SEONGBUK-ANAM-KOREAUNIV-SM01-N07,SEOUL-SEONGBUK-ANAM-KOREAUNIV-SM01,university,고대병원,,,,SRC-V1-FRAMEONE,A,좌표·주소 확인 필요; v1 텍스트에서 분리,text_only
SEOUL-SEONGBUK-GIREUM-SM01-N01,SEOUL-SEONGBUK-GIREUM-SM01,street,길음,,,,SRC-V1-FRAMEONE,S,좌표·주소 확인 필요; v1 텍스트에서 분리,text_only
SEOUL-SEONGBUK-GIREUM-SM01-N02,SEOUL-SEONGBUK-GIREUM-SM01,street,동소문로,,,,SRC-V1-FRAMEONE,S,좌표·주소 확인 필요; v1 텍스트에서 분리,text_only
SEOUL-SEONGBUK-GIREUM-SM01-N03,SEOUL-SEONGBUK-GIREUM-SM01,street,삼양로,,,,SRC-V1-FRAMEONE,S,좌표·주소 확인 필요; v1 텍스트에서 분리,text_only
SEOUL-SEONGBUK-GIREUM-SM01-N04,SEOUL-SEONGBUK-GIREUM-SM01,station,길음역,,,,SRC-V1-FRAMEONE,S,좌표·주소 확인 필요; v1 텍스트에서 분리,text_only
SEOUL-SEONGBUK-HANSUNG-SEONGBUK-SM01-N01,SEOUL-SEONGBUK-HANSUNG-SEONGBUK-SM01,anchor,한성대입구,,,,SRC-V1-FRAMEONE,B,좌표·주소 확인 필요; v1 텍스트에서 분리,text_only
SEOUL-SEONGBUK-HANSUNG-SEONGBUK-SM01-N02,SEOUL-SEONGBUK-HANSUNG-SEONGBUK-SM01,street,성북로,,,,SRC-V1-FRAMEONE,B,좌표·주소 확인 필요; v1 텍스트에서 분리,text_only
SEOUL-SEONGBUK-HANSUNG-SEONGBUK-SM01-N03,SEOUL-SEONGBUK-HANSUNG-SEONGBUK-SM01,street,동소문로,,,,SRC-V1-FRAMEONE,B,좌표·주소 확인 필요; v1 텍스트에서 분리,text_only
SEOUL-SEONGBUK-HANSUNG-SEONGBUK-SM01-N04,SEOUL-SEONGBUK-HANSUNG-SEONGBUK-SM01,station,한성대입구역,,,,SRC-V1-FRAMEONE,B,좌표·주소 확인 필요; v1 텍스트에서 분리,text_only
SEOUL-SEONGBUK-SEOKGYE-JANGWI-SM01-N01,SEOUL-SEONGBUK-SEOKGYE-JANGWI-SM01,anchor,석계,,,,SRC-V1-FRAMEONE,A,좌표·주소 확인 필요; v1 텍스트에서 분리,text_only
SEOUL-SEONGBUK-SEOKGYE-JANGWI-SM03-N02,SEOUL-SEONGBUK-SEOKGYE-JANGWI-SM03,anchor,돌곶이,,,,SRC-V1-FRAMEONE,A,좌표·주소 확인 필요; v1 텍스트에서 분리,text_only
SEOUL-SEONGBUK-SEOKGYE-JANGWI-SM01-N03,SEOUL-SEONGBUK-SEOKGYE-JANGWI-SM01,street,화랑로,,,,SRC-V1-FRAMEONE,A,좌표·주소 확인 필요; v1 텍스트에서 분리,text_only
SEOUL-SEONGBUK-SEOKGYE-JANGWI-SM01-N04,SEOUL-SEONGBUK-SEOKGYE-JANGWI-SM01,street,한천로,,,,SRC-V1-FRAMEONE,A,좌표·주소 확인 필요; v1 텍스트에서 분리,text_only
SEOUL-SEONGBUK-SEOKGYE-JANGWI-SM01-N05,SEOUL-SEONGBUK-SEOKGYE-JANGWI-SM01,station,석계역,,,,SRC-V1-FRAMEONE,A,좌표·주소 확인 필요; v1 텍스트에서 분리,text_only
SEOUL-SEONGBUK-SEOKGYE-JANGWI-SM03-N06,SEOUL-SEONGBUK-SEOKGYE-JANGWI-SM03,station,돌곶이역,,,,SRC-V1-FRAMEONE,A,좌표·주소 확인 필요; v1 텍스트에서 분리,text_only
SEOUL-SEONGBUK-JEONGNEUNG-SM01-N01,SEOUL-SEONGBUK-JEONGNEUNG-SM01,anchor,정릉,,,,SRC-V1-FRAMEONE,C,좌표·주소 확인 필요; v1 텍스트에서 분리,text_only
SEOUL-SEONGBUK-JEONGNEUNG-SM01-N02,SEOUL-SEONGBUK-JEONGNEUNG-SM01,street,정릉로,,,,SRC-V1-FRAMEONE,C,좌표·주소 확인 필요; v1 텍스트에서 분리,text_only
SEOUL-SEONGBUK-JEONGNEUNG-SM01-N03,SEOUL-SEONGBUK-JEONGNEUNG-SM01,street,보국문로,,,,SRC-V1-FRAMEONE,C,좌표·주소 확인 필요; v1 텍스트에서 분리,text_only
SEOUL-SEONGBUK-JEONGNEUNG-SM01-N04,SEOUL-SEONGBUK-JEONGNEUNG-SM01,traditional_market,정릉시장,,,,SRC-V1-FRAMEONE,C,좌표·주소 확인 필요; v1 텍스트에서 분리,text_only
SEOUL-GANGBUK-SUYU-SM01-N01,SEOUL-GANGBUK-SUYU-SM01,anchor,수유,,,,SRC-V1-FRAMEONE,B,좌표·주소 확인 필요; v1 텍스트에서 분리,text_only
SEOUL-GANGBUK-SUYU-SM01-N02,SEOUL-GANGBUK-SUYU-SM01,street,도봉로,,,,SRC-V1-FRAMEONE,B,좌표·주소 확인 필요; v1 텍스트에서 분리,text_only
SEOUL-GANGBUK-SUYU-SM01-N03,SEOUL-GANGBUK-SUYU-SM01,street,노해로,,,,SRC-V1-FRAMEONE,B,좌표·주소 확인 필요; v1 텍스트에서 분리,text_only
SEOUL-GANGBUK-SUYU-SM01-N04,SEOUL-GANGBUK-SUYU-SM01,station,수유역,,,,SRC-V1-FRAMEONE,B,좌표·주소 확인 필요; v1 텍스트에서 분리,text_only
SEOUL-GANGBUK-MIASAGEORI-SM01-N01,SEOUL-GANGBUK-MIASAGEORI-SM01,intersection,미아사거리,,,,SRC-V1-FRAMEONE,A,좌표·주소 확인 필요; v1 텍스트에서 분리,text_only
SEOUL-GANGBUK-MIASAGEORI-SM01-N02,SEOUL-GANGBUK-MIASAGEORI-SM01,street,도봉로,,,,SRC-V1-FRAMEONE,A,좌표·주소 확인 필요; v1 텍스트에서 분리,text_only
SEOUL-GANGBUK-MIASAGEORI-SM01-N03,SEOUL-GANGBUK-MIASAGEORI-SM01,street,월계로,,,,SRC-V1-FRAMEONE,A,좌표·주소 확인 필요; v1 텍스트에서 분리,text_only
SEOUL-GANGBUK-MIASAGEORI-SM01-N04,SEOUL-GANGBUK-MIASAGEORI-SM01,station,미아사거리역,,,,SRC-V1-FRAMEONE,A,좌표·주소 확인 필요; v1 텍스트에서 분리,text_only
SEOUL-GANGBUK-MIASAGEORI-SM01-N05,SEOUL-GANGBUK-MIASAGEORI-SM01,shopping,롯데백화점,,,,SRC-V1-FRAMEONE,A,좌표·주소 확인 필요; v1 텍스트에서 분리,text_only
SEOUL-GANGBUK-MIA-BEON-SM01-N01,SEOUL-GANGBUK-MIA-BEON-SM01,anchor,미아,,,,SRC-V1-FRAMEONE,C,좌표·주소 확인 필요; v1 텍스트에서 분리,text_only
SEOUL-GANGBUK-MIA-BEON-SM01-N02,SEOUL-GANGBUK-MIA-BEON-SM01,street,도봉로,,,,SRC-V1-FRAMEONE,C,좌표·주소 확인 필요; v1 텍스트에서 분리,text_only
SEOUL-GANGBUK-MIA-BEON-SM01-N03,SEOUL-GANGBUK-MIA-BEON-SM01,street,오현로,,,,SRC-V1-FRAMEONE,C,좌표·주소 확인 필요; v1 텍스트에서 분리,text_only
SEOUL-GANGBUK-MIA-BEON-SM01-N04,SEOUL-GANGBUK-MIA-BEON-SM01,station,미아역,,,,SRC-V1-FRAMEONE,C,좌표·주소 확인 필요; v1 텍스트에서 분리,text_only
SEOUL-GANGBUK-UI-BUKHANSAN-SM01-N01,SEOUL-GANGBUK-UI-BUKHANSAN-SM01,anchor,북한산우이,,,,SRC-V1-FRAMEONE,S,좌표·주소 확인 필요; v1 텍스트에서 분리,text_only
SEOUL-GANGBUK-UI-BUKHANSAN-SM01-N02,SEOUL-GANGBUK-UI-BUKHANSAN-SM01,park_water_access,솔밭공원,,,,SRC-V1-FRAMEONE,S,좌표·주소 확인 필요; v1 텍스트에서 분리,text_only
SEOUL-GANGBUK-UI-BUKHANSAN-SM01-N03,SEOUL-GANGBUK-UI-BUKHANSAN-SM01,street,삼양로,,,,SRC-V1-FRAMEONE,S,좌표·주소 확인 필요; v1 텍스트에서 분리,text_only
SEOUL-GANGBUK-UI-BUKHANSAN-SM01-N04,SEOUL-GANGBUK-UI-BUKHANSAN-SM01,street,우이동길,,,,SRC-V1-FRAMEONE,S,좌표·주소 확인 필요; v1 텍스트에서 분리,text_only
SEOUL-GANGBUK-UI-BUKHANSAN-SM01-N05,SEOUL-GANGBUK-UI-BUKHANSAN-SM01,station,북한산우이역,,,,SRC-V1-FRAMEONE,S,좌표·주소 확인 필요; v1 텍스트에서 분리,text_only
SEOUL-DOBONG-CHANGDONG-SM01-N01,SEOUL-DOBONG-CHANGDONG-SM01,anchor,창동,,,,SRC-V1-FRAMEONE,S,좌표·주소 확인 필요; v1 텍스트에서 분리,text_only
SEOUL-DOBONG-CHANGDONG-SM01-N02,SEOUL-DOBONG-CHANGDONG-SM01,street,도봉로,,,,SRC-V1-FRAMEONE,S,좌표·주소 확인 필요; v1 텍스트에서 분리,text_only
SEOUL-DOBONG-CHANGDONG-SM01-N03,SEOUL-DOBONG-CHANGDONG-SM01,street,노해로,,,,SRC-V1-FRAMEONE,S,좌표·주소 확인 필요; v1 텍스트에서 분리,text_only
SEOUL-DOBONG-CHANGDONG-SM01-N04,SEOUL-DOBONG-CHANGDONG-SM01,station,창동역,,,,SRC-V1-FRAMEONE,S,좌표·주소 확인 필요; v1 텍스트에서 분리,text_only
SEOUL-DOBONG-SSANGMUN-SM01-N01,SEOUL-DOBONG-SSANGMUN-SM01,anchor,쌍문,,,,SRC-V1-FRAMEONE,B,좌표·주소 확인 필요; v1 텍스트에서 분리,text_only
SEOUL-DOBONG-SSANGMUN-SM01-N02,SEOUL-DOBONG-SSANGMUN-SM01,street,도봉로,,,,SRC-V1-FRAMEONE,B,좌표·주소 확인 필요; v1 텍스트에서 분리,text_only
SEOUL-DOBONG-SSANGMUN-SM01-N03,SEOUL-DOBONG-SSANGMUN-SM01,street,노해로,,,,SRC-V1-FRAMEONE,B,좌표·주소 확인 필요; v1 텍스트에서 분리,text_only
SEOUL-DOBONG-SSANGMUN-SM01-N04,SEOUL-DOBONG-SSANGMUN-SM01,station,쌍문역,,,,SRC-V1-FRAMEONE,B,좌표·주소 확인 필요; v1 텍스트에서 분리,text_only
SEOUL-DOBONG-BANGHAK-SM01-N01,SEOUL-DOBONG-BANGHAK-SM01,anchor,방학,,,,SRC-V1-FRAMEONE,C,좌표·주소 확인 필요; v1 텍스트에서 분리,text_only
SEOUL-DOBONG-BANGHAK-SM01-N02,SEOUL-DOBONG-BANGHAK-SM01,street,도봉로,,,,SRC-V1-FRAMEONE,C,좌표·주소 확인 필요; v1 텍스트에서 분리,text_only
SEOUL-DOBONG-BANGHAK-SM01-N03,SEOUL-DOBONG-BANGHAK-SM01,street,방학로,,,,SRC-V1-FRAMEONE,C,좌표·주소 확인 필요; v1 텍스트에서 분리,text_only
SEOUL-DOBONG-BANGHAK-SM01-N04,SEOUL-DOBONG-BANGHAK-SM01,station,방학역,,,,SRC-V1-FRAMEONE,C,좌표·주소 확인 필요; v1 텍스트에서 분리,text_only
SEOUL-DOBONG-BANGHAK-SM01-N05,SEOUL-DOBONG-BANGHAK-SM01,traditional_market,도깨비시장,,,,SRC-V1-FRAMEONE,C,좌표·주소 확인 필요; v1 텍스트에서 분리,text_only
SEOUL-DOBONG-DOBONGSAN-SM01-N01,SEOUL-DOBONG-DOBONGSAN-SM01,anchor,도봉산,,,,SRC-V1-FRAMEONE,C,좌표·주소 확인 필요; v1 텍스트에서 분리,text_only
SEOUL-DOBONG-DOBONGSAN-SM01-N02,SEOUL-DOBONG-DOBONGSAN-SM01,street,도봉산길,,,,SRC-V1-FRAMEONE,C,좌표·주소 확인 필요; v1 텍스트에서 분리,text_only
SEOUL-DOBONG-DOBONGSAN-SM01-N03,SEOUL-DOBONG-DOBONGSAN-SM01,street,도봉로,,,,SRC-V1-FRAMEONE,C,좌표·주소 확인 필요; v1 텍스트에서 분리,text_only
SEOUL-DOBONG-DOBONGSAN-SM01-N04,SEOUL-DOBONG-DOBONGSAN-SM01,station,도봉산역,,,,SRC-V1-FRAMEONE,C,좌표·주소 확인 필요; v1 텍스트에서 분리,text_only
SEOUL-NOWON-NOWONSTN-SM01-N01,SEOUL-NOWON-NOWONSTN-SM01,anchor,노원,,,,SRC-V1-FRAMEONE,A,좌표·주소 확인 필요; v1 텍스트에서 분리,text_only
SEOUL-NOWON-NOWONSTN-SM01-N02,SEOUL-NOWON-NOWONSTN-SM01,street,동일로,,,,SRC-V1-FRAMEONE,A,좌표·주소 확인 필요; v1 텍스트에서 분리,text_only
SEOUL-NOWON-NOWONSTN-SM01-N03,SEOUL-NOWON-NOWONSTN-SM01,street,노해로,,,,SRC-V1-FRAMEONE,A,좌표·주소 확인 필요; v1 텍스트에서 분리,text_only
SEOUL-NOWON-NOWONSTN-SM01-N04,SEOUL-NOWON-NOWONSTN-SM01,station,노원역,,,,SRC-V1-FRAMEONE,A,좌표·주소 확인 필요; v1 텍스트에서 분리,text_only
SEOUL-NOWON-NOWONSTN-SM01-N05,SEOUL-NOWON-NOWONSTN-SM01,shopping,롯데백화점,,,,SRC-V1-FRAMEONE,A,좌표·주소 확인 필요; v1 텍스트에서 분리,text_only
SEOUL-NOWON-GONGNEUNG-SM01-N01,SEOUL-NOWON-GONGNEUNG-SM01,anchor,공릉,,,,SRC-V1-FRAMEONE,B,좌표·주소 확인 필요; v1 텍스트에서 분리,text_only
SEOUL-NOWON-GONGNEUNG-SM01-N02,SEOUL-NOWON-GONGNEUNG-SM01,street,동일로,,,,SRC-V1-FRAMEONE,B,좌표·주소 확인 필요; v1 텍스트에서 분리,text_only
SEOUL-NOWON-GONGNEUNG-SM01-N03,SEOUL-NOWON-GONGNEUNG-SM01,street,공릉로,,,,SRC-V1-FRAMEONE,B,좌표·주소 확인 필요; v1 텍스트에서 분리,text_only
SEOUL-NOWON-GONGNEUNG-SM01-N04,SEOUL-NOWON-GONGNEUNG-SM01,station,공릉역,,,,SRC-V1-FRAMEONE,B,좌표·주소 확인 필요; v1 텍스트에서 분리,text_only
SEOUL-NOWON-JUNGGYE-ACADEMY-SM01-N01,SEOUL-NOWON-JUNGGYE-ACADEMY-SM01,anchor,중계,,,,SRC-V1-FRAMEONE,S,좌표·주소 확인 필요; v1 텍스트에서 분리,text_only
SEOUL-NOWON-JUNGGYE-ACADEMY-SM01-N02,SEOUL-NOWON-JUNGGYE-ACADEMY-SM01,street,한글비석로,,,,SRC-V1-FRAMEONE,S,좌표·주소 확인 필요; v1 텍스트에서 분리,text_only
SEOUL-NOWON-JUNGGYE-ACADEMY-SM01-N03,SEOUL-NOWON-JUNGGYE-ACADEMY-SM01,street,덕릉로,,,,SRC-V1-FRAMEONE,S,좌표·주소 확인 필요; v1 텍스트에서 분리,text_only
SEOUL-NOWON-TAEREUNG-SM01-N01,SEOUL-NOWON-TAEREUNG-SM01,anchor,태릉입구,,,,SRC-V1-FRAMEONE,C,좌표·주소 확인 필요; v1 텍스트에서 분리,text_only
SEOUL-NOWON-TAEREUNG-SM02-N02,SEOUL-NOWON-TAEREUNG-SM02,anchor,먹골,,,,SRC-V1-FRAMEONE,C,좌표·주소 확인 필요; v1 텍스트에서 분리,text_only
SEOUL-NOWON-TAEREUNG-SM01-N03,SEOUL-NOWON-TAEREUNG-SM01,street,동일로,,,,SRC-V1-FRAMEONE,C,좌표·주소 확인 필요; v1 텍스트에서 분리,text_only
SEOUL-NOWON-TAEREUNG-SM01-N04,SEOUL-NOWON-TAEREUNG-SM01,street,화랑로,,,,SRC-V1-FRAMEONE,C,좌표·주소 확인 필요; v1 텍스트에서 분리,text_only
SEOUL-NOWON-TAEREUNG-SM01-N05,SEOUL-NOWON-TAEREUNG-SM01,station,태릉입구역,,,,SRC-V1-FRAMEONE,C,좌표·주소 확인 필요; v1 텍스트에서 분리,text_only
SEOUL-NOWON-TAEREUNG-SM02-N06,SEOUL-NOWON-TAEREUNG-SM02,station,먹골역,,,,SRC-V1-FRAMEONE,C,좌표·주소 확인 필요; v1 텍스트에서 분리,text_only
SEOUL-NOWON-SANGGYE-SM01-N01,SEOUL-NOWON-SANGGYE-SM01,anchor,상계,,,,SRC-V1-FRAMEONE,C,좌표·주소 확인 필요; v1 텍스트에서 분리,text_only
SEOUL-NOWON-SANGGYE-SM01-N02,SEOUL-NOWON-SANGGYE-SM01,street,한글비석로,,,,SRC-V1-FRAMEONE,C,좌표·주소 확인 필요; v1 텍스트에서 분리,text_only
SEOUL-NOWON-SANGGYE-SM01-N03,SEOUL-NOWON-SANGGYE-SM01,street,덕릉로,,,,SRC-V1-FRAMEONE,C,좌표·주소 확인 필요; v1 텍스트에서 분리,text_only
SEOUL-NOWON-SANGGYE-SM01-N04,SEOUL-NOWON-SANGGYE-SM01,station,상계역,,,,SRC-V1-FRAMEONE,C,좌표·주소 확인 필요; v1 텍스트에서 분리,text_only
SEOUL-NOWON-SANGGYE-SM01-N05,SEOUL-NOWON-SANGGYE-SM01,traditional_market,상계중앙시장,,,,SRC-V1-FRAMEONE,C,좌표·주소 확인 필요; v1 텍스트에서 분리,text_only
SEOUL-NOWON-WOLGYE-KWANGWOON-SM01-N01,SEOUL-NOWON-WOLGYE-KWANGWOON-SM01,anchor,광운대,,,,SRC-V1-FRAMEONE,A,좌표·주소 확인 필요; v1 텍스트에서 분리,text_only
SEOUL-NOWON-WOLGYE-KWANGWOON-SM01-N02,SEOUL-NOWON-WOLGYE-KWANGWOON-SM01,anchor,월계,,,,SRC-V1-FRAMEONE,A,좌표·주소 확인 필요; v1 텍스트에서 분리,text_only
SEOUL-NOWON-WOLGYE-KWANGWOON-SM01-N03,SEOUL-NOWON-WOLGYE-KWANGWOON-SM01,street,광운로,,,,SRC-V1-FRAMEONE,A,좌표·주소 확인 필요; v1 텍스트에서 분리,text_only
SEOUL-NOWON-WOLGYE-KWANGWOON-SM01-N04,SEOUL-NOWON-WOLGYE-KWANGWOON-SM01,street,석계로,,,,SRC-V1-FRAMEONE,A,좌표·주소 확인 필요; v1 텍스트에서 분리,text_only
SEOUL-NOWON-WOLGYE-KWANGWOON-SM01-N05,SEOUL-NOWON-WOLGYE-KWANGWOON-SM01,station,광운대역,,,,SRC-V1-FRAMEONE,A,좌표·주소 확인 필요; v1 텍스트에서 분리,text_only
SEOUL-EUNPYEONG-YEONSINNAE-SM01-N01,SEOUL-EUNPYEONG-YEONSINNAE-SM01,anchor,연신내,,,,SRC-V1-FRAMEONE,A,좌표·주소 확인 필요; v1 텍스트에서 분리,text_only
SEOUL-EUNPYEONG-YEONSINNAE-SM01-N02,SEOUL-EUNPYEONG-YEONSINNAE-SM01,street,통일로,,,,SRC-V1-FRAMEONE,A,좌표·주소 확인 필요; v1 텍스트에서 분리,text_only
SEOUL-EUNPYEONG-YEONSINNAE-SM01-N03,SEOUL-EUNPYEONG-YEONSINNAE-SM01,street,연서로,,,,SRC-V1-FRAMEONE,A,좌표·주소 확인 필요; v1 텍스트에서 분리,text_only
SEOUL-EUNPYEONG-YEONSINNAE-SM01-N04,SEOUL-EUNPYEONG-YEONSINNAE-SM01,station,연신내역,,,,SRC-V1-FRAMEONE,A,좌표·주소 확인 필요; v1 텍스트에서 분리,text_only
SEOUL-EUNPYEONG-YEONSINNAE-SM01-N05,SEOUL-EUNPYEONG-YEONSINNAE-SM01,traditional_market,연서시장,,,,SRC-V1-FRAMEONE,A,좌표·주소 확인 필요; v1 텍스트에서 분리,text_only
SEOUL-EUNPYEONG-BULGWANG-SM01-N01,SEOUL-EUNPYEONG-BULGWANG-SM01,anchor,불광,,,,SRC-V1-FRAMEONE,B,좌표·주소 확인 필요; v1 텍스트에서 분리,text_only
SEOUL-EUNPYEONG-BULGWANG-SM01-N02,SEOUL-EUNPYEONG-BULGWANG-SM01,street,통일로,,,,SRC-V1-FRAMEONE,B,좌표·주소 확인 필요; v1 텍스트에서 분리,text_only
SEOUL-EUNPYEONG-BULGWANG-SM01-N03,SEOUL-EUNPYEONG-BULGWANG-SM01,street,불광로,,,,SRC-V1-FRAMEONE,B,좌표·주소 확인 필요; v1 텍스트에서 분리,text_only
SEOUL-EUNPYEONG-BULGWANG-SM01-N04,SEOUL-EUNPYEONG-BULGWANG-SM01,station,불광역,,,,SRC-V1-FRAMEONE,B,좌표·주소 확인 필요; v1 텍스트에서 분리,text_only
SEOUL-EUNPYEONG-BULGWANG-SM01-N05,SEOUL-EUNPYEONG-BULGWANG-SM01,shopping,NC백화점,,,,SRC-V1-FRAMEONE,B,좌표·주소 확인 필요; v1 텍스트에서 분리,text_only
SEOUL-EUNPYEONG-EUNGAM-SAEJEOL-SM02-N01,SEOUL-EUNPYEONG-EUNGAM-SAEJEOL-SM02,anchor,새절,,,,SRC-V1-FRAMEONE,C,좌표·주소 확인 필요; v1 텍스트에서 분리,text_only
SEOUL-EUNPYEONG-EUNGAM-SAEJEOL-SM01-N02,SEOUL-EUNPYEONG-EUNGAM-SAEJEOL-SM01,anchor,응암,,,,SRC-V1-FRAMEONE,C,좌표·주소 확인 필요; v1 텍스트에서 분리,text_only
SEOUL-EUNPYEONG-EUNGAM-SAEJEOL-SM01-N03,SEOUL-EUNPYEONG-EUNGAM-SAEJEOL-SM01,street,증산로,,,,SRC-V1-FRAMEONE,C,좌표·주소 확인 필요; v1 텍스트에서 분리,text_only
SEOUL-EUNPYEONG-EUNGAM-SAEJEOL-SM01-N04,SEOUL-EUNPYEONG-EUNGAM-SAEJEOL-SM01,street,응암로,,,,SRC-V1-FRAMEONE,C,좌표·주소 확인 필요; v1 텍스트에서 분리,text_only
SEOUL-EUNPYEONG-EUNGAM-SAEJEOL-SM02-N05,SEOUL-EUNPYEONG-EUNGAM-SAEJEOL-SM02,station,새절역,,,,SRC-V1-FRAMEONE,C,좌표·주소 확인 필요; v1 텍스트에서 분리,text_only
SEOUL-EUNPYEONG-GUPABAL-NEWTOWN-SM01-N01,SEOUL-EUNPYEONG-GUPABAL-NEWTOWN-SM01,anchor,구파발,,,,SRC-V1-FRAMEONE,S,좌표·주소 확인 필요; v1 텍스트에서 분리,text_only
SEOUL-EUNPYEONG-GUPABAL-NEWTOWN-SM01-N02,SEOUL-EUNPYEONG-GUPABAL-NEWTOWN-SM01,street,통일로,,,,SRC-V1-FRAMEONE,S,좌표·주소 확인 필요; v1 텍스트에서 분리,text_only
SEOUL-EUNPYEONG-GUPABAL-NEWTOWN-SM01-N03,SEOUL-EUNPYEONG-GUPABAL-NEWTOWN-SM01,street,진관로,,,,SRC-V1-FRAMEONE,S,좌표·주소 확인 필요; v1 텍스트에서 분리,text_only
SEOUL-EUNPYEONG-GUPABAL-NEWTOWN-SM01-N04,SEOUL-EUNPYEONG-GUPABAL-NEWTOWN-SM01,station,구파발역,,,,SRC-V1-FRAMEONE,S,좌표·주소 확인 필요; v1 텍스트에서 분리,text_only
SEOUL-EUNPYEONG-GUPABAL-NEWTOWN-SM01-N05,SEOUL-EUNPYEONG-GUPABAL-NEWTOWN-SM01,shopping,롯데몰,,,,SRC-V1-FRAMEONE,S,좌표·주소 확인 필요; v1 텍스트에서 분리,text_only
SEOUL-EUNPYEONG-NOKBEON-SUSAEK-SM01-N01,SEOUL-EUNPYEONG-NOKBEON-SUSAEK-SM01,anchor,녹번,,,,SRC-V1-FRAMEONE,C,좌표·주소 확인 필요; v1 텍스트에서 분리,text_only
SEOUL-EUNPYEONG-NOKBEON-SUSAEK-SM03-N02,SEOUL-EUNPYEONG-NOKBEON-SUSAEK-SM03,anchor,수색,,,,SRC-V1-FRAMEONE,C,좌표·주소 확인 필요; v1 텍스트에서 분리,text_only
SEOUL-EUNPYEONG-NOKBEON-SUSAEK-SM01-N03,SEOUL-EUNPYEONG-NOKBEON-SUSAEK-SM01,street,통일로,,,,SRC-V1-FRAMEONE,C,좌표·주소 확인 필요; v1 텍스트에서 분리,text_only
SEOUL-EUNPYEONG-NOKBEON-SUSAEK-SM03-N04,SEOUL-EUNPYEONG-NOKBEON-SUSAEK-SM03,street,수색로,,,,SRC-V1-FRAMEONE,C,좌표·주소 확인 필요; v1 텍스트에서 분리,text_only
SEOUL-EUNPYEONG-NOKBEON-SUSAEK-SM01-N05,SEOUL-EUNPYEONG-NOKBEON-SUSAEK-SM01,station,녹번역,,,,SRC-V1-FRAMEONE,C,좌표·주소 확인 필요; v1 텍스트에서 분리,text_only
SEOUL-EUNPYEONG-NOKBEON-SUSAEK-SM03-N06,SEOUL-EUNPYEONG-NOKBEON-SUSAEK-SM03,station,수색역,,,,SRC-V1-FRAMEONE,C,좌표·주소 확인 필요; v1 텍스트에서 분리,text_only
SEOUL-SEODAEMUN-SINCHON-SM01-N01,SEOUL-SEODAEMUN-SINCHON-SM01,anchor,신촌,,,,SRC-V1-FRAMEONE,A,좌표·주소 확인 필요; v1 텍스트에서 분리,text_only
SEOUL-SEODAEMUN-SINCHON-SM02-N02,SEOUL-SEODAEMUN-SINCHON-SM02,street,연세로,,,,SRC-V1-FRAMEONE,A,좌표·주소 확인 필요; v1 텍스트에서 분리,text_only
SEOUL-SEODAEMUN-SINCHON-SM01-N03,SEOUL-SEODAEMUN-SINCHON-SM01,street,신촌로,,,,SRC-V1-FRAMEONE,A,좌표·주소 확인 필요; v1 텍스트에서 분리,text_only
SEOUL-SEODAEMUN-SINCHON-SM01-N04,SEOUL-SEODAEMUN-SINCHON-SM01,station,신촌역,,,,SRC-V1-FRAMEONE,A,좌표·주소 확인 필요; v1 텍스트에서 분리,text_only
SEOUL-SEODAEMUN-EWHA-SM01-N01,SEOUL-SEODAEMUN-EWHA-SM01,university,이대,,,,SRC-V1-FRAMEONE,B,좌표·주소 확인 필요; v1 텍스트에서 분리,text_only
SEOUL-SEODAEMUN-EWHA-SM01-N02,SEOUL-SEODAEMUN-EWHA-SM01,street,이화여대길,,,,SRC-V1-FRAMEONE,B,좌표·주소 확인 필요; v1 텍스트에서 분리,text_only
SEOUL-SEODAEMUN-EWHA-SM01-N03,SEOUL-SEODAEMUN-EWHA-SM01,street,신촌로,,,,SRC-V1-FRAMEONE,B,좌표·주소 확인 필요; v1 텍스트에서 분리,text_only
SEOUL-SEODAEMUN-EWHA-SM01-N04,SEOUL-SEODAEMUN-EWHA-SM01,station,이대역,,,,SRC-V1-FRAMEONE,B,좌표·주소 확인 필요; v1 텍스트에서 분리,text_only
SEOUL-SEODAEMUN-EWHA-SM01-N05,SEOUL-SEODAEMUN-EWHA-SM01,university,이화여대 정문,,,,SRC-V1-FRAMEONE,B,좌표·주소 확인 필요; v1 텍스트에서 분리,text_only
SEOUL-SEODAEMUN-EWHA-SM01-N06,SEOUL-SEODAEMUN-EWHA-SM01,park_water_access,대현문화공원,,,,SRC-V1-FRAMEONE,B,좌표·주소 확인 필요; v1 텍스트에서 분리,text_only
SEOUL-SEODAEMUN-YEONHUI-SM01-N01,SEOUL-SEODAEMUN-YEONHUI-SM01,anchor,홍대입구(버스 연계),,,,SRC-V1-FRAMEONE,S,좌표·주소 확인 필요; v1 텍스트에서 분리,text_only
SEOUL-SEODAEMUN-YEONHUI-SM01-N02,SEOUL-SEODAEMUN-YEONHUI-SM01,street,연희로,,,,SRC-V1-FRAMEONE,S,좌표·주소 확인 필요; v1 텍스트에서 분리,text_only
SEOUL-SEODAEMUN-YEONHUI-SM02-N03,SEOUL-SEODAEMUN-YEONHUI-SM02,street,연희맛로,,,,SRC-V1-FRAMEONE,S,좌표·주소 확인 필요; v1 텍스트에서 분리,text_only
SEOUL-SEODAEMUN-HONGJE-SM01-N01,SEOUL-SEODAEMUN-HONGJE-SM01,anchor,홍제,,,,SRC-V1-FRAMEONE,B,좌표·주소 확인 필요; v1 텍스트에서 분리,text_only
SEOUL-SEODAEMUN-HONGJE-SM01-N02,SEOUL-SEODAEMUN-HONGJE-SM01,street,통일로,,,,SRC-V1-FRAMEONE,B,좌표·주소 확인 필요; v1 텍스트에서 분리,text_only
SEOUL-SEODAEMUN-HONGJE-SM01-N03,SEOUL-SEODAEMUN-HONGJE-SM01,street,세검정로,,,,SRC-V1-FRAMEONE,B,좌표·주소 확인 필요; v1 텍스트에서 분리,text_only
SEOUL-SEODAEMUN-HONGJE-SM01-N04,SEOUL-SEODAEMUN-HONGJE-SM01,station,홍제역,,,,SRC-V1-FRAMEONE,B,좌표·주소 확인 필요; v1 텍스트에서 분리,text_only
SEOUL-SEODAEMUN-HONGJE-SM01-N05,SEOUL-SEODAEMUN-HONGJE-SM01,traditional_market,인왕시장,,,,SRC-V1-FRAMEONE,B,좌표·주소 확인 필요; v1 텍스트에서 분리,text_only
SEOUL-SEODAEMUN-GAJWA-NAMGAJWA-SM01-N01,SEOUL-SEODAEMUN-GAJWA-NAMGAJWA-SM01,anchor,가좌,,,,SRC-V1-FRAMEONE,B,좌표·주소 확인 필요; v1 텍스트에서 분리,text_only
SEOUL-SEODAEMUN-GAJWA-NAMGAJWA-SM01-N02,SEOUL-SEODAEMUN-GAJWA-NAMGAJWA-SM01,street,수색로,,,,SRC-V1-FRAMEONE,B,좌표·주소 확인 필요; v1 텍스트에서 분리,text_only
SEOUL-SEODAEMUN-GAJWA-NAMGAJWA-SM01-N03,SEOUL-SEODAEMUN-GAJWA-NAMGAJWA-SM01,street,증가로,,,,SRC-V1-FRAMEONE,B,좌표·주소 확인 필요; v1 텍스트에서 분리,text_only
SEOUL-SEODAEMUN-GAJWA-NAMGAJWA-SM01-N04,SEOUL-SEODAEMUN-GAJWA-NAMGAJWA-SM01,station,가좌역,,,,SRC-V1-FRAMEONE,B,좌표·주소 확인 필요; v1 텍스트에서 분리,text_only
SEOUL-SEODAEMUN-DONGNIMUN-YEONGCHEON-SM01-N01,SEOUL-SEODAEMUN-DONGNIMUN-YEONGCHEON-SM01,anchor,독립문,,,,SRC-V1-FRAMEONE,B,좌표·주소 확인 필요; v1 텍스트에서 분리,text_only
SEOUL-SEODAEMUN-DONGNIMUN-YEONGCHEON-SM01-N02,SEOUL-SEODAEMUN-DONGNIMUN-YEONGCHEON-SM01,street,통일로,,,,SRC-V1-FRAMEONE,B,좌표·주소 확인 필요; v1 텍스트에서 분리,text_only
SEOUL-SEODAEMUN-DONGNIMUN-YEONGCHEON-SM01-N03,SEOUL-SEODAEMUN-DONGNIMUN-YEONGCHEON-SM01,traditional_market,영천시장길,,,,SRC-V1-FRAMEONE,B,좌표·주소 확인 필요; v1 텍스트에서 분리,text_only
SEOUL-SEODAEMUN-DONGNIMUN-YEONGCHEON-SM01-N04,SEOUL-SEODAEMUN-DONGNIMUN-YEONGCHEON-SM01,station,독립문역,,,,SRC-V1-FRAMEONE,B,좌표·주소 확인 필요; v1 텍스트에서 분리,text_only
SEOUL-SEODAEMUN-DONGNIMUN-YEONGCHEON-SM01-N05,SEOUL-SEODAEMUN-DONGNIMUN-YEONGCHEON-SM01,traditional_market,영천시장,,,,SRC-V1-FRAMEONE,B,좌표·주소 확인 필요; v1 텍스트에서 분리,text_only
SEOUL-MAPO-HONGDAE-SM01-N01,SEOUL-MAPO-HONGDAE-SM01,anchor,홍대입구,,,,SRC-V1-FRAMEONE,A,좌표·주소 확인 필요; v1 텍스트에서 분리,text_only
SEOUL-MAPO-HONGDAE-SM01-N02,SEOUL-MAPO-HONGDAE-SM01,street,양화로,,,,SRC-V1-FRAMEONE,A,좌표·주소 확인 필요; v1 텍스트에서 분리,text_only
SEOUL-MAPO-HONGDAE-SM01-N03,SEOUL-MAPO-HONGDAE-SM01,street,홍익로,,,,SRC-V1-FRAMEONE,A,좌표·주소 확인 필요; v1 텍스트에서 분리,text_only
SEOUL-MAPO-HONGDAE-SM01-N04,SEOUL-MAPO-HONGDAE-SM01,street,어울마당로,,,,SRC-V1-FRAMEONE,A,좌표·주소 확인 필요; v1 텍스트에서 분리,text_only
SEOUL-MAPO-HONGDAE-SM01-N05,SEOUL-MAPO-HONGDAE-SM01,station,홍대입구역,,,,SRC-V1-FRAMEONE,A,좌표·주소 확인 필요; v1 텍스트에서 분리,text_only
SEOUL-MAPO-YEONNAM-SM01-N01,SEOUL-MAPO-YEONNAM-SM01,anchor,홍대입구,,,,SRC-V1-FRAMEONE,A,좌표·주소 확인 필요; v1 텍스트에서 분리,text_only
SEOUL-MAPO-YEONNAM-SM01-N02,SEOUL-MAPO-YEONNAM-SM01,street,동교로,,,,SRC-V1-FRAMEONE,A,좌표·주소 확인 필요; v1 텍스트에서 분리,text_only
SEOUL-MAPO-YEONNAM-SM01-N03,SEOUL-MAPO-YEONNAM-SM01,street,성미산로,,,,SRC-V1-FRAMEONE,A,좌표·주소 확인 필요; v1 텍스트에서 분리,text_only
SEOUL-MAPO-YEONNAM-SM01-N04,SEOUL-MAPO-YEONNAM-SM01,traditional_market,동진시장,,,,SRC-V1-FRAMEONE,A,좌표·주소 확인 필요; v1 텍스트에서 분리,text_only
SEOUL-MAPO-HAPJEONG-SM01-N01,SEOUL-MAPO-HAPJEONG-SM01,anchor,합정,,,,SRC-V1-FRAMEONE,A,좌표·주소 확인 필요; v1 텍스트에서 분리,text_only
SEOUL-MAPO-HAPJEONG-SM01-N02,SEOUL-MAPO-HAPJEONG-SM01,street,양화로,,,,SRC-V1-FRAMEONE,A,좌표·주소 확인 필요; v1 텍스트에서 분리,text_only
SEOUL-MAPO-HAPJEONG-SM01-N03,SEOUL-MAPO-HAPJEONG-SM01,street,독막로,,,,SRC-V1-FRAMEONE,A,좌표·주소 확인 필요; v1 텍스트에서 분리,text_only
SEOUL-MAPO-HAPJEONG-SM01-N04,SEOUL-MAPO-HAPJEONG-SM01,station,합정역,,,,SRC-V1-FRAMEONE,A,좌표·주소 확인 필요; v1 텍스트에서 분리,text_only
SEOUL-MAPO-MANGWON-SM01-N01,SEOUL-MAPO-MANGWON-SM01,anchor,망원,,,,SRC-V1-FRAMEONE,A,좌표·주소 확인 필요; v1 텍스트에서 분리,text_only
SEOUL-MAPO-MANGWON-SM01-N02,SEOUL-MAPO-MANGWON-SM01,street,포은로,,,,SRC-V1-FRAMEONE,A,좌표·주소 확인 필요; v1 텍스트에서 분리,text_only
SEOUL-MAPO-MANGWON-SM01-N03,SEOUL-MAPO-MANGWON-SM01,street,망원로,,,,SRC-V1-FRAMEONE,A,좌표·주소 확인 필요; v1 텍스트에서 분리,text_only
SEOUL-MAPO-MANGWON-SM01-N04,SEOUL-MAPO-MANGWON-SM01,traditional_market,망원시장,,,,SRC-V1-FRAMEONE,A,좌표·주소 확인 필요; v1 텍스트에서 분리,text_only
SEOUL-MAPO-SANGSU-SM01-N01,SEOUL-MAPO-SANGSU-SM01,anchor,상수,,,,SRC-V1-FRAMEONE,B,좌표·주소 확인 필요; v1 텍스트에서 분리,text_only
SEOUL-MAPO-SANGSU-SM01-N02,SEOUL-MAPO-SANGSU-SM01,street,독막로,,,,SRC-V1-FRAMEONE,B,좌표·주소 확인 필요; v1 텍스트에서 분리,text_only
SEOUL-MAPO-SANGSU-SM01-N03,SEOUL-MAPO-SANGSU-SM01,street,와우산로,,,,SRC-V1-FRAMEONE,B,좌표·주소 확인 필요; v1 텍스트에서 분리,text_only
SEOUL-MAPO-SANGSU-SM01-N04,SEOUL-MAPO-SANGSU-SM01,station,상수역,,,,SRC-V1-FRAMEONE,B,좌표·주소 확인 필요; v1 텍스트에서 분리,text_only
SEOUL-MAPO-GONGDEOK-MAPO-SM01-N01,SEOUL-MAPO-GONGDEOK-MAPO-SM01,anchor,공덕,,,,SRC-V1-FRAMEONE,A,좌표·주소 확인 필요; v1 텍스트에서 분리,text_only
SEOUL-MAPO-GONGDEOK-MAPO-SM02-N02,SEOUL-MAPO-GONGDEOK-MAPO-SM02,anchor,마포,,,,SRC-V1-FRAMEONE,A,좌표·주소 확인 필요; v1 텍스트에서 분리,text_only
SEOUL-MAPO-GONGDEOK-MAPO-SM02-N03,SEOUL-MAPO-GONGDEOK-MAPO-SM02,street,마포대로,,,,SRC-V1-FRAMEONE,A,좌표·주소 확인 필요; v1 텍스트에서 분리,text_only
SEOUL-MAPO-GONGDEOK-MAPO-SM01-N04,SEOUL-MAPO-GONGDEOK-MAPO-SM01,street,백범로,,,,SRC-V1-FRAMEONE,A,좌표·주소 확인 필요; v1 텍스트에서 분리,text_only
SEOUL-MAPO-GONGDEOK-MAPO-SM01-N05,SEOUL-MAPO-GONGDEOK-MAPO-SM01,station,공덕역,,,,SRC-V1-FRAMEONE,A,좌표·주소 확인 필요; v1 텍스트에서 분리,text_only
SEOUL-MAPO-GONGDEOK-MAPO-SM02-N06,SEOUL-MAPO-GONGDEOK-MAPO-SM02,station,마포역,,,,SRC-V1-FRAMEONE,A,좌표·주소 확인 필요; v1 텍스트에서 분리,text_only
SEOUL-MAPO-DAEHEUNG-SOGANG-SM01-N01,SEOUL-MAPO-DAEHEUNG-SOGANG-SM01,anchor,대흥,,,,SRC-V1-FRAMEONE,A,좌표·주소 확인 필요; v1 텍스트에서 분리,text_only
SEOUL-MAPO-DAEHEUNG-SOGANG-SM03-N02,SEOUL-MAPO-DAEHEUNG-SOGANG-SM03,anchor,광흥창,,,,SRC-V1-FRAMEONE,A,좌표·주소 확인 필요; v1 텍스트에서 분리,text_only
SEOUL-MAPO-DAEHEUNG-SOGANG-SM01-N03,SEOUL-MAPO-DAEHEUNG-SOGANG-SM01,street,백범로,,,,SRC-V1-FRAMEONE,A,좌표·주소 확인 필요; v1 텍스트에서 분리,text_only
SEOUL-MAPO-DAEHEUNG-SOGANG-SM01-N04,SEOUL-MAPO-DAEHEUNG-SOGANG-SM01,street,서강로,,,,SRC-V1-FRAMEONE,A,좌표·주소 확인 필요; v1 텍스트에서 분리,text_only
SEOUL-MAPO-DAEHEUNG-SOGANG-SM01-N05,SEOUL-MAPO-DAEHEUNG-SOGANG-SM01,station,대흥역,,,,SRC-V1-FRAMEONE,A,좌표·주소 확인 필요; v1 텍스트에서 분리,text_only
SEOUL-MAPO-DAEHEUNG-SOGANG-SM03-N06,SEOUL-MAPO-DAEHEUNG-SOGANG-SM03,station,광흥창역,,,,SRC-V1-FRAMEONE,A,좌표·주소 확인 필요; v1 텍스트에서 분리,text_only
SEOUL-MAPO-SANGAM-DMC-SM01-N01,SEOUL-MAPO-SANGAM-DMC-SM01,anchor,디지털미디어시티,,,,SRC-V1-FRAMEONE,S,좌표·주소 확인 필요; v1 텍스트에서 분리,text_only
SEOUL-MAPO-SANGAM-DMC-SM02-N02,SEOUL-MAPO-SANGAM-DMC-SM02,tourism_culture,월드컵경기장,,,,SRC-V1-FRAMEONE,S,좌표·주소 확인 필요; v1 텍스트에서 분리,text_only
SEOUL-MAPO-SANGAM-DMC-SM01-N03,SEOUL-MAPO-SANGAM-DMC-SM01,street,월드컵북로,,,,SRC-V1-FRAMEONE,S,좌표·주소 확인 필요; v1 텍스트에서 분리,text_only
SEOUL-MAPO-SANGAM-DMC-SM01-N04,SEOUL-MAPO-SANGAM-DMC-SM01,street,성암로,,,,SRC-V1-FRAMEONE,S,좌표·주소 확인 필요; v1 텍스트에서 분리,text_only
SEOUL-MAPO-SANGAM-DMC-SM01-N05,SEOUL-MAPO-SANGAM-DMC-SM01,park_water_access,하늘공원,,,,SRC-V1-FRAMEONE,S,좌표·주소 확인 필요; v1 텍스트에서 분리,text_only
SEOUL-YANGCHEON-MOKDONG-OGEORI-SM03-N01,SEOUL-YANGCHEON-MOKDONG-OGEORI-SM03,anchor,목동,,,,SRC-V1-FRAMEONE,B,좌표·주소 확인 필요; v1 텍스트에서 분리,text_only
SEOUL-YANGCHEON-MOKDONG-OGEORI-SM03-N02,SEOUL-YANGCHEON-MOKDONG-OGEORI-SM03,street,목동로,,,,SRC-V1-FRAMEONE,B,좌표·주소 확인 필요; v1 텍스트에서 분리,text_only
SEOUL-YANGCHEON-MOKDONG-OGEORI-SM01-N03,SEOUL-YANGCHEON-MOKDONG-OGEORI-SM01,street,신정중앙로,,,,SRC-V1-FRAMEONE,B,좌표·주소 확인 필요; v1 텍스트에서 분리,text_only
SEOUL-YANGCHEON-MOKDONG-OGEORI-SM03-N04,SEOUL-YANGCHEON-MOKDONG-OGEORI-SM03,station,목동역,,,,SRC-V1-FRAMEONE,B,좌표·주소 확인 필요; v1 텍스트에서 분리,text_only
SEOUL-YANGCHEON-OMOKGYO-SM01-N01,SEOUL-YANGCHEON-OMOKGYO-SM01,anchor,오목교,,,,SRC-V1-FRAMEONE,A,좌표·주소 확인 필요; v1 텍스트에서 분리,text_only
SEOUL-YANGCHEON-OMOKGYO-SM01-N02,SEOUL-YANGCHEON-OMOKGYO-SM01,street,목동동로,,,,SRC-V1-FRAMEONE,A,좌표·주소 확인 필요; v1 텍스트에서 분리,text_only
SEOUL-YANGCHEON-OMOKGYO-SM01-N03,SEOUL-YANGCHEON-OMOKGYO-SM01,street,오목로,,,,SRC-V1-FRAMEONE,A,좌표·주소 확인 필요; v1 텍스트에서 분리,text_only
SEOUL-YANGCHEON-OMOKGYO-SM01-N04,SEOUL-YANGCHEON-OMOKGYO-SM01,station,오목교역,,,,SRC-V1-FRAMEONE,A,좌표·주소 확인 필요; v1 텍스트에서 분리,text_only
SEOUL-YANGCHEON-OMOKGYO-SM01-N05,SEOUL-YANGCHEON-OMOKGYO-SM01,shopping,현대백화점,,,,SRC-V1-FRAMEONE,A,좌표·주소 확인 필요; v1 텍스트에서 분리,text_only
SEOUL-YANGCHEON-MOKDONG-ACADEMY-SM01-N01,SEOUL-YANGCHEON-MOKDONG-ACADEMY-SM01,anchor,오목교(버스 연계),,,,SRC-V1-FRAMEONE,S,좌표·주소 확인 필요; v1 텍스트에서 분리,text_only
SEOUL-YANGCHEON-MOKDONG-ACADEMY-SM01-N02,SEOUL-YANGCHEON-MOKDONG-ACADEMY-SM01,street,목동서로,,,,SRC-V1-FRAMEONE,S,좌표·주소 확인 필요; v1 텍스트에서 분리,text_only
SEOUL-YANGCHEON-MOKDONG-ACADEMY-SM01-N03,SEOUL-YANGCHEON-MOKDONG-ACADEMY-SM01,street,목동동로,,,,SRC-V1-FRAMEONE,S,좌표·주소 확인 필요; v1 텍스트에서 분리,text_only
SEOUL-YANGCHEON-MOKDONG-ACADEMY-SM01-N04,SEOUL-YANGCHEON-MOKDONG-ACADEMY-SM01,park_water_access,파리공원,,,,SRC-V1-FRAMEONE,S,좌표·주소 확인 필요; v1 텍스트에서 분리,text_only
SEOUL-YANGCHEON-SINJEONGNEGEORI-SM01-N01,SEOUL-YANGCHEON-SINJEONGNEGEORI-SM01,street,신정네거리,,,,SRC-V1-FRAMEONE,C,좌표·주소 확인 필요; v1 텍스트에서 분리,text_only
SEOUL-YANGCHEON-SINJEONGNEGEORI-SM01-N02,SEOUL-YANGCHEON-SINJEONGNEGEORI-SM01,street,중앙로,,,,SRC-V1-FRAMEONE,C,좌표·주소 확인 필요; v1 텍스트에서 분리,text_only
SEOUL-YANGCHEON-SINJEONGNEGEORI-SM01-N03,SEOUL-YANGCHEON-SINJEONGNEGEORI-SM01,street,신월로,,,,SRC-V1-FRAMEONE,C,좌표·주소 확인 필요; v1 텍스트에서 분리,text_only
SEOUL-YANGCHEON-SINJEONGNEGEORI-SM01-N04,SEOUL-YANGCHEON-SINJEONGNEGEORI-SM01,station,신정네거리역,,,,SRC-V1-FRAMEONE,C,좌표·주소 확인 필요; v1 텍스트에서 분리,text_only
SEOUL-YANGCHEON-SINJEONGNEGEORI-SM01-N05,SEOUL-YANGCHEON-SINJEONGNEGEORI-SM01,traditional_market,신정시장,,,,SRC-V1-FRAMEONE,C,좌표·주소 확인 필요; v1 텍스트에서 분리,text_only
SEOUL-YANGCHEON-SINWOL-SM01-N01,SEOUL-YANGCHEON-SINWOL-SM01,anchor,까치산(버스 연계),,,,SRC-V1-FRAMEONE,B,좌표·주소 확인 필요; v1 텍스트에서 분리,text_only
SEOUL-YANGCHEON-SINWOL-SM01-N02,SEOUL-YANGCHEON-SINWOL-SM01,street,남부순환로,,,,SRC-V1-FRAMEONE,B,좌표·주소 확인 필요; v1 텍스트에서 분리,text_only
SEOUL-YANGCHEON-SINWOL-SM01-N03,SEOUL-YANGCHEON-SINWOL-SM01,street,신월로,,,,SRC-V1-FRAMEONE,B,좌표·주소 확인 필요; v1 텍스트에서 분리,text_only
SEOUL-YANGCHEON-SINWOL-SM01-N04,SEOUL-YANGCHEON-SINWOL-SM01,traditional_market,신영시장,,,,SRC-V1-FRAMEONE,B,좌표·주소 확인 필요; v1 텍스트에서 분리,text_only
SEOUL-GANGSEO-MAGOK-SM01-N01,SEOUL-GANGSEO-MAGOK-SM01,anchor,마곡나루,,,,SRC-V1-FRAMEONE,S,좌표·주소 확인 필요; v1 텍스트에서 분리,text_only
SEOUL-GANGSEO-MAGOK-SM01-N02,SEOUL-GANGSEO-MAGOK-SM01,anchor,마곡,,,,SRC-V1-FRAMEONE,S,좌표·주소 확인 필요; v1 텍스트에서 분리,text_only
SEOUL-GANGSEO-MAGOK-SM01-N03,SEOUL-GANGSEO-MAGOK-SM01,street,마곡중앙로,,,,SRC-V1-FRAMEONE,S,좌표·주소 확인 필요; v1 텍스트에서 분리,text_only
SEOUL-GANGSEO-MAGOK-SM01-N04,SEOUL-GANGSEO-MAGOK-SM01,street,공항대로,,,,SRC-V1-FRAMEONE,S,좌표·주소 확인 필요; v1 텍스트에서 분리,text_only
SEOUL-GANGSEO-MAGOK-SM01-N05,SEOUL-GANGSEO-MAGOK-SM01,station,마곡나루역,,,,SRC-V1-FRAMEONE,S,좌표·주소 확인 필요; v1 텍스트에서 분리,text_only
SEOUL-GANGSEO-MAGOK-SM01-N06,SEOUL-GANGSEO-MAGOK-SM01,office,LG사이언스파크,,,,SRC-V1-FRAMEONE,S,좌표·주소 확인 필요; v1 텍스트에서 분리,text_only
SEOUL-GANGSEO-BALSAN-SM01-N01,SEOUL-GANGSEO-BALSAN-SM01,anchor,발산,,,,SRC-V1-FRAMEONE,B,좌표·주소 확인 필요; v1 텍스트에서 분리,text_only
SEOUL-GANGSEO-BALSAN-SM01-N02,SEOUL-GANGSEO-BALSAN-SM01,street,공항대로,,,,SRC-V1-FRAMEONE,B,좌표·주소 확인 필요; v1 텍스트에서 분리,text_only
SEOUL-GANGSEO-BALSAN-SM01-N03,SEOUL-GANGSEO-BALSAN-SM01,street,강서로,,,,SRC-V1-FRAMEONE,B,좌표·주소 확인 필요; v1 텍스트에서 분리,text_only
SEOUL-GANGSEO-BALSAN-SM01-N04,SEOUL-GANGSEO-BALSAN-SM01,station,발산역,,,,SRC-V1-FRAMEONE,B,좌표·주소 확인 필요; v1 텍스트에서 분리,text_only
SEOUL-GANGSEO-BALSAN-SM01-N05,SEOUL-GANGSEO-BALSAN-SM01,shopping,NC백화점,,,,SRC-V1-FRAMEONE,B,좌표·주소 확인 필요; v1 텍스트에서 분리,text_only
SEOUL-GANGSEO-GIMPOAIRPORT-SM01-N01,SEOUL-GANGSEO-GIMPOAIRPORT-SM01,anchor,김포공항,,,,SRC-V1-FRAMEONE,C,좌표·주소 확인 필요; v1 텍스트에서 분리,text_only
SEOUL-GANGSEO-GIMPOAIRPORT-SM01-N02,SEOUL-GANGSEO-GIMPOAIRPORT-SM01,anchor,송정,,,,SRC-V1-FRAMEONE,C,좌표·주소 확인 필요; v1 텍스트에서 분리,text_only
SEOUL-GANGSEO-GIMPOAIRPORT-SM01-N03,SEOUL-GANGSEO-GIMPOAIRPORT-SM01,street,하늘길,,,,SRC-V1-FRAMEONE,C,좌표·주소 확인 필요; v1 텍스트에서 분리,text_only
SEOUL-GANGSEO-GIMPOAIRPORT-SM01-N04,SEOUL-GANGSEO-GIMPOAIRPORT-SM01,street,공항대로,,,,SRC-V1-FRAMEONE,C,좌표·주소 확인 필요; v1 텍스트에서 분리,text_only
SEOUL-GANGSEO-GIMPOAIRPORT-SM01-N05,SEOUL-GANGSEO-GIMPOAIRPORT-SM01,shopping,롯데몰,,,,SRC-V1-FRAMEONE,C,좌표·주소 확인 필요; v1 텍스트에서 분리,text_only
SEOUL-GANGSEO-GIMPOAIRPORT-SM01-N06,SEOUL-GANGSEO-GIMPOAIRPORT-SM01,traditional_market,공항시장,,,,SRC-V1-FRAMEONE,C,좌표·주소 확인 필요; v1 텍스트에서 분리,text_only
SEOUL-GANGSEO-HWAGOK-SM01-N01,SEOUL-GANGSEO-HWAGOK-SM01,anchor,화곡,,,,SRC-V1-FRAMEONE,B,좌표·주소 확인 필요; v1 텍스트에서 분리,text_only
SEOUL-GANGSEO-HWAGOK-SM01-N02,SEOUL-GANGSEO-HWAGOK-SM01,street,화곡로,,,,SRC-V1-FRAMEONE,B,좌표·주소 확인 필요; v1 텍스트에서 분리,text_only
SEOUL-GANGSEO-HWAGOK-SM01-N03,SEOUL-GANGSEO-HWAGOK-SM01,street,강서로,,,,SRC-V1-FRAMEONE,B,좌표·주소 확인 필요; v1 텍스트에서 분리,text_only
SEOUL-GANGSEO-HWAGOK-SM01-N04,SEOUL-GANGSEO-HWAGOK-SM01,station,화곡역,,,,SRC-V1-FRAMEONE,B,좌표·주소 확인 필요; v1 텍스트에서 분리,text_only
SEOUL-GANGSEO-HWAGOK-SM01-N05,SEOUL-GANGSEO-HWAGOK-SM01,traditional_market,화곡본동시장,,,,SRC-V1-FRAMEONE,B,좌표·주소 확인 필요; v1 텍스트에서 분리,text_only
SEOUL-GANGSEO-KKACHISAN-SM01-N01,SEOUL-GANGSEO-KKACHISAN-SM01,anchor,까치산,,,,SRC-V1-FRAMEONE,B,좌표·주소 확인 필요; v1 텍스트에서 분리,text_only
SEOUL-GANGSEO-KKACHISAN-SM01-N02,SEOUL-GANGSEO-KKACHISAN-SM01,street,강서로,,,,SRC-V1-FRAMEONE,B,좌표·주소 확인 필요; v1 텍스트에서 분리,text_only
SEOUL-GANGSEO-KKACHISAN-SM01-N03,SEOUL-GANGSEO-KKACHISAN-SM01,street,곰달래로,,,,SRC-V1-FRAMEONE,B,좌표·주소 확인 필요; v1 텍스트에서 분리,text_only
SEOUL-GANGSEO-KKACHISAN-SM01-N04,SEOUL-GANGSEO-KKACHISAN-SM01,station,까치산역,,,,SRC-V1-FRAMEONE,B,좌표·주소 확인 필요; v1 텍스트에서 분리,text_only
SEOUL-GANGSEO-DEUNGCHON-YEOMCHANG-SM01-N01,SEOUL-GANGSEO-DEUNGCHON-YEOMCHANG-SM01,anchor,등촌,,,,SRC-V1-FRAMEONE,B,좌표·주소 확인 필요; v1 텍스트에서 분리,text_only
SEOUL-GANGSEO-DEUNGCHON-YEOMCHANG-SM02-N02,SEOUL-GANGSEO-DEUNGCHON-YEOMCHANG-SM02,anchor,염창,,,,SRC-V1-FRAMEONE,B,좌표·주소 확인 필요; v1 텍스트에서 분리,text_only
SEOUL-GANGSEO-DEUNGCHON-YEOMCHANG-SM01-N03,SEOUL-GANGSEO-DEUNGCHON-YEOMCHANG-SM01,anchor,증미,,,,SRC-V1-FRAMEONE,B,좌표·주소 확인 필요; v1 텍스트에서 분리,text_only
SEOUL-GANGSEO-DEUNGCHON-YEOMCHANG-SM01-N04,SEOUL-GANGSEO-DEUNGCHON-YEOMCHANG-SM01,street,공항대로,,,,SRC-V1-FRAMEONE,B,좌표·주소 확인 필요; v1 텍스트에서 분리,text_only
SEOUL-GANGSEO-DEUNGCHON-YEOMCHANG-SM01-N05,SEOUL-GANGSEO-DEUNGCHON-YEOMCHANG-SM01,street,양천로,,,,SRC-V1-FRAMEONE,B,좌표·주소 확인 필요; v1 텍스트에서 분리,text_only
SEOUL-GANGSEO-DEUNGCHON-YEOMCHANG-SM01-N06,SEOUL-GANGSEO-DEUNGCHON-YEOMCHANG-SM01,station,등촌역,,,,SRC-V1-FRAMEONE,B,좌표·주소 확인 필요; v1 텍스트에서 분리,text_only
SEOUL-GANGSEO-DEUNGCHON-YEOMCHANG-SM02-N07,SEOUL-GANGSEO-DEUNGCHON-YEOMCHANG-SM02,station,염창역,,,,SRC-V1-FRAMEONE,B,좌표·주소 확인 필요; v1 텍스트에서 분리,text_only
SEOUL-GANGSEO-BANGHWA-SM01-N01,SEOUL-GANGSEO-BANGHWA-SM01,anchor,방화,,,,SRC-V1-FRAMEONE,C,좌표·주소 확인 필요; v1 텍스트에서 분리,text_only
SEOUL-GANGSEO-BANGHWA-SM02-N02,SEOUL-GANGSEO-BANGHWA-SM02,anchor,개화산,,,,SRC-V1-FRAMEONE,C,좌표·주소 확인 필요; v1 텍스트에서 분리,text_only
SEOUL-GANGSEO-BANGHWA-SM01-N03,SEOUL-GANGSEO-BANGHWA-SM01,street,금낭화로,,,,SRC-V1-FRAMEONE,C,좌표·주소 확인 필요; v1 텍스트에서 분리,text_only
SEOUL-GANGSEO-BANGHWA-SM01-N04,SEOUL-GANGSEO-BANGHWA-SM01,street,방화대로,,,,SRC-V1-FRAMEONE,C,좌표·주소 확인 필요; v1 텍스트에서 분리,text_only
SEOUL-GANGSEO-BANGHWA-SM01-N05,SEOUL-GANGSEO-BANGHWA-SM01,station,방화역,,,,SRC-V1-FRAMEONE,C,좌표·주소 확인 필요; v1 텍스트에서 분리,text_only
SEOUL-GANGSEO-BANGHWA-SM02-N06,SEOUL-GANGSEO-BANGHWA-SM02,station,개화산역,,,,SRC-V1-FRAMEONE,C,좌표·주소 확인 필요; v1 텍스트에서 분리,text_only
SEOUL-GANGSEO-BANGHWA-SM01-N07,SEOUL-GANGSEO-BANGHWA-SM01,traditional_market,방신시장,,,,SRC-V1-FRAMEONE,C,좌표·주소 확인 필요; v1 텍스트에서 분리,text_only
SEOUL-GURO-GURODIGITAL-SM01-N01,SEOUL-GURO-GURODIGITAL-SM01,street,구로디지털단지,,,,SRC-V1-FRAMEONE,S,좌표·주소 확인 필요; v1 텍스트에서 분리,text_only
SEOUL-GURO-GURODIGITAL-SM01-N02,SEOUL-GURO-GURODIGITAL-SM01,street,디지털로,,,,SRC-V1-FRAMEONE,S,좌표·주소 확인 필요; v1 텍스트에서 분리,text_only
SEOUL-GURO-GURODIGITAL-SM01-N03,SEOUL-GURO-GURODIGITAL-SM01,street,도림천로,,,,SRC-V1-FRAMEONE,S,좌표·주소 확인 필요; v1 텍스트에서 분리,text_only
SEOUL-GURO-GURODIGITAL-SM01-N04,SEOUL-GURO-GURODIGITAL-SM01,station,구로디지털단지역,,,,SRC-V1-FRAMEONE,S,좌표·주소 확인 필요; v1 텍스트에서 분리,text_only
SEOUL-GURO-SINDORIM-SM01-N01,SEOUL-GURO-SINDORIM-SM01,anchor,신도림,,,,SRC-V1-FRAMEONE,A,좌표·주소 확인 필요; v1 텍스트에서 분리,text_only
SEOUL-GURO-SINDORIM-SM01-N02,SEOUL-GURO-SINDORIM-SM01,street,경인로,,,,SRC-V1-FRAMEONE,A,좌표·주소 확인 필요; v1 텍스트에서 분리,text_only
SEOUL-GURO-SINDORIM-SM01-N03,SEOUL-GURO-SINDORIM-SM01,street,새말로,,,,SRC-V1-FRAMEONE,A,좌표·주소 확인 필요; v1 텍스트에서 분리,text_only
SEOUL-GURO-SINDORIM-SM01-N04,SEOUL-GURO-SINDORIM-SM01,station,신도림역,,,,SRC-V1-FRAMEONE,A,좌표·주소 확인 필요; v1 텍스트에서 분리,text_only
SEOUL-GURO-SINDORIM-SM01-N05,SEOUL-GURO-SINDORIM-SM01,shopping,테크노마트,,,,SRC-V1-FRAMEONE,A,좌표·주소 확인 필요; v1 텍스트에서 분리,text_only
SEOUL-GURO-GUROSTN-SM01-N01,SEOUL-GURO-GUROSTN-SM01,street,구로,,,,SRC-V1-FRAMEONE,B,좌표·주소 확인 필요; v1 텍스트에서 분리,text_only
SEOUL-GURO-GUROSTN-SM01-N02,SEOUL-GURO-GUROSTN-SM01,street,경인로,,,,SRC-V1-FRAMEONE,B,좌표·주소 확인 필요; v1 텍스트에서 분리,text_only
SEOUL-GURO-GUROSTN-SM01-N03,SEOUL-GURO-GUROSTN-SM01,street,구로중앙로,,,,SRC-V1-FRAMEONE,B,좌표·주소 확인 필요; v1 텍스트에서 분리,text_only
SEOUL-GURO-GUROSTN-SM01-N04,SEOUL-GURO-GUROSTN-SM01,station,구로역,,,,SRC-V1-FRAMEONE,B,좌표·주소 확인 필요; v1 텍스트에서 분리,text_only
SEOUL-GURO-GUROSTN-SM01-N05,SEOUL-GURO-GUROSTN-SM01,traditional_market,구로시장,,,,SRC-V1-FRAMEONE,B,좌표·주소 확인 필요; v1 텍스트에서 분리,text_only
SEOUL-GURO-GOCHEOK-GAEBONG-SM01-N01,SEOUL-GURO-GOCHEOK-GAEBONG-SM01,anchor,개봉,,,,SRC-V1-FRAMEONE,B,좌표·주소 확인 필요; v1 텍스트에서 분리,text_only
SEOUL-GURO-GOCHEOK-GAEBONG-SM01-N02,SEOUL-GURO-GOCHEOK-GAEBONG-SM01,street,경인로,,,,SRC-V1-FRAMEONE,B,좌표·주소 확인 필요; v1 텍스트에서 분리,text_only
SEOUL-GURO-GOCHEOK-GAEBONG-SM01-N03,SEOUL-GURO-GOCHEOK-GAEBONG-SM01,street,고척로,,,,SRC-V1-FRAMEONE,B,좌표·주소 확인 필요; v1 텍스트에서 분리,text_only
SEOUL-GURO-GOCHEOK-GAEBONG-SM01-N04,SEOUL-GURO-GOCHEOK-GAEBONG-SM01,tourism_culture,고척스카이돔,,,,SRC-V1-FRAMEONE,B,좌표·주소 확인 필요; v1 텍스트에서 분리,text_only
SEOUL-GURO-GOCHEOK-GAEBONG-SM01-N05,SEOUL-GURO-GOCHEOK-GAEBONG-SM01,station,개봉역,,,,SRC-V1-FRAMEONE,B,좌표·주소 확인 필요; v1 텍스트에서 분리,text_only
SEOUL-GURO-GOCHEOK-GAEBONG-SM01-N06,SEOUL-GURO-GOCHEOK-GAEBONG-SM01,traditional_market,고척시장,,,,SRC-V1-FRAMEONE,B,좌표·주소 확인 필요; v1 텍스트에서 분리,text_only
SEOUL-GURO-ORYU-ONSU-SM01-N01,SEOUL-GURO-ORYU-ONSU-SM01,anchor,오류동,,,,SRC-V1-FRAMEONE,B,좌표·주소 확인 필요; v1 텍스트에서 분리,text_only
SEOUL-GURO-ORYU-ONSU-SM02-N02,SEOUL-GURO-ORYU-ONSU-SM02,anchor,온수,,,,SRC-V1-FRAMEONE,B,좌표·주소 확인 필요; v1 텍스트에서 분리,text_only
SEOUL-GURO-ORYU-ONSU-SM01-N03,SEOUL-GURO-ORYU-ONSU-SM01,street,경인로,,,,SRC-V1-FRAMEONE,B,좌표·주소 확인 필요; v1 텍스트에서 분리,text_only
SEOUL-GURO-ORYU-ONSU-SM01-N04,SEOUL-GURO-ORYU-ONSU-SM01,street,부일로,,,,SRC-V1-FRAMEONE,B,좌표·주소 확인 필요; v1 텍스트에서 분리,text_only
SEOUL-GURO-ORYU-ONSU-SM01-N05,SEOUL-GURO-ORYU-ONSU-SM01,station,오류동역,,,,SRC-V1-FRAMEONE,B,좌표·주소 확인 필요; v1 텍스트에서 분리,text_only
SEOUL-GURO-ORYU-ONSU-SM02-N06,SEOUL-GURO-ORYU-ONSU-SM02,station,온수역,,,,SRC-V1-FRAMEONE,B,좌표·주소 확인 필요; v1 텍스트에서 분리,text_only
SEOUL-GURO-ORYU-ONSU-SM01-N07,SEOUL-GURO-ORYU-ONSU-SM01,traditional_market,오류시장,,,,SRC-V1-FRAMEONE,B,좌표·주소 확인 필요; v1 텍스트에서 분리,text_only
SEOUL-GURO-CHEONWANG-SM01-N01,SEOUL-GURO-CHEONWANG-SM01,anchor,천왕,,,,SRC-V1-FRAMEONE,B,좌표·주소 확인 필요; v1 텍스트에서 분리,text_only
SEOUL-GURO-CHEONWANG-SM01-N02,SEOUL-GURO-CHEONWANG-SM01,street,오리로,,,,SRC-V1-FRAMEONE,B,좌표·주소 확인 필요; v1 텍스트에서 분리,text_only
SEOUL-GURO-CHEONWANG-SM01-N03,SEOUL-GURO-CHEONWANG-SM01,street,천왕로,,,,SRC-V1-FRAMEONE,B,좌표·주소 확인 필요; v1 텍스트에서 분리,text_only
SEOUL-GURO-CHEONWANG-SM01-N04,SEOUL-GURO-CHEONWANG-SM01,station,천왕역,,,,SRC-V1-FRAMEONE,B,좌표·주소 확인 필요; v1 텍스트에서 분리,text_only
SEOUL-GEUMCHEON-GASANDIGITAL-SM01-N01,SEOUL-GEUMCHEON-GASANDIGITAL-SM01,anchor,가산디지털단지,,,,SRC-V1-FRAMEONE,A,좌표·주소 확인 필요; v1 텍스트에서 분리,text_only
SEOUL-GEUMCHEON-GASANDIGITAL-SM01-N02,SEOUL-GEUMCHEON-GASANDIGITAL-SM01,street,디지털로,,,,SRC-V1-FRAMEONE,A,좌표·주소 확인 필요; v1 텍스트에서 분리,text_only
SEOUL-GEUMCHEON-GASANDIGITAL-SM01-N03,SEOUL-GEUMCHEON-GASANDIGITAL-SM01,street,벚꽃로,,,,SRC-V1-FRAMEONE,A,좌표·주소 확인 필요; v1 텍스트에서 분리,text_only
SEOUL-GEUMCHEON-GASANDIGITAL-SM01-N04,SEOUL-GEUMCHEON-GASANDIGITAL-SM01,station,가산디지털단지역,,,,SRC-V1-FRAMEONE,A,좌표·주소 확인 필요; v1 텍스트에서 분리,text_only
SEOUL-GEUMCHEON-DOKSAN-SM01-N01,SEOUL-GEUMCHEON-DOKSAN-SM01,anchor,독산,,,,SRC-V1-FRAMEONE,C,좌표·주소 확인 필요; v1 텍스트에서 분리,text_only
SEOUL-GEUMCHEON-DOKSAN-SM01-N02,SEOUL-GEUMCHEON-DOKSAN-SM01,street,시흥대로,,,,SRC-V1-FRAMEONE,C,좌표·주소 확인 필요; v1 텍스트에서 분리,text_only
SEOUL-GEUMCHEON-DOKSAN-SM01-N03,SEOUL-GEUMCHEON-DOKSAN-SM01,street,범안로,,,,SRC-V1-FRAMEONE,C,좌표·주소 확인 필요; v1 텍스트에서 분리,text_only
SEOUL-GEUMCHEON-DOKSAN-SM01-N04,SEOUL-GEUMCHEON-DOKSAN-SM01,station,독산역,,,,SRC-V1-FRAMEONE,C,좌표·주소 확인 필요; v1 텍스트에서 분리,text_only
SEOUL-GEUMCHEON-DOKSAN-SM01-N05,SEOUL-GEUMCHEON-DOKSAN-SM01,traditional_market,독산동 우시장,,,,SRC-V1-FRAMEONE,C,좌표·주소 확인 필요; v1 텍스트에서 분리,text_only
SEOUL-GEUMCHEON-SIHEUNG-SAGEORI-SM01-N01,SEOUL-GEUMCHEON-SIHEUNG-SAGEORI-SM01,anchor,금천구청(버스 연계),,,,SRC-V1-FRAMEONE,S,좌표·주소 확인 필요; v1 텍스트에서 분리,text_only
SEOUL-GEUMCHEON-SIHEUNG-SAGEORI-SM01-N02,SEOUL-GEUMCHEON-SIHEUNG-SAGEORI-SM01,street,시흥대로,,,,SRC-V1-FRAMEONE,S,좌표·주소 확인 필요; v1 텍스트에서 분리,text_only
SEOUL-GEUMCHEON-SIHEUNG-SAGEORI-SM01-N03,SEOUL-GEUMCHEON-SIHEUNG-SAGEORI-SM01,street,금하로,,,,SRC-V1-FRAMEONE,S,좌표·주소 확인 필요; v1 텍스트에서 분리,text_only
SEOUL-GEUMCHEON-SIHEUNG-SAGEORI-SM01-N04,SEOUL-GEUMCHEON-SIHEUNG-SAGEORI-SM01,traditional_market,은행나무시장,,,,SRC-V1-FRAMEONE,S,좌표·주소 확인 필요; v1 텍스트에서 분리,text_only
SEOUL-GEUMCHEON-GEUMCHEONGU-OFFICE-SM01-N01,SEOUL-GEUMCHEON-GEUMCHEONGU-OFFICE-SM01,anchor,금천구청,,,,SRC-V1-FRAMEONE,C,좌표·주소 확인 필요; v1 텍스트에서 분리,text_only
SEOUL-GEUMCHEON-GEUMCHEONGU-OFFICE-SM01-N02,SEOUL-GEUMCHEON-GEUMCHEONGU-OFFICE-SM01,street,시흥대로,,,,SRC-V1-FRAMEONE,C,좌표·주소 확인 필요; v1 텍스트에서 분리,text_only
SEOUL-GEUMCHEON-GEUMCHEONGU-OFFICE-SM01-N03,SEOUL-GEUMCHEON-GEUMCHEONGU-OFFICE-SM01,street,벚꽃로,,,,SRC-V1-FRAMEONE,C,좌표·주소 확인 필요; v1 텍스트에서 분리,text_only
SEOUL-GEUMCHEON-GEUMCHEONGU-OFFICE-SM01-N04,SEOUL-GEUMCHEON-GEUMCHEONGU-OFFICE-SM01,station,금천구청역,,,,SRC-V1-FRAMEONE,C,좌표·주소 확인 필요; v1 텍스트에서 분리,text_only
SEOUL-YEONGDEUNGPO-YEOUIDO-SM01-N01,SEOUL-YEONGDEUNGPO-YEOUIDO-SM01,anchor,여의도,,,,SRC-V1-FRAMEONE,A,좌표·주소 확인 필요; v1 텍스트에서 분리,text_only
SEOUL-YEONGDEUNGPO-YEOUIDO-SM01-N02,SEOUL-YEONGDEUNGPO-YEOUIDO-SM01,anchor,여의나루,,,,SRC-V1-FRAMEONE,A,좌표·주소 확인 필요; v1 텍스트에서 분리,text_only
SEOUL-YEONGDEUNGPO-YEOUIDO-SM01-N03,SEOUL-YEONGDEUNGPO-YEOUIDO-SM01,street,국제금융로,,,,SRC-V1-FRAMEONE,A,좌표·주소 확인 필요; v1 텍스트에서 분리,text_only
SEOUL-YEONGDEUNGPO-YEOUIDO-SM01-N04,SEOUL-YEONGDEUNGPO-YEOUIDO-SM01,street,여의대로,,,,SRC-V1-FRAMEONE,A,좌표·주소 확인 필요; v1 텍스트에서 분리,text_only
SEOUL-YEONGDEUNGPO-YEOUIDO-SM01-N05,SEOUL-YEONGDEUNGPO-YEOUIDO-SM01,station,여의도역,,,,SRC-V1-FRAMEONE,A,좌표·주소 확인 필요; v1 텍스트에서 분리,text_only
SEOUL-YEONGDEUNGPO-YEOUIDO-SM01-N06,SEOUL-YEONGDEUNGPO-YEOUIDO-SM01,shopping,IFC,,,,SRC-V1-FRAMEONE,A,좌표·주소 확인 필요; v1 텍스트에서 분리,text_only
SEOUL-YEONGDEUNGPO-YEOUIDO-SM01-N07,SEOUL-YEONGDEUNGPO-YEOUIDO-SM01,shopping,더현대서울,,,,SRC-V1-FRAMEONE,A,좌표·주소 확인 필요; v1 텍스트에서 분리,text_only
SEOUL-YEONGDEUNGPO-YEOUIDO-SM01-N08,SEOUL-YEONGDEUNGPO-YEOUIDO-SM01,park_water_access,한강공원,,,,SRC-V1-FRAMEONE,A,좌표·주소 확인 필요; v1 텍스트에서 분리,text_only
SEOUL-YEONGDEUNGPO-YEONGDEUNGPOSTN-SM01-N01,SEOUL-YEONGDEUNGPO-YEONGDEUNGPOSTN-SM01,anchor,영등포,,,,SRC-V1-FRAMEONE,A,좌표·주소 확인 필요; v1 텍스트에서 분리,text_only
SEOUL-YEONGDEUNGPO-YEONGDEUNGPOSTN-SM01-N02,SEOUL-YEONGDEUNGPO-YEONGDEUNGPOSTN-SM01,street,영중로,,,,SRC-V1-FRAMEONE,A,좌표·주소 확인 필요; v1 텍스트에서 분리,text_only
SEOUL-YEONGDEUNGPO-YEONGDEUNGPOSTN-SM01-N03,SEOUL-YEONGDEUNGPO-YEONGDEUNGPOSTN-SM01,street,경인로,,,,SRC-V1-FRAMEONE,A,좌표·주소 확인 필요; v1 텍스트에서 분리,text_only
SEOUL-YEONGDEUNGPO-YEONGDEUNGPOSTN-SM01-N04,SEOUL-YEONGDEUNGPO-YEONGDEUNGPOSTN-SM01,station,영등포역,,,,SRC-V1-FRAMEONE,A,좌표·주소 확인 필요; v1 텍스트에서 분리,text_only
SEOUL-YEONGDEUNGPO-YEONGDEUNGPOSTN-SM01-N05,SEOUL-YEONGDEUNGPO-YEONGDEUNGPOSTN-SM01,shopping,신세계백화점,,,,SRC-V1-FRAMEONE,A,좌표·주소 확인 필요; v1 텍스트에서 분리,text_only
SEOUL-YEONGDEUNGPO-MULLAE-SM02-N01,SEOUL-YEONGDEUNGPO-MULLAE-SM02,anchor,문래,,,,SRC-V1-FRAMEONE,S,좌표·주소 확인 필요; v1 텍스트에서 분리,text_only
SEOUL-YEONGDEUNGPO-MULLAE-SM01-N02,SEOUL-YEONGDEUNGPO-MULLAE-SM01,street,도림로,,,,SRC-V1-FRAMEONE,S,좌표·주소 확인 필요; v1 텍스트에서 분리,text_only
SEOUL-YEONGDEUNGPO-MULLAE-SM02-N03,SEOUL-YEONGDEUNGPO-MULLAE-SM02,street,문래로,,,,SRC-V1-FRAMEONE,S,좌표·주소 확인 필요; v1 텍스트에서 분리,text_only
SEOUL-YEONGDEUNGPO-MULLAE-SM02-N04,SEOUL-YEONGDEUNGPO-MULLAE-SM02,station,문래역,,,,SRC-V1-FRAMEONE,S,좌표·주소 확인 필요; v1 텍스트에서 분리,text_only
SEOUL-YEONGDEUNGPO-DANGSAN-SM01-N01,SEOUL-YEONGDEUNGPO-DANGSAN-SM01,anchor,당산,,,,SRC-V1-FRAMEONE,C,좌표·주소 확인 필요; v1 텍스트에서 분리,text_only
SEOUL-YEONGDEUNGPO-DANGSAN-SM01-N02,SEOUL-YEONGDEUNGPO-DANGSAN-SM01,street,양평로,,,,SRC-V1-FRAMEONE,C,좌표·주소 확인 필요; v1 텍스트에서 분리,text_only
SEOUL-YEONGDEUNGPO-DANGSAN-SM01-N03,SEOUL-YEONGDEUNGPO-DANGSAN-SM01,street,당산로,,,,SRC-V1-FRAMEONE,C,좌표·주소 확인 필요; v1 텍스트에서 분리,text_only
SEOUL-YEONGDEUNGPO-DANGSAN-SM01-N04,SEOUL-YEONGDEUNGPO-DANGSAN-SM01,station,당산역,,,,SRC-V1-FRAMEONE,C,좌표·주소 확인 필요; v1 텍스트에서 분리,text_only
SEOUL-YEONGDEUNGPO-SEONYUDO-YANGPYEONG-SM01-N01,SEOUL-YEONGDEUNGPO-SEONYUDO-YANGPYEONG-SM01,anchor,선유도,,,,SRC-V1-FRAMEONE,B,좌표·주소 확인 필요; v1 텍스트에서 분리,text_only
SEOUL-YEONGDEUNGPO-SEONYUDO-YANGPYEONG-SM01-N02,SEOUL-YEONGDEUNGPO-SEONYUDO-YANGPYEONG-SM01,anchor,양평,,,,SRC-V1-FRAMEONE,B,좌표·주소 확인 필요; v1 텍스트에서 분리,text_only
SEOUL-YEONGDEUNGPO-SEONYUDO-YANGPYEONG-SM01-N03,SEOUL-YEONGDEUNGPO-SEONYUDO-YANGPYEONG-SM01,street,양평로,,,,SRC-V1-FRAMEONE,B,좌표·주소 확인 필요; v1 텍스트에서 분리,text_only
SEOUL-YEONGDEUNGPO-SEONYUDO-YANGPYEONG-SM01-N04,SEOUL-YEONGDEUNGPO-SEONYUDO-YANGPYEONG-SM01,street,선유로,,,,SRC-V1-FRAMEONE,B,좌표·주소 확인 필요; v1 텍스트에서 분리,text_only
SEOUL-YEONGDEUNGPO-SEONYUDO-YANGPYEONG-SM01-N05,SEOUL-YEONGDEUNGPO-SEONYUDO-YANGPYEONG-SM01,park_water_access,선유도공원,,,,SRC-V1-FRAMEONE,B,좌표·주소 확인 필요; v1 텍스트에서 분리,text_only
SEOUL-YEONGDEUNGPO-SEONYUDO-YANGPYEONG-SM01-N06,SEOUL-YEONGDEUNGPO-SEONYUDO-YANGPYEONG-SM01,station,선유도역,,,,SRC-V1-FRAMEONE,B,좌표·주소 확인 필요; v1 텍스트에서 분리,text_only
SEOUL-YEONGDEUNGPO-SINGIL-DAERIM-SM01-N01,SEOUL-YEONGDEUNGPO-SINGIL-DAERIM-SM01,street,신길,,,,SRC-V1-FRAMEONE,B,좌표·주소 확인 필요; v1 텍스트에서 분리,text_only
SEOUL-YEONGDEUNGPO-SINGIL-DAERIM-SM02-N02,SEOUL-YEONGDEUNGPO-SINGIL-DAERIM-SM02,anchor,대림,,,,SRC-V1-FRAMEONE,B,좌표·주소 확인 필요; v1 텍스트에서 분리,text_only
SEOUL-YEONGDEUNGPO-SINGIL-DAERIM-SM01-N03,SEOUL-YEONGDEUNGPO-SINGIL-DAERIM-SM01,street,도신로,,,,SRC-V1-FRAMEONE,B,좌표·주소 확인 필요; v1 텍스트에서 분리,text_only
SEOUL-YEONGDEUNGPO-SINGIL-DAERIM-SM01-N04,SEOUL-YEONGDEUNGPO-SINGIL-DAERIM-SM01,street,도림로,,,,SRC-V1-FRAMEONE,B,좌표·주소 확인 필요; v1 텍스트에서 분리,text_only
SEOUL-YEONGDEUNGPO-SINGIL-DAERIM-SM02-N05,SEOUL-YEONGDEUNGPO-SINGIL-DAERIM-SM02,station,대림역,,,,SRC-V1-FRAMEONE,B,좌표·주소 확인 필요; v1 텍스트에서 분리,text_only
SEOUL-YEONGDEUNGPO-SINGIL-DAERIM-SM02-N06,SEOUL-YEONGDEUNGPO-SINGIL-DAERIM-SM02,traditional_market,대림중앙시장,,,,SRC-V1-FRAMEONE,B,좌표·주소 확인 필요; v1 텍스트에서 분리,text_only
SEOUL-YEONGDEUNGPO-YEONGDEUNGPO-MARKET-SM01-N01,SEOUL-YEONGDEUNGPO-YEONGDEUNGPO-MARKET-SM01,traditional_market,영등포시장,,,,SRC-V1-FRAMEONE,B,좌표·주소 확인 필요; v1 텍스트에서 분리,text_only
SEOUL-YEONGDEUNGPO-YEONGDEUNGPO-MARKET-SM01-N02,SEOUL-YEONGDEUNGPO-YEONGDEUNGPO-MARKET-SM01,street,영등포로,,,,SRC-V1-FRAMEONE,B,좌표·주소 확인 필요; v1 텍스트에서 분리,text_only
SEOUL-YEONGDEUNGPO-YEONGDEUNGPO-MARKET-SM01-N03,SEOUL-YEONGDEUNGPO-YEONGDEUNGPO-MARKET-SM01,street,영중로,,,,SRC-V1-FRAMEONE,B,좌표·주소 확인 필요; v1 텍스트에서 분리,text_only
SEOUL-DONGJAK-SADANG-SM01-N01,SEOUL-DONGJAK-SADANG-SM01,anchor,사당,,,,SRC-V1-FRAMEONE,A,좌표·주소 확인 필요; v1 텍스트에서 분리,text_only
SEOUL-DONGJAK-SADANG-SM01-N02,SEOUL-DONGJAK-SADANG-SM01,street,남부순환로,,,,SRC-V1-FRAMEONE,A,좌표·주소 확인 필요; v1 텍스트에서 분리,text_only
SEOUL-DONGJAK-SADANG-SM01-N03,SEOUL-DONGJAK-SADANG-SM01,street,동작대로,,,,SRC-V1-FRAMEONE,A,좌표·주소 확인 필요; v1 텍스트에서 분리,text_only
SEOUL-DONGJAK-SADANG-SM01-N04,SEOUL-DONGJAK-SADANG-SM01,station,사당역,,,,SRC-V1-FRAMEONE,A,좌표·주소 확인 필요; v1 텍스트에서 분리,text_only
SEOUL-DONGJAK-ISU-SM01-N01,SEOUL-DONGJAK-ISU-SM01,anchor,이수,,,,SRC-V1-FRAMEONE,B,좌표·주소 확인 필요; v1 텍스트에서 분리,text_only
SEOUL-DONGJAK-ISU-SM01-N02,SEOUL-DONGJAK-ISU-SM01,anchor,총신대입구,,,,SRC-V1-FRAMEONE,B,좌표·주소 확인 필요; v1 텍스트에서 분리,text_only
SEOUL-DONGJAK-ISU-SM01-N03,SEOUL-DONGJAK-ISU-SM01,street,동작대로,,,,SRC-V1-FRAMEONE,B,좌표·주소 확인 필요; v1 텍스트에서 분리,text_only
SEOUL-DONGJAK-ISU-SM01-N04,SEOUL-DONGJAK-ISU-SM01,street,사당로,,,,SRC-V1-FRAMEONE,B,좌표·주소 확인 필요; v1 텍스트에서 분리,text_only
SEOUL-DONGJAK-ISU-SM01-N05,SEOUL-DONGJAK-ISU-SM01,station,이수역,,,,SRC-V1-FRAMEONE,B,좌표·주소 확인 필요; v1 텍스트에서 분리,text_only
SEOUL-DONGJAK-ISU-SM01-N06,SEOUL-DONGJAK-ISU-SM01,shopping,태평백화점,,,,SRC-V1-FRAMEONE,B,좌표·주소 확인 필요; v1 텍스트에서 분리,text_only
SEOUL-DONGJAK-ISU-SM01-N07,SEOUL-DONGJAK-ISU-SM01,traditional_market,남성사계시장,,,,SRC-V1-FRAMEONE,B,좌표·주소 확인 필요; v1 텍스트에서 분리,text_only
SEOUL-DONGJAK-NORYANGJIN-SM01-N01,SEOUL-DONGJAK-NORYANGJIN-SM01,anchor,노량진,,,,SRC-V1-FRAMEONE,S,좌표·주소 확인 필요; v1 텍스트에서 분리,text_only
SEOUL-DONGJAK-NORYANGJIN-SM01-N02,SEOUL-DONGJAK-NORYANGJIN-SM01,street,노량진로,,,,SRC-V1-FRAMEONE,S,좌표·주소 확인 필요; v1 텍스트에서 분리,text_only
SEOUL-DONGJAK-NORYANGJIN-SM01-N03,SEOUL-DONGJAK-NORYANGJIN-SM01,street,장승배기로,,,,SRC-V1-FRAMEONE,S,좌표·주소 확인 필요; v1 텍스트에서 분리,text_only
SEOUL-DONGJAK-NORYANGJIN-SM01-N04,SEOUL-DONGJAK-NORYANGJIN-SM01,station,노량진역,,,,SRC-V1-FRAMEONE,S,좌표·주소 확인 필요; v1 텍스트에서 분리,text_only
SEOUL-DONGJAK-NORYANGJIN-SM01-N05,SEOUL-DONGJAK-NORYANGJIN-SM01,traditional_market,수산시장,,,,SRC-V1-FRAMEONE,S,좌표·주소 확인 필요; v1 텍스트에서 분리,text_only
SEOUL-DONGJAK-HEUKSEOK-SM01-N01,SEOUL-DONGJAK-HEUKSEOK-SM01,anchor,흑석,,,,SRC-V1-FRAMEONE,B,좌표·주소 확인 필요; v1 텍스트에서 분리,text_only
SEOUL-DONGJAK-HEUKSEOK-SM01-N02,SEOUL-DONGJAK-HEUKSEOK-SM01,street,서달로,,,,SRC-V1-FRAMEONE,B,좌표·주소 확인 필요; v1 텍스트에서 분리,text_only
SEOUL-DONGJAK-HEUKSEOK-SM01-N03,SEOUL-DONGJAK-HEUKSEOK-SM01,street,현충로,,,,SRC-V1-FRAMEONE,B,좌표·주소 확인 필요; v1 텍스트에서 분리,text_only
SEOUL-DONGJAK-HEUKSEOK-SM01-N04,SEOUL-DONGJAK-HEUKSEOK-SM01,station,흑석역,,,,SRC-V1-FRAMEONE,B,좌표·주소 확인 필요; v1 텍스트에서 분리,text_only
SEOUL-DONGJAK-HEUKSEOK-SM01-N05,SEOUL-DONGJAK-HEUKSEOK-SM01,traditional_market,흑석시장,,,,SRC-V1-FRAMEONE,B,좌표·주소 확인 필요; v1 텍스트에서 분리,text_only
SEOUL-DONGJAK-SANGDO-SM01-N01,SEOUL-DONGJAK-SANGDO-SM01,anchor,상도,,,,SRC-V1-FRAMEONE,B,좌표·주소 확인 필요; v1 텍스트에서 분리,text_only
SEOUL-DONGJAK-SANGDO-SM03-N02,SEOUL-DONGJAK-SANGDO-SM03,anchor,숭실대입구,,,,SRC-V1-FRAMEONE,B,좌표·주소 확인 필요; v1 텍스트에서 분리,text_only
SEOUL-DONGJAK-SANGDO-SM01-N03,SEOUL-DONGJAK-SANGDO-SM01,street,상도로,,,,SRC-V1-FRAMEONE,B,좌표·주소 확인 필요; v1 텍스트에서 분리,text_only
SEOUL-DONGJAK-SANGDO-SM01-N04,SEOUL-DONGJAK-SANGDO-SM01,street,사당로,,,,SRC-V1-FRAMEONE,B,좌표·주소 확인 필요; v1 텍스트에서 분리,text_only
SEOUL-DONGJAK-SANGDO-SM01-N05,SEOUL-DONGJAK-SANGDO-SM01,station,상도역,,,,SRC-V1-FRAMEONE,B,좌표·주소 확인 필요; v1 텍스트에서 분리,text_only
SEOUL-DONGJAK-SANGDO-SM02-N06,SEOUL-DONGJAK-SANGDO-SM02,station,장승배기역,,,,SRC-V1-FRAMEONE,B,좌표·주소 확인 필요; v1 텍스트에서 분리,text_only
SEOUL-DONGJAK-SINDAEBANG-BORAMAE-SM01-N01,SEOUL-DONGJAK-SINDAEBANG-BORAMAE-SM01,street,신대방삼거리,,,,SRC-V1-FRAMEONE,C,좌표·주소 확인 필요; v1 텍스트에서 분리,text_only
SEOUL-DONGJAK-SINDAEBANG-BORAMAE-SM01-N02,SEOUL-DONGJAK-SINDAEBANG-BORAMAE-SM01,anchor,보라매,,,,SRC-V1-FRAMEONE,C,좌표·주소 확인 필요; v1 텍스트에서 분리,text_only
SEOUL-DONGJAK-SINDAEBANG-BORAMAE-SM01-N03,SEOUL-DONGJAK-SINDAEBANG-BORAMAE-SM01,street,보라매로,,,,SRC-V1-FRAMEONE,C,좌표·주소 확인 필요; v1 텍스트에서 분리,text_only
SEOUL-DONGJAK-SINDAEBANG-BORAMAE-SM01-N04,SEOUL-DONGJAK-SINDAEBANG-BORAMAE-SM01,street,상도로,,,,SRC-V1-FRAMEONE,C,좌표·주소 확인 필요; v1 텍스트에서 분리,text_only
SEOUL-DONGJAK-SINDAEBANG-BORAMAE-SM01-N05,SEOUL-DONGJAK-SINDAEBANG-BORAMAE-SM01,park_water_access,보라매공원,,,,SRC-V1-FRAMEONE,C,좌표·주소 확인 필요; v1 텍스트에서 분리,text_only
SEOUL-GWANAK-SILLIM-SM01-N01,SEOUL-GWANAK-SILLIM-SM01,anchor,신림,,,,SRC-V1-FRAMEONE,A,좌표·주소 확인 필요; v1 텍스트에서 분리,text_only
SEOUL-GWANAK-SILLIM-SM01-N02,SEOUL-GWANAK-SILLIM-SM01,street,신림로,,,,SRC-V1-FRAMEONE,A,좌표·주소 확인 필요; v1 텍스트에서 분리,text_only
SEOUL-GWANAK-SILLIM-SM01-N03,SEOUL-GWANAK-SILLIM-SM01,street,남부순환로,,,,SRC-V1-FRAMEONE,A,좌표·주소 확인 필요; v1 텍스트에서 분리,text_only
SEOUL-GWANAK-SILLIM-SM01-N04,SEOUL-GWANAK-SILLIM-SM01,station,신림역,,,,SRC-V1-FRAMEONE,A,좌표·주소 확인 필요; v1 텍스트에서 분리,text_only
SEOUL-GWANAK-SNU-SHAROSU-SM01-N01,SEOUL-GWANAK-SNU-SHAROSU-SM01,university,서울대입구,,,,SRC-V1-FRAMEONE,S,좌표·주소 확인 필요; v1 텍스트에서 분리,text_only
SEOUL-GWANAK-SNU-SHAROSU-SM01-N02,SEOUL-GWANAK-SNU-SHAROSU-SM01,street,관악로,,,,SRC-V1-FRAMEONE,S,좌표·주소 확인 필요; v1 텍스트에서 분리,text_only
SEOUL-GWANAK-SNU-SHAROSU-SM01-N03,SEOUL-GWANAK-SNU-SHAROSU-SM01,street,남부순환로,,,,SRC-V1-FRAMEONE,S,좌표·주소 확인 필요; v1 텍스트에서 분리,text_only
SEOUL-GWANAK-SNU-SHAROSU-SM01-N04,SEOUL-GWANAK-SNU-SHAROSU-SM01,station,서울대입구역,,,,SRC-V1-FRAMEONE,S,좌표·주소 확인 필요; v1 텍스트에서 분리,text_only
SEOUL-GWANAK-NAKSEONGDAE-SM01-N01,SEOUL-GWANAK-NAKSEONGDAE-SM01,anchor,낙성대,,,,SRC-V1-FRAMEONE,A,좌표·주소 확인 필요; v1 텍스트에서 분리,text_only
SEOUL-GWANAK-NAKSEONGDAE-SM01-N02,SEOUL-GWANAK-NAKSEONGDAE-SM01,street,남부순환로,,,,SRC-V1-FRAMEONE,A,좌표·주소 확인 필요; v1 텍스트에서 분리,text_only
SEOUL-GWANAK-NAKSEONGDAE-SM01-N03,SEOUL-GWANAK-NAKSEONGDAE-SM01,street,낙성대로,,,,SRC-V1-FRAMEONE,A,좌표·주소 확인 필요; v1 텍스트에서 분리,text_only
SEOUL-GWANAK-NAKSEONGDAE-SM01-N04,SEOUL-GWANAK-NAKSEONGDAE-SM01,station,낙성대역,,,,SRC-V1-FRAMEONE,A,좌표·주소 확인 필요; v1 텍스트에서 분리,text_only
SEOUL-GWANAK-NAKSEONGDAE-SM01-N05,SEOUL-GWANAK-NAKSEONGDAE-SM01,traditional_market,인헌시장,,,,SRC-V1-FRAMEONE,A,좌표·주소 확인 필요; v1 텍스트에서 분리,text_only
SEOUL-GWANAK-NAKSEONGDAE-SM01-N06,SEOUL-GWANAK-NAKSEONGDAE-SM01,park_water_access,낙성대공원,,,,SRC-V1-FRAMEONE,A,좌표·주소 확인 필요; v1 텍스트에서 분리,text_only
SEOUL-GWANAK-BONGCHEON-SM01-N01,SEOUL-GWANAK-BONGCHEON-SM01,anchor,봉천,,,,SRC-V1-FRAMEONE,C,좌표·주소 확인 필요; v1 텍스트에서 분리,text_only
SEOUL-GWANAK-BONGCHEON-SM01-N02,SEOUL-GWANAK-BONGCHEON-SM01,street,남부순환로,,,,SRC-V1-FRAMEONE,C,좌표·주소 확인 필요; v1 텍스트에서 분리,text_only
SEOUL-GWANAK-BONGCHEON-SM01-N03,SEOUL-GWANAK-BONGCHEON-SM01,street,봉천로,,,,SRC-V1-FRAMEONE,C,좌표·주소 확인 필요; v1 텍스트에서 분리,text_only
SEOUL-GWANAK-BONGCHEON-SM01-N04,SEOUL-GWANAK-BONGCHEON-SM01,station,봉천역,,,,SRC-V1-FRAMEONE,C,좌표·주소 확인 필요; v1 텍스트에서 분리,text_only
SEOUL-GWANAK-BONGCHEON-SM01-N05,SEOUL-GWANAK-BONGCHEON-SM01,traditional_market,봉천제일시장,,,,SRC-V1-FRAMEONE,C,좌표·주소 확인 필요; v1 텍스트에서 분리,text_only
SEOUL-GWANAK-DAEHAKDONG-GWANAKSAN-SM01-N01,SEOUL-GWANAK-DAEHAKDONG-GWANAKSAN-SM01,university,서울대벤처타운,,,,SRC-V1-FRAMEONE,B,좌표·주소 확인 필요; v1 텍스트에서 분리,text_only
SEOUL-GWANAK-DAEHAKDONG-GWANAKSAN-SM01-N02,SEOUL-GWANAK-DAEHAKDONG-GWANAKSAN-SM01,street,신림로,,,,SRC-V1-FRAMEONE,B,좌표·주소 확인 필요; v1 텍스트에서 분리,text_only
SEOUL-GWANAK-DAEHAKDONG-GWANAKSAN-SM01-N03,SEOUL-GWANAK-DAEHAKDONG-GWANAKSAN-SM01,street,관악산나들길,,,,SRC-V1-FRAMEONE,B,좌표·주소 확인 필요; v1 텍스트에서 분리,text_only
SEOUL-GWANAK-DAEHAKDONG-GWANAKSAN-SM01-N04,SEOUL-GWANAK-DAEHAKDONG-GWANAKSAN-SM01,university,서울대 정문,,,,SRC-V1-FRAMEONE,B,좌표·주소 확인 필요; v1 텍스트에서 분리,text_only
SEOUL-GWANAK-SINDAEBANG-NANGOK-SM01-N01,SEOUL-GWANAK-SINDAEBANG-NANGOK-SM01,anchor,신대방,,,,SRC-V1-FRAMEONE,B,좌표·주소 확인 필요; v1 텍스트에서 분리,text_only
SEOUL-GWANAK-SINDAEBANG-NANGOK-SM01-N02,SEOUL-GWANAK-SINDAEBANG-NANGOK-SM01,street,난곡로,,,,SRC-V1-FRAMEONE,B,좌표·주소 확인 필요; v1 텍스트에서 분리,text_only
SEOUL-GWANAK-SINDAEBANG-NANGOK-SM01-N03,SEOUL-GWANAK-SINDAEBANG-NANGOK-SM01,street,신사로,,,,SRC-V1-FRAMEONE,B,좌표·주소 확인 필요; v1 텍스트에서 분리,text_only
SEOUL-GWANAK-SINDAEBANG-NANGOK-SM01-N04,SEOUL-GWANAK-SINDAEBANG-NANGOK-SM01,station,신대방역,,,,SRC-V1-FRAMEONE,B,좌표·주소 확인 필요; v1 텍스트에서 분리,text_only
SEOUL-SEOCHO-GANGNAMSTN-WEST-SM01-N01,SEOUL-SEOCHO-GANGNAMSTN-WEST-SM01,anchor,강남,,,,SRC-V1-FRAMEONE,A,좌표·주소 확인 필요; v1 텍스트에서 분리,text_only
SEOUL-SEOCHO-GANGNAMSTN-WEST-SM01-N02,SEOUL-SEOCHO-GANGNAMSTN-WEST-SM01,street,강남대로,,,,SRC-V1-FRAMEONE,A,좌표·주소 확인 필요; v1 텍스트에서 분리,text_only
SEOUL-SEOCHO-GANGNAMSTN-WEST-SM02-N03,SEOUL-SEOCHO-GANGNAMSTN-WEST-SM02,street,서초대로,,,,SRC-V1-FRAMEONE,A,좌표·주소 확인 필요; v1 텍스트에서 분리,text_only
SEOUL-SEOCHO-GYODAE-SM01-N01,SEOUL-SEOCHO-GYODAE-SM01,anchor,교대,,,,SRC-V1-FRAMEONE,B,좌표·주소 확인 필요; v1 텍스트에서 분리,text_only
SEOUL-SEOCHO-GYODAE-SM01-N02,SEOUL-SEOCHO-GYODAE-SM01,street,서초대로,,,,SRC-V1-FRAMEONE,B,좌표·주소 확인 필요; v1 텍스트에서 분리,text_only
SEOUL-SEOCHO-GYODAE-SM01-N03,SEOUL-SEOCHO-GYODAE-SM01,street,반포대로,,,,SRC-V1-FRAMEONE,B,좌표·주소 확인 필요; v1 텍스트에서 분리,text_only
SEOUL-SEOCHO-GYODAE-SM01-N04,SEOUL-SEOCHO-GYODAE-SM01,station,교대역,,,,SRC-V1-FRAMEONE,B,좌표·주소 확인 필요; v1 텍스트에서 분리,text_only
SEOUL-SEOCHO-SEOCHO-SM01-N01,SEOUL-SEOCHO-SEOCHO-SM01,anchor,서초,,,,SRC-V1-FRAMEONE,C,좌표·주소 확인 필요; v1 텍스트에서 분리,text_only
SEOUL-SEOCHO-SEOCHO-SM01-N02,SEOUL-SEOCHO-SEOCHO-SM01,street,반포대로,,,,SRC-V1-FRAMEONE,C,좌표·주소 확인 필요; v1 텍스트에서 분리,text_only
SEOUL-SEOCHO-SEOCHO-SM01-N03,SEOUL-SEOCHO-SEOCHO-SM01,street,서초대로,,,,SRC-V1-FRAMEONE,C,좌표·주소 확인 필요; v1 텍스트에서 분리,text_only
SEOUL-SEOCHO-SEOCHO-SM01-N04,SEOUL-SEOCHO-SEOCHO-SM01,station,서초역,,,,SRC-V1-FRAMEONE,C,좌표·주소 확인 필요; v1 텍스트에서 분리,text_only
SEOUL-SEOCHO-SEOCHO-SM01-N05,SEOUL-SEOCHO-SEOCHO-SM01,anchor,예술의전당,,,,SRC-V1-FRAMEONE,C,좌표·주소 확인 필요; v1 텍스트에서 분리,text_only
SEOUL-SEOCHO-BANPO-EXPRESSTERMINAL-SM01-N01,SEOUL-SEOCHO-BANPO-EXPRESSTERMINAL-SM01,anchor,고속터미널,,,,SRC-V1-FRAMEONE,A,좌표·주소 확인 필요; v1 텍스트에서 분리,text_only
SEOUL-SEOCHO-BANPO-EXPRESSTERMINAL-SM01-N02,SEOUL-SEOCHO-BANPO-EXPRESSTERMINAL-SM01,anchor,신반포,,,,SRC-V1-FRAMEONE,A,좌표·주소 확인 필요; v1 텍스트에서 분리,text_only
SEOUL-SEOCHO-BANPO-EXPRESSTERMINAL-SM01-N03,SEOUL-SEOCHO-BANPO-EXPRESSTERMINAL-SM01,street,신반포로,,,,SRC-V1-FRAMEONE,A,좌표·주소 확인 필요; v1 텍스트에서 분리,text_only
SEOUL-SEOCHO-BANPO-EXPRESSTERMINAL-SM01-N04,SEOUL-SEOCHO-BANPO-EXPRESSTERMINAL-SM01,street,사평대로,,,,SRC-V1-FRAMEONE,A,좌표·주소 확인 필요; v1 텍스트에서 분리,text_only
SEOUL-SEOCHO-BANPO-EXPRESSTERMINAL-SM01-N05,SEOUL-SEOCHO-BANPO-EXPRESSTERMINAL-SM01,anchor,신세계강남,,,,SRC-V1-FRAMEONE,A,좌표·주소 확인 필요; v1 텍스트에서 분리,text_only
SEOUL-SEOCHO-BANPO-EXPRESSTERMINAL-SM01-N06,SEOUL-SEOCHO-BANPO-EXPRESSTERMINAL-SM01,park_water_access,반포한강공원,,,,SRC-V1-FRAMEONE,A,좌표·주소 확인 필요; v1 텍스트에서 분리,text_only
SEOUL-SEOCHO-JAMWON-SM01-N01,SEOUL-SEOCHO-JAMWON-SM01,anchor,잠원,,,,SRC-V1-FRAMEONE,B,좌표·주소 확인 필요; v1 텍스트에서 분리,text_only
SEOUL-SEOCHO-JAMWON-SM01-N02,SEOUL-SEOCHO-JAMWON-SM01,street,나루터로,,,,SRC-V1-FRAMEONE,B,좌표·주소 확인 필요; v1 텍스트에서 분리,text_only
SEOUL-SEOCHO-JAMWON-SM01-N03,SEOUL-SEOCHO-JAMWON-SM01,street,신반포로,,,,SRC-V1-FRAMEONE,B,좌표·주소 확인 필요; v1 텍스트에서 분리,text_only
SEOUL-SEOCHO-JAMWON-SM01-N04,SEOUL-SEOCHO-JAMWON-SM01,station,잠원역,,,,SRC-V1-FRAMEONE,B,좌표·주소 확인 필요; v1 텍스트에서 분리,text_only
SEOUL-SEOCHO-JAMWON-SM01-N05,SEOUL-SEOCHO-JAMWON-SM01,park_water_access,한강공원,,,,SRC-V1-FRAMEONE,B,좌표·주소 확인 필요; v1 텍스트에서 분리,text_only
SEOUL-SEOCHO-BANGBAE-SEORAE-SM01-N01,SEOUL-SEOCHO-BANGBAE-SEORAE-SM01,anchor,방배,,,,SRC-V1-FRAMEONE,A,좌표·주소 확인 필요; v1 텍스트에서 분리,text_only
SEOUL-SEOCHO-BANGBAE-SEORAE-SM02-N02,SEOUL-SEOCHO-BANGBAE-SEORAE-SM02,anchor,내방,,,,SRC-V1-FRAMEONE,A,좌표·주소 확인 필요; v1 텍스트에서 분리,text_only
SEOUL-SEOCHO-BANGBAE-SEORAE-SM01-N03,SEOUL-SEOCHO-BANGBAE-SEORAE-SM01,street,방배로,,,,SRC-V1-FRAMEONE,A,좌표·주소 확인 필요; v1 텍스트에서 분리,text_only
SEOUL-SEOCHO-BANGBAE-SEORAE-SM01-N04,SEOUL-SEOCHO-BANGBAE-SEORAE-SM01,street,서래로,,,,SRC-V1-FRAMEONE,A,좌표·주소 확인 필요; v1 텍스트에서 분리,text_only
SEOUL-SEOCHO-BANGBAE-SEORAE-SM01-N05,SEOUL-SEOCHO-BANGBAE-SEORAE-SM01,station,방배역,,,,SRC-V1-FRAMEONE,A,좌표·주소 확인 필요; v1 텍스트에서 분리,text_only
SEOUL-SEOCHO-BANGBAE-SEORAE-SM02-N06,SEOUL-SEOCHO-BANGBAE-SEORAE-SM02,station,내방역,,,,SRC-V1-FRAMEONE,A,좌표·주소 확인 필요; v1 텍스트에서 분리,text_only
SEOUL-SEOCHO-YANGJAE-SM01-N01,SEOUL-SEOCHO-YANGJAE-SM01,anchor,양재,,,,SRC-V1-FRAMEONE,S,좌표·주소 확인 필요; v1 텍스트에서 분리,text_only
SEOUL-SEOCHO-YANGJAE-SM01-N02,SEOUL-SEOCHO-YANGJAE-SM01,anchor,양재시민의숲,,,,SRC-V1-FRAMEONE,S,좌표·주소 확인 필요; v1 텍스트에서 분리,text_only
SEOUL-SEOCHO-YANGJAE-SM01-N03,SEOUL-SEOCHO-YANGJAE-SM01,street,강남대로,,,,SRC-V1-FRAMEONE,S,좌표·주소 확인 필요; v1 텍스트에서 분리,text_only
SEOUL-SEOCHO-YANGJAE-SM01-N04,SEOUL-SEOCHO-YANGJAE-SM01,street,양재천로,,,,SRC-V1-FRAMEONE,S,좌표·주소 확인 필요; v1 텍스트에서 분리,text_only
SEOUL-SEOCHO-YANGJAE-SM01-N05,SEOUL-SEOCHO-YANGJAE-SM01,station,양재역,,,,SRC-V1-FRAMEONE,S,좌표·주소 확인 필요; v1 텍스트에서 분리,text_only
SEOUL-SEOCHO-YANGJAE-SM01-N06,SEOUL-SEOCHO-YANGJAE-SM01,anchor,AT센터,,,,SRC-V1-FRAMEONE,S,좌표·주소 확인 필요; v1 텍스트에서 분리,text_only
SEOUL-SEOCHO-NAEGOK-CHEONGGYESAN-SM01-N01,SEOUL-SEOCHO-NAEGOK-CHEONGGYESAN-SM01,anchor,청계산입구,,,,SRC-V1-FRAMEONE,B,좌표·주소 확인 필요; v1 텍스트에서 분리,text_only
SEOUL-SEOCHO-NAEGOK-CHEONGGYESAN-SM01-N02,SEOUL-SEOCHO-NAEGOK-CHEONGGYESAN-SM01,street,청계산로,,,,SRC-V1-FRAMEONE,B,좌표·주소 확인 필요; v1 텍스트에서 분리,text_only
SEOUL-SEOCHO-NAEGOK-CHEONGGYESAN-SM01-N03,SEOUL-SEOCHO-NAEGOK-CHEONGGYESAN-SM01,street,헌릉로,,,,SRC-V1-FRAMEONE,B,좌표·주소 확인 필요; v1 텍스트에서 분리,text_only
SEOUL-SEOCHO-NAEGOK-CHEONGGYESAN-SM01-N04,SEOUL-SEOCHO-NAEGOK-CHEONGGYESAN-SM01,station,청계산입구역,,,,SRC-V1-FRAMEONE,B,좌표·주소 확인 필요; v1 텍스트에서 분리,text_only
SEOUL-GANGNAM-GANGNAMSTN-SM01-N01,SEOUL-GANGNAM-GANGNAMSTN-SM01,anchor,강남,,,,SRC-V1-FRAMEONE,A,좌표·주소 확인 필요; v1 텍스트에서 분리,text_only
SEOUL-GANGNAM-GANGNAMSTN-SM01-N02,SEOUL-GANGNAM-GANGNAMSTN-SM01,street,강남대로,,,,SRC-V1-FRAMEONE,A,좌표·주소 확인 필요; v1 텍스트에서 분리,text_only
SEOUL-GANGNAM-GANGNAMSTN-SM01-N03,SEOUL-GANGNAM-GANGNAMSTN-SM01,street,테헤란로,,,,SRC-V1-FRAMEONE,A,좌표·주소 확인 필요; v1 텍스트에서 분리,text_only
SEOUL-GANGNAM-YEOKSAM-TEHERAN-SM01-N01,SEOUL-GANGNAM-YEOKSAM-TEHERAN-SM01,station,역삼,,,,SRC-V1-FRAMEONE,A,좌표·주소 확인 필요; v1 텍스트에서 분리,text_only
SEOUL-GANGNAM-YEOKSAM-TEHERAN-SM01-N02,SEOUL-GANGNAM-YEOKSAM-TEHERAN-SM01,street,테헤란로,,,,SRC-V1-FRAMEONE,A,좌표·주소 확인 필요; v1 텍스트에서 분리,text_only
SEOUL-GANGNAM-YEOKSAM-TEHERAN-SM01-N03,SEOUL-GANGNAM-YEOKSAM-TEHERAN-SM01,street,논현로,,,,SRC-V1-FRAMEONE,A,좌표·주소 확인 필요; v1 텍스트에서 분리,text_only
SEOUL-GANGNAM-YEOKSAM-TEHERAN-SM01-N04,SEOUL-GANGNAM-YEOKSAM-TEHERAN-SM01,station,역삼역,,,,SRC-V1-FRAMEONE,A,좌표·주소 확인 필요; v1 텍스트에서 분리,text_only
SEOUL-GANGNAM-SEOLLEUNG-SM01-N01,SEOUL-GANGNAM-SEOLLEUNG-SM01,anchor,선릉,,,,SRC-V1-FRAMEONE,A,좌표·주소 확인 필요; v1 텍스트에서 분리,text_only
SEOUL-GANGNAM-SEOLLEUNG-SM01-N02,SEOUL-GANGNAM-SEOLLEUNG-SM01,street,테헤란로,,,,SRC-V1-FRAMEONE,A,좌표·주소 확인 필요; v1 텍스트에서 분리,text_only
SEOUL-GANGNAM-SEOLLEUNG-SM01-N03,SEOUL-GANGNAM-SEOLLEUNG-SM01,street,선릉로,,,,SRC-V1-FRAMEONE,A,좌표·주소 확인 필요; v1 텍스트에서 분리,text_only
SEOUL-GANGNAM-SEOLLEUNG-SM01-N04,SEOUL-GANGNAM-SEOLLEUNG-SM01,station,선릉역,,,,SRC-V1-FRAMEONE,A,좌표·주소 확인 필요; v1 텍스트에서 분리,text_only
SEOUL-GANGNAM-SAMSUNG-COEX-SM01-N01,SEOUL-GANGNAM-SAMSUNG-COEX-SM01,anchor,삼성,,,,SRC-V1-FRAMEONE,A,좌표·주소 확인 필요; v1 텍스트에서 분리,text_only
SEOUL-GANGNAM-SAMSUNG-COEX-SM02-N02,SEOUL-GANGNAM-SAMSUNG-COEX-SM02,anchor,봉은사,,,,SRC-V1-FRAMEONE,A,좌표·주소 확인 필요; v1 텍스트에서 분리,text_only
SEOUL-GANGNAM-SAMSUNG-COEX-SM01-N03,SEOUL-GANGNAM-SAMSUNG-COEX-SM01,street,영동대로,,,,SRC-V1-FRAMEONE,A,좌표·주소 확인 필요; v1 텍스트에서 분리,text_only
SEOUL-GANGNAM-SAMSUNG-COEX-SM01-N04,SEOUL-GANGNAM-SAMSUNG-COEX-SM01,street,테헤란로,,,,SRC-V1-FRAMEONE,A,좌표·주소 확인 필요; v1 텍스트에서 분리,text_only
SEOUL-GANGNAM-SAMSUNG-COEX-SM01-N05,SEOUL-GANGNAM-SAMSUNG-COEX-SM01,station,삼성역,,,,SRC-V1-FRAMEONE,A,좌표·주소 확인 필요; v1 텍스트에서 분리,text_only
SEOUL-GANGNAM-SAMSUNG-COEX-SM01-N06,SEOUL-GANGNAM-SAMSUNG-COEX-SM01,shopping,코엑스,,,,SRC-V1-FRAMEONE,A,좌표·주소 확인 필요; v1 텍스트에서 분리,text_only
SEOUL-GANGNAM-SAMSUNG-COEX-SM01-N07,SEOUL-GANGNAM-SAMSUNG-COEX-SM01,station,무역센터,,,,SRC-V1-FRAMEONE,A,좌표·주소 확인 필요; v1 텍스트에서 분리,text_only
SEOUL-GANGNAM-CHEONGDAM-SM01-N01,SEOUL-GANGNAM-CHEONGDAM-SM01,anchor,청담,,,,SRC-V1-FRAMEONE,A,좌표·주소 확인 필요; v1 텍스트에서 분리,text_only
SEOUL-GANGNAM-CHEONGDAM-SM01-N02,SEOUL-GANGNAM-CHEONGDAM-SM01,street,도산대로,,,,SRC-V1-FRAMEONE,A,좌표·주소 확인 필요; v1 텍스트에서 분리,text_only
SEOUL-GANGNAM-CHEONGDAM-SM01-N03,SEOUL-GANGNAM-CHEONGDAM-SM01,street,압구정로,,,,SRC-V1-FRAMEONE,A,좌표·주소 확인 필요; v1 텍스트에서 분리,text_only
SEOUL-GANGNAM-APGUJEONG-STATION-N01,SEOUL-GANGNAM-APGUJEONG-STATION,anchor,압구정,,,,SRC-V1-FRAMEONE,A,좌표·주소 확인 필요; v1 텍스트에서 분리,text_only
SEOUL-GANGNAM-APGUJEONG-STATION-N02,SEOUL-GANGNAM-APGUJEONG-STATION,street,압구정로데오,,,,SRC-V1-FRAMEONE,A,좌표·주소 확인 필요; v1 텍스트에서 분리,text_only
SEOUL-GANGNAM-APGUJEONG-STATION-N03,SEOUL-GANGNAM-APGUJEONG-STATION,street,압구정로,,,,SRC-V1-FRAMEONE,A,좌표·주소 확인 필요; v1 텍스트에서 분리,text_only
SEOUL-GANGNAM-APGUJEONG-STATION-N04,SEOUL-GANGNAM-APGUJEONG-STATION,street,선릉로,,,,SRC-V1-FRAMEONE,A,좌표·주소 확인 필요; v1 텍스트에서 분리,text_only
SEOUL-GANGNAM-APGUJEONG-STATION-N05,SEOUL-GANGNAM-APGUJEONG-STATION,station,압구정역,,,,SRC-V1-FRAMEONE,A,좌표·주소 확인 필요; v1 텍스트에서 분리,text_only
SEOUL-GANGNAM-SINSA-GAROSU-SM01-N01,SEOUL-GANGNAM-SINSA-GAROSU-SM01,anchor,신사,,,,SRC-V1-FRAMEONE,A,좌표·주소 확인 필요; v1 텍스트에서 분리,text_only
SEOUL-GANGNAM-SINSA-GAROSU-SM01-N02,SEOUL-GANGNAM-SINSA-GAROSU-SM01,street,도산대로,,,,SRC-V1-FRAMEONE,A,좌표·주소 확인 필요; v1 텍스트에서 분리,text_only
SEOUL-GANGNAM-SINSA-GAROSU-SM01-N03,SEOUL-GANGNAM-SINSA-GAROSU-SM01,street,압구정로,,,,SRC-V1-FRAMEONE,A,좌표·주소 확인 필요; v1 텍스트에서 분리,text_only
SEOUL-GANGNAM-SINSA-GAROSU-SM02-N04,SEOUL-GANGNAM-SINSA-GAROSU-SM02,street,가로수길,,,,SRC-V1-FRAMEONE,A,좌표·주소 확인 필요; v1 텍스트에서 분리,text_only
SEOUL-GANGNAM-SINSA-GAROSU-SM01-N05,SEOUL-GANGNAM-SINSA-GAROSU-SM01,station,신사역,,,,SRC-V1-FRAMEONE,A,좌표·주소 확인 필요; v1 텍스트에서 분리,text_only
SEOUL-GANGNAM-NONHYEON-SM01-N01,SEOUL-GANGNAM-NONHYEON-SM01,anchor,논현,,,,SRC-V1-FRAMEONE,B,좌표·주소 확인 필요; v1 텍스트에서 분리,text_only
SEOUL-GANGNAM-NONHYEON-SM01-N02,SEOUL-GANGNAM-NONHYEON-SM01,anchor,학동,,,,SRC-V1-FRAMEONE,B,좌표·주소 확인 필요; v1 텍스트에서 분리,text_only
SEOUL-GANGNAM-NONHYEON-SM01-N03,SEOUL-GANGNAM-NONHYEON-SM01,street,강남대로,,,,SRC-V1-FRAMEONE,B,좌표·주소 확인 필요; v1 텍스트에서 분리,text_only
SEOUL-GANGNAM-NONHYEON-SM01-N04,SEOUL-GANGNAM-NONHYEON-SM01,street,학동로,,,,SRC-V1-FRAMEONE,B,좌표·주소 확인 필요; v1 텍스트에서 분리,text_only
SEOUL-GANGNAM-NONHYEON-SM01-N05,SEOUL-GANGNAM-NONHYEON-SM01,station,논현역,,,,SRC-V1-FRAMEONE,B,좌표·주소 확인 필요; v1 텍스트에서 분리,text_only
SEOUL-GANGNAM-NONHYEON-SM01-N06,SEOUL-GANGNAM-NONHYEON-SM01,traditional_market,영동시장,,,,SRC-V1-FRAMEONE,B,좌표·주소 확인 필요; v1 텍스트에서 분리,text_only
SEOUL-GANGNAM-DAECHI-DOGOK-SM03-N01,SEOUL-GANGNAM-DAECHI-DOGOK-SM03,anchor,한티,,,,SRC-V1-FRAMEONE,S,좌표·주소 확인 필요; v1 텍스트에서 분리,text_only
SEOUL-GANGNAM-DAECHI-DOGOK-SM01-N02,SEOUL-GANGNAM-DAECHI-DOGOK-SM01,anchor,대치,,,,SRC-V1-FRAMEONE,S,좌표·주소 확인 필요; v1 텍스트에서 분리,text_only
SEOUL-GANGNAM-DAECHI-DOGOK-SM01-N03,SEOUL-GANGNAM-DAECHI-DOGOK-SM01,street,도곡로,,,,SRC-V1-FRAMEONE,S,좌표·주소 확인 필요; v1 텍스트에서 분리,text_only
SEOUL-GANGNAM-DAECHI-DOGOK-SM01-N04,SEOUL-GANGNAM-DAECHI-DOGOK-SM01,street,남부순환로,,,,SRC-V1-FRAMEONE,S,좌표·주소 확인 필요; v1 텍스트에서 분리,text_only
SEOUL-GANGNAM-DAECHI-DOGOK-SM03-N05,SEOUL-GANGNAM-DAECHI-DOGOK-SM03,station,한티역,,,,SRC-V1-FRAMEONE,S,좌표·주소 확인 필요; v1 텍스트에서 분리,text_only
SEOUL-GANGNAM-SUSEO-SEGOK-SM01-N01,SEOUL-GANGNAM-SUSEO-SEGOK-SM01,anchor,수서,,,,SRC-V1-FRAMEONE,A,좌표·주소 확인 필요; v1 텍스트에서 분리,text_only
SEOUL-GANGNAM-SUSEO-SEGOK-SM01-N02,SEOUL-GANGNAM-SUSEO-SEGOK-SM01,street,광평로,,,,SRC-V1-FRAMEONE,A,좌표·주소 확인 필요; v1 텍스트에서 분리,text_only
SEOUL-GANGNAM-SUSEO-SEGOK-SM01-N03,SEOUL-GANGNAM-SUSEO-SEGOK-SM01,street,밤고개로,,,,SRC-V1-FRAMEONE,A,좌표·주소 확인 필요; v1 텍스트에서 분리,text_only
SEOUL-GANGNAM-SUSEO-SEGOK-SM01-N04,SEOUL-GANGNAM-SUSEO-SEGOK-SM01,station,수서역,,,,SRC-V1-FRAMEONE,A,좌표·주소 확인 필요; v1 텍스트에서 분리,text_only
SEOUL-SONGPA-JAMSIL-SM01-N01,SEOUL-SONGPA-JAMSIL-SM01,anchor,잠실,,,,SRC-V1-FRAMEONE,A,좌표·주소 확인 필요; v1 텍스트에서 분리,text_only
SEOUL-SONGPA-JAMSIL-SM01-N02,SEOUL-SONGPA-JAMSIL-SM01,street,올림픽로,,,,SRC-V1-FRAMEONE,A,좌표·주소 확인 필요; v1 텍스트에서 분리,text_only
SEOUL-SONGPA-JAMSIL-SM01-N03,SEOUL-SONGPA-JAMSIL-SM01,street,송파대로,,,,SRC-V1-FRAMEONE,A,좌표·주소 확인 필요; v1 텍스트에서 분리,text_only
SEOUL-SONGPA-JAMSIL-SM01-N04,SEOUL-SONGPA-JAMSIL-SM01,station,잠실역,,,,SRC-V1-FRAMEONE,A,좌표·주소 확인 필요; v1 텍스트에서 분리,text_only
SEOUL-SONGPA-JAMSIL-SM01-N05,SEOUL-SONGPA-JAMSIL-SM01,shopping,롯데월드몰,,,,SRC-V1-FRAMEONE,A,좌표·주소 확인 필요; v1 텍스트에서 분리,text_only
SEOUL-SONGPA-JAMSIL-SM01-N06,SEOUL-SONGPA-JAMSIL-SM01,anchor,롯데월드,,,,SRC-V1-FRAMEONE,A,좌표·주소 확인 필요; v1 텍스트에서 분리,text_only
SEOUL-SONGPA-SONGRIDAN-SM01-N01,SEOUL-SONGPA-SONGRIDAN-SM01,anchor,석촌,,,,SRC-V1-FRAMEONE,A,좌표·주소 확인 필요; v1 텍스트에서 분리,text_only
SEOUL-SONGPA-SONGRIDAN-SM01-N02,SEOUL-SONGPA-SONGRIDAN-SM01,anchor,송파나루,,,,SRC-V1-FRAMEONE,A,좌표·주소 확인 필요; v1 텍스트에서 분리,text_only
SEOUL-SONGPA-SONGRIDAN-SM01-N03,SEOUL-SONGPA-SONGRIDAN-SM01,street,백제고분로45길,,,,SRC-V1-FRAMEONE,A,좌표·주소 확인 필요; v1 텍스트에서 분리,text_only
SEOUL-SONGPA-SONGRIDAN-SM01-N04,SEOUL-SONGPA-SONGRIDAN-SM01,street,오금로,,,,SRC-V1-FRAMEONE,A,좌표·주소 확인 필요; v1 텍스트에서 분리,text_only
SEOUL-SONGPA-BANGI-SM02-N01,SEOUL-SONGPA-BANGI-SM02,anchor,몽촌토성,,,,SRC-V1-FRAMEONE,C,좌표·주소 확인 필요; v1 텍스트에서 분리,text_only
SEOUL-SONGPA-BANGI-SM01-N02,SEOUL-SONGPA-BANGI-SM01,anchor,한성백제,,,,SRC-V1-FRAMEONE,C,좌표·주소 확인 필요; v1 텍스트에서 분리,text_only
SEOUL-SONGPA-BANGI-SM01-N03,SEOUL-SONGPA-BANGI-SM01,street,오금로,,,,SRC-V1-FRAMEONE,C,좌표·주소 확인 필요; v1 텍스트에서 분리,text_only
SEOUL-SONGPA-BANGI-SM01-N04,SEOUL-SONGPA-BANGI-SM01,street,위례성대로,,,,SRC-V1-FRAMEONE,C,좌표·주소 확인 필요; v1 텍스트에서 분리,text_only
SEOUL-SONGPA-BANGI-SM02-N05,SEOUL-SONGPA-BANGI-SM02,station,몽촌토성역,,,,SRC-V1-FRAMEONE,C,좌표·주소 확인 필요; v1 텍스트에서 분리,text_only
SEOUL-SONGPA-MUNJEONG-SM02-N01,SEOUL-SONGPA-MUNJEONG-SM02,anchor,문정,,,,SRC-V1-FRAMEONE,S,좌표·주소 확인 필요; v1 텍스트에서 분리,text_only
SEOUL-SONGPA-MUNJEONG-SM01-N02,SEOUL-SONGPA-MUNJEONG-SM01,street,송파대로,,,,SRC-V1-FRAMEONE,S,좌표·주소 확인 필요; v1 텍스트에서 분리,text_only
SEOUL-SONGPA-MUNJEONG-SM01-N03,SEOUL-SONGPA-MUNJEONG-SM01,street,법원로,,,,SRC-V1-FRAMEONE,S,좌표·주소 확인 필요; v1 텍스트에서 분리,text_only
SEOUL-SONGPA-MUNJEONG-SM01-N04,SEOUL-SONGPA-MUNJEONG-SM01,anchor,가든파이브,,,,SRC-V1-FRAMEONE,S,좌표·주소 확인 필요; v1 텍스트에서 분리,text_only
SEOUL-SONGPA-MUNJEONG-SM02-N05,SEOUL-SONGPA-MUNJEONG-SM02,station,문정역,,,,SRC-V1-FRAMEONE,S,좌표·주소 확인 필요; v1 텍스트에서 분리,text_only
SEOUL-SONGPA-GARAKMARKET-SM02-N01,SEOUL-SONGPA-GARAKMARKET-SM02,traditional_market,가락시장,,,,SRC-V1-FRAMEONE,B,좌표·주소 확인 필요; v1 텍스트에서 분리,text_only
SEOUL-SONGPA-GARAKMARKET-SM01-N02,SEOUL-SONGPA-GARAKMARKET-SM01,street,송파대로,,,,SRC-V1-FRAMEONE,B,좌표·주소 확인 필요; v1 텍스트에서 분리,text_only
SEOUL-SONGPA-GARAKMARKET-SM01-N03,SEOUL-SONGPA-GARAKMARKET-SM01,street,양재대로,,,,SRC-V1-FRAMEONE,B,좌표·주소 확인 필요; v1 텍스트에서 분리,text_only
SEOUL-SONGPA-GARAKMARKET-SM02-N04,SEOUL-SONGPA-GARAKMARKET-SM02,station,가락시장역,,,,SRC-V1-FRAMEONE,B,좌표·주소 확인 필요; v1 텍스트에서 분리,text_only
SEOUL-SONGPA-SEOKCHON-SAMJEON-SM01-N01,SEOUL-SONGPA-SEOKCHON-SAMJEON-SM01,anchor,석촌,,,,SRC-V1-FRAMEONE,C,좌표·주소 확인 필요; v1 텍스트에서 분리,text_only
SEOUL-SONGPA-SEOKCHON-SAMJEON-SM02-N02,SEOUL-SONGPA-SEOKCHON-SAMJEON-SM02,anchor,삼전,,,,SRC-V1-FRAMEONE,C,좌표·주소 확인 필요; v1 텍스트에서 분리,text_only
SEOUL-SONGPA-SEOKCHON-SAMJEON-SM01-N03,SEOUL-SONGPA-SEOKCHON-SAMJEON-SM01,street,백제고분로,,,,SRC-V1-FRAMEONE,C,좌표·주소 확인 필요; v1 텍스트에서 분리,text_only
SEOUL-SONGPA-SEOKCHON-SAMJEON-SM01-N04,SEOUL-SONGPA-SEOKCHON-SAMJEON-SM01,street,삼학사로,,,,SRC-V1-FRAMEONE,C,좌표·주소 확인 필요; v1 텍스트에서 분리,text_only
SEOUL-SONGPA-SEOKCHON-SAMJEON-SM01-N05,SEOUL-SONGPA-SEOKCHON-SAMJEON-SM01,station,석촌역,,,,SRC-V1-FRAMEONE,C,좌표·주소 확인 필요; v1 텍스트에서 분리,text_only
SEOUL-SONGPA-SEOKCHON-SAMJEON-SM02-N06,SEOUL-SONGPA-SEOKCHON-SAMJEON-SM02,station,삼전역,,,,SRC-V1-FRAMEONE,C,좌표·주소 확인 필요; v1 텍스트에서 분리,text_only
SEOUL-SONGPA-OLYMPICPARK-SM01-N01,SEOUL-SONGPA-OLYMPICPARK-SM01,park_water_access,올림픽공원,,,,SRC-V1-FRAMEONE,A,좌표·주소 확인 필요; v1 텍스트에서 분리,text_only
SEOUL-SONGPA-OLYMPICPARK-SM01-N02,SEOUL-SONGPA-OLYMPICPARK-SM01,anchor,한성백제,,,,SRC-V1-FRAMEONE,A,좌표·주소 확인 필요; v1 텍스트에서 분리,text_only
SEOUL-SONGPA-OLYMPICPARK-SM01-N03,SEOUL-SONGPA-OLYMPICPARK-SM01,street,위례성대로,,,,SRC-V1-FRAMEONE,A,좌표·주소 확인 필요; v1 텍스트에서 분리,text_only
SEOUL-SONGPA-OLYMPICPARK-SM01-N04,SEOUL-SONGPA-OLYMPICPARK-SM01,street,올림픽로,,,,SRC-V1-FRAMEONE,A,좌표·주소 확인 필요; v1 텍스트에서 분리,text_only
SEOUL-SONGPA-OLYMPICPARK-SM01-N05,SEOUL-SONGPA-OLYMPICPARK-SM01,anchor,KSPO DOME,,,,SRC-V1-FRAMEONE,A,좌표·주소 확인 필요; v1 텍스트에서 분리,text_only
SEOUL-SONGPA-OLYMPICPARK-SM01-N06,SEOUL-SONGPA-OLYMPICPARK-SM01,tourism_culture,한성백제박물관,,,,SRC-V1-FRAMEONE,A,좌표·주소 확인 필요; v1 텍스트에서 분리,text_only
SEOUL-SONGPA-WIRYE-SONGPA-SM01-N01,SEOUL-SONGPA-WIRYE-SONGPA-SM01,anchor,장지(버스 연계),,,,SRC-V1-FRAMEONE,A,좌표·주소 확인 필요; v1 텍스트에서 분리,text_only
SEOUL-SONGPA-WIRYE-SONGPA-SM03-N02,SEOUL-SONGPA-WIRYE-SONGPA-SM03,street,위례광장로,,,,SRC-V1-FRAMEONE,A,좌표·주소 확인 필요; v1 텍스트에서 분리,text_only
SEOUL-SONGPA-WIRYE-SONGPA-SM01-N03,SEOUL-SONGPA-WIRYE-SONGPA-SM01,street,위례순환로,,,,SRC-V1-FRAMEONE,A,좌표·주소 확인 필요; v1 텍스트에서 분리,text_only
SEOUL-SONGPA-GEOYEO-MACHEON-SM01-N01,SEOUL-SONGPA-GEOYEO-MACHEON-SM01,anchor,거여,,,,SRC-V1-FRAMEONE,A,좌표·주소 확인 필요; v1 텍스트에서 분리,text_only
SEOUL-SONGPA-GEOYEO-MACHEON-SM01-N02,SEOUL-SONGPA-GEOYEO-MACHEON-SM01,anchor,마천,,,,SRC-V1-FRAMEONE,A,좌표·주소 확인 필요; v1 텍스트에서 분리,text_only
SEOUL-SONGPA-GEOYEO-MACHEON-SM01-N03,SEOUL-SONGPA-GEOYEO-MACHEON-SM01,street,오금로,,,,SRC-V1-FRAMEONE,A,좌표·주소 확인 필요; v1 텍스트에서 분리,text_only
SEOUL-SONGPA-GEOYEO-MACHEON-SM01-N04,SEOUL-SONGPA-GEOYEO-MACHEON-SM01,street,마천로,,,,SRC-V1-FRAMEONE,A,좌표·주소 확인 필요; v1 텍스트에서 분리,text_only
SEOUL-SONGPA-GEOYEO-MACHEON-SM01-N05,SEOUL-SONGPA-GEOYEO-MACHEON-SM01,station,거여역,,,,SRC-V1-FRAMEONE,A,좌표·주소 확인 필요; v1 텍스트에서 분리,text_only
SEOUL-SONGPA-GEOYEO-MACHEON-SM01-N06,SEOUL-SONGPA-GEOYEO-MACHEON-SM01,traditional_market,마천중앙시장,,,,SRC-V1-FRAMEONE,A,좌표·주소 확인 필요; v1 텍스트에서 분리,text_only
SEOUL-GANGDONG-CHEONHO-SM01-N01,SEOUL-GANGDONG-CHEONHO-SM01,anchor,천호,,,,SRC-V1-FRAMEONE,A,좌표·주소 확인 필요; v1 텍스트에서 분리,text_only
SEOUL-GANGDONG-CHEONHO-SM01-N02,SEOUL-GANGDONG-CHEONHO-SM01,street,천호대로,,,,SRC-V1-FRAMEONE,A,좌표·주소 확인 필요; v1 텍스트에서 분리,text_only
SEOUL-GANGDONG-CHEONHO-SM01-N03,SEOUL-GANGDONG-CHEONHO-SM01,street,구천면로,,,,SRC-V1-FRAMEONE,A,좌표·주소 확인 필요; v1 텍스트에서 분리,text_only
SEOUL-GANGDONG-CHEONHO-SM01-N04,SEOUL-GANGDONG-CHEONHO-SM01,station,천호역,,,,SRC-V1-FRAMEONE,A,좌표·주소 확인 필요; v1 텍스트에서 분리,text_only
SEOUL-GANGDONG-CHEONHO-SM01-N05,SEOUL-GANGDONG-CHEONHO-SM01,shopping,현대백화점,,,,SRC-V1-FRAMEONE,A,좌표·주소 확인 필요; v1 텍스트에서 분리,text_only
SEOUL-GANGDONG-GANGDONG-GILDONG-SM01-N01,SEOUL-GANGDONG-GANGDONG-GILDONG-SM01,anchor,강동,,,,SRC-V1-FRAMEONE,B,좌표·주소 확인 필요; v1 텍스트에서 분리,text_only
SEOUL-GANGDONG-GANGDONG-GILDONG-SM01-N02,SEOUL-GANGDONG-GANGDONG-GILDONG-SM01,street,길동,,,,SRC-V1-FRAMEONE,B,좌표·주소 확인 필요; v1 텍스트에서 분리,text_only
SEOUL-GANGDONG-GANGDONG-GILDONG-SM01-N03,SEOUL-GANGDONG-GANGDONG-GILDONG-SM01,street,천호대로,,,,SRC-V1-FRAMEONE,B,좌표·주소 확인 필요; v1 텍스트에서 분리,text_only
SEOUL-GANGDONG-GANGDONG-GILDONG-SM01-N04,SEOUL-GANGDONG-GANGDONG-GILDONG-SM01,street,양재대로,,,,SRC-V1-FRAMEONE,B,좌표·주소 확인 필요; v1 텍스트에서 분리,text_only
SEOUL-GANGDONG-GANGDONG-GILDONG-SM01-N05,SEOUL-GANGDONG-GANGDONG-GILDONG-SM01,station,강동역,,,,SRC-V1-FRAMEONE,B,좌표·주소 확인 필요; v1 텍스트에서 분리,text_only
SEOUL-GANGDONG-AMSA-SM01-N01,SEOUL-GANGDONG-AMSA-SM01,anchor,암사,,,,SRC-V1-FRAMEONE,C,좌표·주소 확인 필요; v1 텍스트에서 분리,text_only
SEOUL-GANGDONG-AMSA-SM01-N02,SEOUL-GANGDONG-AMSA-SM01,street,올림픽로,,,,SRC-V1-FRAMEONE,C,좌표·주소 확인 필요; v1 텍스트에서 분리,text_only
SEOUL-GANGDONG-AMSA-SM01-N03,SEOUL-GANGDONG-AMSA-SM01,street,고덕로,,,,SRC-V1-FRAMEONE,C,좌표·주소 확인 필요; v1 텍스트에서 분리,text_only
SEOUL-GANGDONG-AMSA-SM01-N04,SEOUL-GANGDONG-AMSA-SM01,station,암사역,,,,SRC-V1-FRAMEONE,C,좌표·주소 확인 필요; v1 텍스트에서 분리,text_only
SEOUL-GANGDONG-AMSA-SM01-N05,SEOUL-GANGDONG-AMSA-SM01,traditional_market,암사종합시장,,,,SRC-V1-FRAMEONE,C,좌표·주소 확인 필요; v1 텍스트에서 분리,text_only
SEOUL-GANGDONG-GODEOK-SANGIL-SM01-N01,SEOUL-GANGDONG-GODEOK-SANGIL-SM01,anchor,고덕,,,,SRC-V1-FRAMEONE,S,좌표·주소 확인 필요; v1 텍스트에서 분리,text_only
SEOUL-GANGDONG-GODEOK-SANGIL-SM02-N02,SEOUL-GANGDONG-GODEOK-SANGIL-SM02,anchor,상일동,,,,SRC-V1-FRAMEONE,S,좌표·주소 확인 필요; v1 텍스트에서 분리,text_only
SEOUL-GANGDONG-GODEOK-SANGIL-SM01-N03,SEOUL-GANGDONG-GODEOK-SANGIL-SM01,street,고덕로,,,,SRC-V1-FRAMEONE,S,좌표·주소 확인 필요; v1 텍스트에서 분리,text_only
SEOUL-GANGDONG-GODEOK-SANGIL-SM01-N04,SEOUL-GANGDONG-GODEOK-SANGIL-SM01,street,상일로,,,,SRC-V1-FRAMEONE,S,좌표·주소 확인 필요; v1 텍스트에서 분리,text_only
SEOUL-GANGDONG-GODEOK-SANGIL-SM01-N05,SEOUL-GANGDONG-GODEOK-SANGIL-SM01,station,고덕역,,,,SRC-V1-FRAMEONE,S,좌표·주소 확인 필요; v1 텍스트에서 분리,text_only
SEOUL-GANGDONG-GODEOK-SANGIL-SM02-N06,SEOUL-GANGDONG-GODEOK-SANGIL-SM02,station,상일동역,,,,SRC-V1-FRAMEONE,S,좌표·주소 확인 필요; v1 텍스트에서 분리,text_only
SEOUL-GANGDONG-DUNCHON-SM01-N01,SEOUL-GANGDONG-DUNCHON-SM01,anchor,둔촌동,,,,SRC-V1-FRAMEONE,A,좌표·주소 확인 필요; v1 텍스트에서 분리,text_only
SEOUL-GANGDONG-DUNCHON-SM01-N02,SEOUL-GANGDONG-DUNCHON-SM01,hospital,중앙보훈병원,,,,SRC-V1-FRAMEONE,A,좌표·주소 확인 필요; v1 텍스트에서 분리,text_only
SEOUL-GANGDONG-DUNCHON-SM01-N03,SEOUL-GANGDONG-DUNCHON-SM01,street,양재대로,,,,SRC-V1-FRAMEONE,A,좌표·주소 확인 필요; v1 텍스트에서 분리,text_only
SEOUL-GANGDONG-DUNCHON-SM01-N04,SEOUL-GANGDONG-DUNCHON-SM01,street,명일로,,,,SRC-V1-FRAMEONE,A,좌표·주소 확인 필요; v1 텍스트에서 분리,text_only
SEOUL-GANGDONG-DUNCHON-SM01-N05,SEOUL-GANGDONG-DUNCHON-SM01,station,둔촌동역,,,,SRC-V1-FRAMEONE,A,좌표·주소 확인 필요; v1 텍스트에서 분리,text_only
SEOUL-GANGDONG-DUNCHON-SM01-N06,SEOUL-GANGDONG-DUNCHON-SM01,hospital,보훈병원,,,,SRC-V1-FRAMEONE,A,좌표·주소 확인 필요; v1 텍스트에서 분리,text_only
SEOUL-GANGDONG-MYEONGIL-SM01-N01,SEOUL-GANGDONG-MYEONGIL-SM01,anchor,명일,,,,SRC-V1-FRAMEONE,A,좌표·주소 확인 필요; v1 텍스트에서 분리,text_only
SEOUL-GANGDONG-MYEONGIL-SM01-N02,SEOUL-GANGDONG-MYEONGIL-SM01,street,고덕로,,,,SRC-V1-FRAMEONE,A,좌표·주소 확인 필요; v1 텍스트에서 분리,text_only
SEOUL-GANGDONG-MYEONGIL-SM01-N03,SEOUL-GANGDONG-MYEONGIL-SM01,street,구천면로,,,,SRC-V1-FRAMEONE,A,좌표·주소 확인 필요; v1 텍스트에서 분리,text_only
SEOUL-GANGDONG-MYEONGIL-SM01-N04,SEOUL-GANGDONG-MYEONGIL-SM01,station,명일역,,,,SRC-V1-FRAMEONE,A,좌표·주소 확인 필요; v1 텍스트에서 분리,text_only
SEOUL-GANGDONG-MYEONGIL-SM01-N05,SEOUL-GANGDONG-MYEONGIL-SM01,traditional_market,고덕전통시장,,,,SRC-V1-FRAMEONE,A,좌표·주소 확인 필요; v1 텍스트에서 분리,text_only
