market_id,official_area_code,official_area_name,official_area_type,official_base_year,geometry_version,relation_type,overlap_area_m2,market_overlap_ratio,official_overlap_ratio,confidence,source_id,checked_at,match_basis
SEOUL-JONGNO-GWANGHWAMUN-JONGNO,3120003,광화문역,발달상권,2024+ metric system; geometry file 2023-10,SEOUL_MARKET_SHP_2023-10-20,manual_review,,,,D,SRC-SEOUL-OA-15560,2026-08-27,name_keyword:광화문
SEOUL-JONGNO-GWANGHWAMUN-JONGNO,3001494,종로·청계 관광특구,관광특구,2024+ metric system; geometry file 2023-10,SEOUL_MARKET_SHP_2023-10-20,manual_review,,,,D,SRC-SEOUL-OA-15560,2026-08-27,name_keyword:종로
SEOUL-JONGNO-GWANGHWAMUN-JONGNO,3110026,종로5가역 4번,골목상권,2024+ metric system; geometry file 2023-10,SEOUL_MARKET_SHP_2023-10-20,manual_review,,,,D,SRC-SEOUL-OA-15560,2026-08-27,name_keyword:종로
SEOUL-JONGNO-GWANGHWAMUN-JONGNO,3120004,종로구청,발달상권,2024+ metric system; geometry file 2023-10,SEOUL_MARKET_SHP_2023-10-20,manual_review,,,,D,SRC-SEOUL-OA-15560,2026-08-27,name_keyword:종로
SEOUL-JONGNO-GWANGHWAMUN-JONGNO,3120006,종각역,발달상권,2024+ metric system; geometry file 2023-10,SEOUL_MARKET_SHP_2023-10-20,manual_review,,,,D,SRC-SEOUL-OA-15560,2026-08-27,name_keyword:종각
SEOUL-JONGNO-GWANGHWAMUN-JONGNO,3120009,종로3가역,발달상권,2024+ metric system; geometry file 2023-10,SEOUL_MARKET_SHP_2023-10-20,manual_review,,,,D,SRC-SEOUL-OA-15560,2026-08-27,name_keyword:종로
SEOUL-JONGNO-GWANGHWAMUN-JONGNO,3120011,종로4가,발달상권,2024+ metric system; geometry file 2023-10,SEOUL_MARKET_SHP_2023-10-20,manual_review,,,,D,SRC-SEOUL-OA-15560,2026-08-27,name_keyword:종로
SEOUL-JONGNO-GWANGHWAMUN-JONGNO,3120014,종로5가역,발달상권,2024+ metric system; geometry file 2023-10,SEOUL_MARKET_SHP_2023-10-20,manual_review,,,,D,SRC-SEOUL-OA-15560,2026-08-27,name_keyword:종로
SEOUL-JONGNO-INSADONG-IKSEON,3120009,종로3가역,발달상권,2024+ metric system; geometry file 2023-10,SEOUL_MARKET_SHP_2023-10-20,manual_review,,,,C,SRC-SEOUL-OA-15560,2026-08-27,name_keyword:종로3가
SEOUL-JONGNO-INSADONG-IKSEON,3120008,인사동,발달상권,2024+ metric system; geometry file 2023-10,SEOUL_MARKET_SHP_2023-10-20,manual_review,,,,D,SRC-SEOUL-OA-15560,2026-08-27,name_keyword:인사동
SEOUL-JONGNO-INSADONG-IKSEON,3120007,북촌(안국역),발달상권,2024+ metric system; geometry file 2023-10,SEOUL_MARKET_SHP_2023-10-20,manual_review,,,,D,SRC-SEOUL-OA-15560,2026-08-27,name_keyword:안국
SEOUL-JONGNO-SAMCHEONG-BUKCHON,3120007,북촌(안국역),발달상권,2024+ metric system; geometry file 2023-10,SEOUL_MARKET_SHP_2023-10-20,manual_review,,,,C,SRC-SEOUL-OA-15560,2026-08-27,name_keyword:북촌|안국
SEOUL-JONGNO-SAMCHEONG-BUKCHON,3120005,삼청동,발달상권,2024+ metric system; geometry file 2023-10,SEOUL_MARKET_SHP_2023-10-20,manual_review,,,,D,SRC-SEOUL-OA-15560,2026-08-27,name_keyword:삼청
SEOUL-JONGNO-DAEHANGNO,3120012,대학로(혜화역),발달상권,2024+ metric system; geometry file 2023-10,SEOUL_MARKET_SHP_2023-10-20,manual_review,,,,C,SRC-SEOUL-OA-15560,2026-08-27,name_keyword:대학로|혜화역|혜화
SEOUL-JONGNO-DAEHANGNO,3110027,혜화역 1번,골목상권,2024+ metric system; geometry file 2023-10,SEOUL_MARKET_SHP_2023-10-20,manual_review,,,,C,SRC-SEOUL-OA-15560,2026-08-27,name_keyword:혜화역|혜화
SEOUL-JONGNO-DAEHANGNO,3110021,성균관대학교,골목상권,2024+ metric system; geometry file 2023-10,SEOUL_MARKET_SHP_2023-10-20,manual_review,,,,C,SRC-SEOUL-OA-15560,2026-08-27,name_keyword:성균관대
SEOUL-JONGNO-SEOCHON-GYEONGBOK,3120002,서촌(경복궁역),발달상권,2024+ metric system; geometry file 2023-10,SEOUL_MARKET_SHP_2023-10-20,manual_review,,,,C,SRC-SEOUL-OA-15560,2026-08-27,name_keyword:서촌|경복궁
SEOUL-JONGNO-SEOCHON-GYEONGBOK,3130001,통인시장,전통시장,2024+ metric system; geometry file 2023-10,SEOUL_MARKET_SHP_2023-10-20,manual_review,,,,C,SRC-SEOUL-OA-15560,2026-08-27,name_keyword:통인시장
SEOUL-JONGNO-SEOCHON-GYEONGBOK,3130002,세종마을음식문화거리(금천교시장),전통시장,2024+ metric system; geometry file 2023-10,SEOUL_MARKET_SHP_2023-10-20,manual_review,,,,C,SRC-SEOUL-OA-15560,2026-08-27,name_keyword:세종마을
SEOUL-JONGNO-DONGDAEMUN-CHANGSIN,3110029,동대문역 1번,골목상권,2024+ metric system; geometry file 2023-10,SEOUL_MARKET_SHP_2023-10-20,manual_review,,,,C,SRC-SEOUL-OA-15560,2026-08-27,name_keyword:동대문|동대문역
SEOUL-JONGNO-DONGDAEMUN-CHANGSIN,3110030,동대문역 3번,골목상권,2024+ metric system; geometry file 2023-10,SEOUL_MARKET_SHP_2023-10-20,manual_review,,,,C,SRC-SEOUL-OA-15560,2026-08-27,name_keyword:동대문|동대문역
SEOUL-JONGNO-DONGDAEMUN-CHANGSIN,3120016,동대문역,발달상권,2024+ metric system; geometry file 2023-10,SEOUL_MARKET_SHP_2023-10-20,manual_review,,,,C,SRC-SEOUL-OA-15560,2026-08-27,name_keyword:동대문|동대문역
SEOUL-JONGNO-DONGDAEMUN-CHANGSIN,3110035,동묘앞역 2번,골목상권,2024+ metric system; geometry file 2023-10,SEOUL_MARKET_SHP_2023-10-20,manual_review,,,,D,SRC-SEOUL-OA-15560,2026-08-27,name_keyword:동묘앞
SEOUL-JONGNO-DONGDAEMUN-CHANGSIN,3110036,동묘앞역 3번,골목상권,2024+ metric system; geometry file 2023-10,SEOUL_MARKET_SHP_2023-10-20,manual_review,,,,D,SRC-SEOUL-OA-15560,2026-08-27,name_keyword:동묘앞
SEOUL-JONGNO-DONGDAEMUN-CHANGSIN,3120017,동묘앞역(동묘),발달상권,2024+ metric system; geometry file 2023-10,SEOUL_MARKET_SHP_2023-10-20,manual_review,,,,D,SRC-SEOUL-OA-15560,2026-08-27,name_keyword:동묘앞
SEOUL-JONGNO-DONGDAEMUN-CHANGSIN,3130012,"동대문종합시장(동대문종합시장 신관, 동대문종합시장D동상가)",전통시장,2024+ metric system; geometry file 2023-10,SEOUL_MARKET_SHP_2023-10-20,manual_review,,,,D,SRC-SEOUL-OA-15560,2026-08-27,name_keyword:동대문
SEOUL-JONGNO-DONGDAEMUN-CHANGSIN,3130013,동대문상가A동,전통시장,2024+ metric system; geometry file 2023-10,SEOUL_MARKET_SHP_2023-10-20,manual_review,,,,D,SRC-SEOUL-OA-15560,2026-08-27,name_keyword:동대문
SEOUL-JONGNO-BUAM-PYEONGCHANG,3110006,부암동주민센터,골목상권,2024+ metric system; geometry file 2023-10,SEOUL_MARKET_SHP_2023-10-20,manual_review,,,,C,SRC-SEOUL-OA-15560,2026-08-27,name_keyword:부암|부암동|주민센터
SEOUL-JONGNO-BUAM-PYEONGCHANG,3110010,평창동서측,골목상권,2024+ metric system; geometry file 2023-10,SEOUL_MARKET_SHP_2023-10-20,manual_review,,,,C,SRC-SEOUL-OA-15560,2026-08-27,name_keyword:평창|평창동
SEOUL-JONGNO-BUAM-PYEONGCHANG,3110016,평창동동측,골목상권,2024+ metric system; geometry file 2023-10,SEOUL_MARKET_SHP_2023-10-20,manual_review,,,,C,SRC-SEOUL-OA-15560,2026-08-27,name_keyword:평창|평창동
SEOUL-JONGNO-BUAM-PYEONGCHANG,3110024,혜회동주민센터,골목상권,2024+ metric system; geometry file 2023-10,SEOUL_MARKET_SHP_2023-10-20,manual_review,,,,C,SRC-SEOUL-OA-15560,2026-08-27,name_keyword:주민센터
SEOUL-JONGNO-BUAM-PYEONGCHANG,3110034,창신1동주민센터,골목상권,2024+ metric system; geometry file 2023-10,SEOUL_MARKET_SHP_2023-10-20,manual_review,,,,C,SRC-SEOUL-OA-15560,2026-08-27,name_keyword:주민센터
SEOUL-JONGNO-BUAM-PYEONGCHANG,3120002,서촌(경복궁역),발달상권,2024+ metric system; geometry file 2023-10,SEOUL_MARKET_SHP_2023-10-20,manual_review,,,,D,SRC-SEOUL-OA-15560,2026-08-27,name_keyword:경복궁
SEOUL-JUNG-MYEONGDONG,3120026,을지로입구역,발달상권,2024+ metric system; geometry file 2023-10,SEOUL_MARKET_SHP_2023-10-20,manual_review,,,,C,SRC-SEOUL-OA-15560,2026-08-27,name_keyword:을지로입구
SEOUL-JUNG-MYEONGDONG,3001492,명동 남대문 북창동 다동 무교동 관광특구,관광특구,2024+ metric system; geometry file 2023-10,SEOUL_MARKET_SHP_2023-10-20,manual_review,,,,D,SRC-SEOUL-OA-15560,2026-08-27,name_keyword:명동
SEOUL-JUNG-MYEONGDONG,3120027,명동역(명동재미로),발달상권,2024+ metric system; geometry file 2023-10,SEOUL_MARKET_SHP_2023-10-20,manual_review,,,,D,SRC-SEOUL-OA-15560,2026-08-27,name_keyword:명동
SEOUL-JUNG-MYEONGDONG,3120028,명동(명동거리),발달상권,2024+ metric system; geometry file 2023-10,SEOUL_MARKET_SHP_2023-10-20,manual_review,,,,D,SRC-SEOUL-OA-15560,2026-08-27,name_keyword:명동
SEOUL-JUNG-EULJIRO,3120031,을지로3가역,발달상권,2024+ metric system; geometry file 2023-10,SEOUL_MARKET_SHP_2023-10-20,manual_review,,,,C,SRC-SEOUL-OA-15560,2026-08-27,name_keyword:을지로|을지로3가
SEOUL-JUNG-EULJIRO,3120033,을지로4가역,발달상권,2024+ metric system; geometry file 2023-10,SEOUL_MARKET_SHP_2023-10-20,manual_review,,,,C,SRC-SEOUL-OA-15560,2026-08-27,name_keyword:을지로|을지로4가
SEOUL-JUNG-EULJIRO,3120026,을지로입구역,발달상권,2024+ metric system; geometry file 2023-10,SEOUL_MARKET_SHP_2023-10-20,manual_review,,,,D,SRC-SEOUL-OA-15560,2026-08-27,name_keyword:을지로
SEOUL-JUNG-EULJIRO,3120029,을지로2가,발달상권,2024+ metric system; geometry file 2023-10,SEOUL_MARKET_SHP_2023-10-20,manual_review,,,,D,SRC-SEOUL-OA-15560,2026-08-27,name_keyword:을지로
SEOUL-JUNG-NAMDAEMUN,3130022,숭례문수입상가(남대문시장),전통시장,2024+ metric system; geometry file 2023-10,SEOUL_MARKET_SHP_2023-10-20,manual_review,,,,C,SRC-SEOUL-OA-15560,2026-08-27,name_keyword:남대문|남대문시장|숭례문
SEOUL-JUNG-NAMDAEMUN,3130024,남대문시장(자유상가),전통시장,2024+ metric system; geometry file 2023-10,SEOUL_MARKET_SHP_2023-10-20,manual_review,,,,C,SRC-SEOUL-OA-15560,2026-08-27,name_keyword:남대문|남대문시장
SEOUL-JUNG-NAMDAEMUN,3130025,삼익패션타운(남대문시장),전통시장,2024+ metric system; geometry file 2023-10,SEOUL_MARKET_SHP_2023-10-20,manual_review,,,,C,SRC-SEOUL-OA-15560,2026-08-27,name_keyword:남대문|남대문시장
SEOUL-JUNG-NAMDAEMUN,3110039,회현역 1번,골목상권,2024+ metric system; geometry file 2023-10,SEOUL_MARKET_SHP_2023-10-20,manual_review,,,,C,SRC-SEOUL-OA-15560,2026-08-27,name_keyword:회현역|회현
SEOUL-JUNG-NAMDAEMUN,3120024,회현역,발달상권,2024+ metric system; geometry file 2023-10,SEOUL_MARKET_SHP_2023-10-20,manual_review,,,,C,SRC-SEOUL-OA-15560,2026-08-27,name_keyword:회현역|회현
SEOUL-JUNG-NAMDAEMUN,3001492,명동 남대문 북창동 다동 무교동 관광특구,관광특구,2024+ metric system; geometry file 2023-10,SEOUL_MARKET_SHP_2023-10-20,manual_review,,,,D,SRC-SEOUL-OA-15560,2026-08-27,name_keyword:남대문
SEOUL-JUNG-NAMDAEMUN,3110040,중구회현체육센터(정화예술대남산캠퍼스),골목상권,2024+ metric system; geometry file 2023-10,SEOUL_MARKET_SHP_2023-10-20,manual_review,,,,D,SRC-SEOUL-OA-15560,2026-08-27,name_keyword:회현
SEOUL-JUNG-DONGDAEMUN-FASHION,3110045,동대문역사문화공원역 5번,골목상권,2024+ metric system; geometry file 2023-10,SEOUL_MARKET_SHP_2023-10-20,manual_review,,,,C,SRC-SEOUL-OA-15560,2026-08-27,name_keyword:동대문역사문화공원|동대문
SEOUL-JUNG-DONGDAEMUN-FASHION,3120037,동대문역사문화공원역,발달상권,2024+ metric system; geometry file 2023-10,SEOUL_MARKET_SHP_2023-10-20,manual_review,,,,C,SRC-SEOUL-OA-15560,2026-08-27,name_keyword:동대문역사문화공원|동대문
SEOUL-JUNG-DONGDAEMUN-FASHION,3001493,동대문패션타운 관광특구,관광특구,2024+ metric system; geometry file 2023-10,SEOUL_MARKET_SHP_2023-10-20,manual_review,,,,C,SRC-SEOUL-OA-15560,2026-08-27,name_keyword:동대문패션타운|동대문
SEOUL-JUNG-DONGDAEMUN-FASHION,3130038,"평화시장(통일상가, 동화상가)",전통시장,2024+ metric system; geometry file 2023-10,SEOUL_MARKET_SHP_2023-10-20,manual_review,,,,C,SRC-SEOUL-OA-15560,2026-08-27,name_keyword:평화시장
SEOUL-JUNG-DONGDAEMUN-FASHION,3130048,동평화시장,전통시장,2024+ metric system; geometry file 2023-10,SEOUL_MARKET_SHP_2023-10-20,manual_review,,,,C,SRC-SEOUL-OA-15560,2026-08-27,name_keyword:평화시장
SEOUL-JUNG-DONGDAEMUN-FASHION,3130050,청평화시장,전통시장,2024+ metric system; geometry file 2023-10,SEOUL_MARKET_SHP_2023-10-20,manual_review,,,,C,SRC-SEOUL-OA-15560,2026-08-27,name_keyword:평화시장
SEOUL-JUNG-DONGDAEMUN-FASHION,3130327,"평화시장(남평화시장, 제일평화시장, 신평화패션타운)",전통시장,2024+ metric system; geometry file 2023-10,SEOUL_MARKET_SHP_2023-10-20,manual_review,,,,C,SRC-SEOUL-OA-15560,2026-08-27,name_keyword:평화시장
SEOUL-JUNG-SEOULSTN,3120043,서울역,발달상권,2024+ metric system; geometry file 2023-10,SEOUL_MARKET_SHP_2023-10-20,manual_review,,,,C,SRC-SEOUL-OA-15560,2026-08-27,name_keyword:서울역|서울
SEOUL-JUNG-SEOULSTN,3120023,서울시청,발달상권,2024+ metric system; geometry file 2023-10,SEOUL_MARKET_SHP_2023-10-20,manual_review,,,,D,SRC-SEOUL-OA-15560,2026-08-27,name_keyword:서울
SEOUL-JUNG-SEOULSTN,3130052,서울중앙시장(신중앙시장),전통시장,2024+ metric system; geometry file 2023-10,SEOUL_MARKET_SHP_2023-10-20,manual_review,,,,D,SRC-SEOUL-OA-15560,2026-08-27,name_keyword:서울
SEOUL-JUNG-SEOULSTN,3130055,"황학시장(서울중앙시장, 신중앙시장)",전통시장,2024+ metric system; geometry file 2023-10,SEOUL_MARKET_SHP_2023-10-20,manual_review,,,,D,SRC-SEOUL-OA-15560,2026-08-27,name_keyword:서울
SEOUL-JUNG-CITYHALL-BUKCHANG,3001492,명동 남대문 북창동 다동 무교동 관광특구,관광특구,2024+ metric system; geometry file 2023-10,SEOUL_MARKET_SHP_2023-10-20,manual_review,,,,C,SRC-SEOUL-OA-15560,2026-08-27,name_keyword:북창|북창동|무교동
SEOUL-JUNG-CITYHALL-BUKCHANG,3120022,북창동(시청역_6번),발달상권,2024+ metric system; geometry file 2023-10,SEOUL_MARKET_SHP_2023-10-20,manual_review,,,,C,SRC-SEOUL-OA-15560,2026-08-27,name_keyword:시청|북창|북창동
SEOUL-JUNG-CITYHALL-BUKCHANG,3120023,서울시청,발달상권,2024+ metric system; geometry file 2023-10,SEOUL_MARKET_SHP_2023-10-20,manual_review,,,,C,SRC-SEOUL-OA-15560,2026-08-27,name_keyword:시청|서울시청
SEOUL-JUNG-CITYHALL-BUKCHANG,3120020,시청역_1번,발달상권,2024+ metric system; geometry file 2023-10,SEOUL_MARKET_SHP_2023-10-20,manual_review,,,,D,SRC-SEOUL-OA-15560,2026-08-27,name_keyword:시청
SEOUL-JUNG-CITYHALL-BUKCHANG,3120021,시청역_8번,발달상권,2024+ metric system; geometry file 2023-10,SEOUL_MARKET_SHP_2023-10-20,manual_review,,,,D,SRC-SEOUL-OA-15560,2026-08-27,name_keyword:시청
SEOUL-JUNG-CITYHALL-BUKCHANG,3120025,롯데백화점(시청광장 지하쇼핑센터),발달상권,2024+ metric system; geometry file 2023-10,SEOUL_MARKET_SHP_2023-10-20,manual_review,,,,D,SRC-SEOUL-OA-15560,2026-08-27,name_keyword:시청
SEOUL-JUNG-SINDANG-YAKSU,3110050,약수역 7번,골목상권,2024+ metric system; geometry file 2023-10,SEOUL_MARKET_SHP_2023-10-20,manual_review,,,,C,SRC-SEOUL-OA-15560,2026-08-27,name_keyword:약수|약수역
SEOUL-JUNG-SINDANG-YAKSU,3120038,약수역,발달상권,2024+ metric system; geometry file 2023-10,SEOUL_MARKET_SHP_2023-10-20,manual_review,,,,C,SRC-SEOUL-OA-15560,2026-08-27,name_keyword:약수|약수역
SEOUL-JUNG-SINDANG-YAKSU,3130052,서울중앙시장(신중앙시장),전통시장,2024+ metric system; geometry file 2023-10,SEOUL_MARKET_SHP_2023-10-20,manual_review,,,,C,SRC-SEOUL-OA-15560,2026-08-27,name_keyword:중앙시장
SEOUL-JUNG-SINDANG-YAKSU,3130055,"황학시장(서울중앙시장, 신중앙시장)",전통시장,2024+ metric system; geometry file 2023-10,SEOUL_MARKET_SHP_2023-10-20,manual_review,,,,C,SRC-SEOUL-OA-15560,2026-08-27,name_keyword:중앙시장
SEOUL-JUNG-SINDANG-YAKSU,3110056,신당역 3번,골목상권,2024+ metric system; geometry file 2023-10,SEOUL_MARKET_SHP_2023-10-20,manual_review,,,,D,SRC-SEOUL-OA-15560,2026-08-27,name_keyword:신당
SEOUL-JUNG-SINDANG-YAKSU,3120039,신당역,발달상권,2024+ metric system; geometry file 2023-10,SEOUL_MARKET_SHP_2023-10-20,manual_review,,,,D,SRC-SEOUL-OA-15560,2026-08-27,name_keyword:신당
SEOUL-JUNG-SINDANG-YAKSU,3130042,약수시장,전통시장,2024+ metric system; geometry file 2023-10,SEOUL_MARKET_SHP_2023-10-20,manual_review,,,,D,SRC-SEOUL-OA-15560,2026-08-27,name_keyword:약수
SEOUL-JUNG-SINDANG-YAKSU,3130049,신당 미래유산 먹거리 골목형상점가,전통시장,2024+ metric system; geometry file 2023-10,SEOUL_MARKET_SHP_2023-10-20,manual_review,,,,D,SRC-SEOUL-OA-15560,2026-08-27,name_keyword:신당
SEOUL-YONGSAN-ITAEWON,3110086,이태원역 북측,골목상권,2024+ metric system; geometry file 2023-10,SEOUL_MARKET_SHP_2023-10-20,manual_review,,,,C,SRC-SEOUL-OA-15560,2026-08-27,name_keyword:이태원|이태원역
SEOUL-YONGSAN-ITAEWON,3120046,이태원(이태원역),발달상권,2024+ metric system; geometry file 2023-10,SEOUL_MARKET_SHP_2023-10-20,manual_review,,,,C,SRC-SEOUL-OA-15560,2026-08-27,name_keyword:이태원|이태원역
SEOUL-YONGSAN-ITAEWON,3001491,이태원 관광특구,관광특구,2024+ metric system; geometry file 2023-10,SEOUL_MARKET_SHP_2023-10-20,manual_review,,,,D,SRC-SEOUL-OA-15560,2026-08-27,name_keyword:이태원
SEOUL-YONGSAN-ITAEWON,3110087,이태원엔틱가구거리,골목상권,2024+ metric system; geometry file 2023-10,SEOUL_MARKET_SHP_2023-10-20,manual_review,,,,D,SRC-SEOUL-OA-15560,2026-08-27,name_keyword:이태원
SEOUL-YONGSAN-ITAEWON,3130061,이태원시장,전통시장,2024+ metric system; geometry file 2023-10,SEOUL_MARKET_SHP_2023-10-20,manual_review,,,,D,SRC-SEOUL-OA-15560,2026-08-27,name_keyword:이태원
SEOUL-YONGSAN-HANNAM,3120047,한남오거리,발달상권,2024+ metric system; geometry file 2023-10,SEOUL_MARKET_SHP_2023-10-20,manual_review,,,,C,SRC-SEOUL-OA-15560,2026-08-27,name_keyword:한남|한남오거리
SEOUL-YONGSAN-HANNAM,3110091,리움미술관,골목상권,2024+ metric system; geometry file 2023-10,SEOUL_MARKET_SHP_2023-10-20,manual_review,,,,C,SRC-SEOUL-OA-15560,2026-08-27,name_keyword:리움미술관
SEOUL-YONGSAN-HANNAM,3110095,한강진역 3번,골목상권,2024+ metric system; geometry file 2023-10,SEOUL_MARKET_SHP_2023-10-20,manual_review,,,,D,SRC-SEOUL-OA-15560,2026-08-27,name_keyword:한강진
SEOUL-YONGSAN-HANNAM,3110096,한남힐사이드아파트,골목상권,2024+ metric system; geometry file 2023-10,SEOUL_MARKET_SHP_2023-10-20,manual_review,,,,D,SRC-SEOUL-OA-15560,2026-08-27,name_keyword:한남
SEOUL-YONGSAN-HANNAM,3110097,한남초등학교,골목상권,2024+ metric system; geometry file 2023-10,SEOUL_MARKET_SHP_2023-10-20,manual_review,,,,D,SRC-SEOUL-OA-15560,2026-08-27,name_keyword:한남
SEOUL-YONGSAN-HAEBANGCHON-GYEONGNIDAN,3110084,경리단길북측,골목상권,2024+ metric system; geometry file 2023-10,SEOUL_MARKET_SHP_2023-10-20,manual_review,,,,C,SRC-SEOUL-OA-15560,2026-08-27,name_keyword:경리단|경리단길
SEOUL-YONGSAN-HAEBANGCHON-GYEONGNIDAN,3110085,경리단길남측,골목상권,2024+ metric system; geometry file 2023-10,SEOUL_MARKET_SHP_2023-10-20,manual_review,,,,C,SRC-SEOUL-OA-15560,2026-08-27,name_keyword:경리단|경리단길
SEOUL-YONGSAN-HAEBANGCHON-GYEONGNIDAN,3130060,신흥시장,전통시장,2024+ metric system; geometry file 2023-10,SEOUL_MARKET_SHP_2023-10-20,manual_review,,,,C,SRC-SEOUL-OA-15560,2026-08-27,name_keyword:신흥시장
SEOUL-YONGSAN-HAEBANGCHON-GYEONGNIDAN,3110080,해방촌예술마을,골목상권,2024+ metric system; geometry file 2023-10,SEOUL_MARKET_SHP_2023-10-20,manual_review,,,,D,SRC-SEOUL-OA-15560,2026-08-27,name_keyword:해방촌
SEOUL-YONGSAN-HAEBANGCHON-GYEONGNIDAN,3110081,해방촌 남동측,골목상권,2024+ metric system; geometry file 2023-10,SEOUL_MARKET_SHP_2023-10-20,manual_review,,,,D,SRC-SEOUL-OA-15560,2026-08-27,name_keyword:해방촌
SEOUL-YONGSAN-YONGLIDAN-SINYONGSAN,3110073,삼각지역 3번,골목상권,2024+ metric system; geometry file 2023-10,SEOUL_MARKET_SHP_2023-10-20,manual_review,,,,C,SRC-SEOUL-OA-15560,2026-08-27,name_keyword:삼각지역|삼각지
SEOUL-YONGSAN-YONGLIDAN-SINYONGSAN,3110076,삼각지역 14번,골목상권,2024+ metric system; geometry file 2023-10,SEOUL_MARKET_SHP_2023-10-20,manual_review,,,,C,SRC-SEOUL-OA-15560,2026-08-27,name_keyword:삼각지역|삼각지
SEOUL-YONGSAN-YONGLIDAN-SINYONGSAN,3120041,신용산역(용산역),발달상권,2024+ metric system; geometry file 2023-10,SEOUL_MARKET_SHP_2023-10-20,manual_review,,,,C,SRC-SEOUL-OA-15560,2026-08-27,name_keyword:신용산|신용산역
SEOUL-YONGSAN-YONGLIDAN-SINYONGSAN,3120044,삼각지역,발달상권,2024+ metric system; geometry file 2023-10,SEOUL_MARKET_SHP_2023-10-20,manual_review,,,,C,SRC-SEOUL-OA-15560,2026-08-27,name_keyword:삼각지역|삼각지
SEOUL-YONGSAN-YONGSANSTN,3120040,용산전자상가(용산역),발달상권,2024+ metric system; geometry file 2023-10,SEOUL_MARKET_SHP_2023-10-20,manual_review,,,,C,SRC-SEOUL-OA-15560,2026-08-27,name_keyword:용산역|용산|전자상가
SEOUL-YONGSAN-YONGSANSTN,3120041,신용산역(용산역),발달상권,2024+ metric system; geometry file 2023-10,SEOUL_MARKET_SHP_2023-10-20,manual_review,,,,C,SRC-SEOUL-OA-15560,2026-08-27,name_keyword:용산역|용산
SEOUL-YONGSAN-YONGSANSTN,3110070,용산세무서,골목상권,2024+ metric system; geometry file 2023-10,SEOUL_MARKET_SHP_2023-10-20,manual_review,,,,D,SRC-SEOUL-OA-15560,2026-08-27,name_keyword:용산
SEOUL-YONGSAN-YONGSANSTN,3110082,용산구청,골목상권,2024+ metric system; geometry file 2023-10,SEOUL_MARKET_SHP_2023-10-20,manual_review,,,,D,SRC-SEOUL-OA-15560,2026-08-27,name_keyword:용산
SEOUL-YONGSAN-YONGSANSTN,3130056,용산용문시장,전통시장,2024+ metric system; geometry file 2023-10,SEOUL_MARKET_SHP_2023-10-20,manual_review,,,,D,SRC-SEOUL-OA-15560,2026-08-27,name_keyword:용산
SEOUL-YONGSAN-NAMYEONG-SOOKMYUNG,3120042,"숙대입구역(남영역, 남영동)",발달상권,2024+ metric system; geometry file 2023-10,SEOUL_MARKET_SHP_2023-10-20,manual_review,,,,C,SRC-SEOUL-OA-15560,2026-08-27,name_keyword:남영|숙대|남영역|숙대입구
SEOUL-YONGSAN-NAMYEONG-SOOKMYUNG,3110069,숙대입구,골목상권,2024+ metric system; geometry file 2023-10,SEOUL_MARKET_SHP_2023-10-20,manual_review,,,,C,SRC-SEOUL-OA-15560,2026-08-27,name_keyword:숙대|숙대입구
SEOUL-YONGSAN-NAMYEONG-SOOKMYUNG,3110075,숙대입구역 1번,골목상권,2024+ metric system; geometry file 2023-10,SEOUL_MARKET_SHP_2023-10-20,manual_review,,,,C,SRC-SEOUL-OA-15560,2026-08-27,name_keyword:숙대|숙대입구
SEOUL-YONGSAN-NAMYEONG-SOOKMYUNG,3110068,남영역 1번,골목상권,2024+ metric system; geometry file 2023-10,SEOUL_MARKET_SHP_2023-10-20,manual_review,,,,C,SRC-SEOUL-OA-15560,2026-08-27,name_keyword:남영|남영역
SEOUL-YONGSAN-NAMYEONG-SOOKMYUNG,3120045,남영동 먹자골목,발달상권,2024+ metric system; geometry file 2023-10,SEOUL_MARKET_SHP_2023-10-20,manual_review,,,,D,SRC-SEOUL-OA-15560,2026-08-27,name_keyword:남영
SEOUL-YONGSAN-HYOCHANG-HUAM,3110060,효창공원앞역 6번,골목상권,2024+ metric system; geometry file 2023-10,SEOUL_MARKET_SHP_2023-10-20,manual_review,,,,C,SRC-SEOUL-OA-15560,2026-08-27,name_keyword:효창|효창공원앞
SEOUL-YONGSAN-HYOCHANG-HUAM,3110063,효창공원앞역 5번,골목상권,2024+ metric system; geometry file 2023-10,SEOUL_MARKET_SHP_2023-10-20,manual_review,,,,C,SRC-SEOUL-OA-15560,2026-08-27,name_keyword:효창|효창공원앞
SEOUL-YONGSAN-HYOCHANG-HUAM,3110064,효창공원앞역 2번,골목상권,2024+ metric system; geometry file 2023-10,SEOUL_MARKET_SHP_2023-10-20,manual_review,,,,C,SRC-SEOUL-OA-15560,2026-08-27,name_keyword:효창|효창공원앞
SEOUL-YONGSAN-HYOCHANG-HUAM,3130059,후암시장,전통시장,2024+ metric system; geometry file 2023-10,SEOUL_MARKET_SHP_2023-10-20,manual_review,,,,C,SRC-SEOUL-OA-15560,2026-08-27,name_keyword:후암|후암시장
SEOUL-YONGSAN-HYOCHANG-HUAM,3110066,서울역 15번,골목상권,2024+ metric system; geometry file 2023-10,SEOUL_MARKET_SHP_2023-10-20,manual_review,,,,C,SRC-SEOUL-OA-15560,2026-08-27,name_keyword:서울역|서울
SEOUL-YONGSAN-HYOCHANG-HUAM,3110074,서울역 12번,골목상권,2024+ metric system; geometry file 2023-10,SEOUL_MARKET_SHP_2023-10-20,manual_review,,,,C,SRC-SEOUL-OA-15560,2026-08-27,name_keyword:서울역|서울
SEOUL-YONGSAN-HYOCHANG-HUAM,3110061,효창동주민센터,골목상권,2024+ metric system; geometry file 2023-10,SEOUL_MARKET_SHP_2023-10-20,manual_review,,,,D,SRC-SEOUL-OA-15560,2026-08-27,name_keyword:효창
SEOUL-YONGSAN-HYOCHANG-HUAM,3110079,후암동주민센터,골목상권,2024+ metric system; geometry file 2023-10,SEOUL_MARKET_SHP_2023-10-20,manual_review,,,,D,SRC-SEOUL-OA-15560,2026-08-27,name_keyword:후암
SEOUL-SEONGDONG-SEONGSU,3120052,성수역,발달상권,2024+ metric system; geometry file 2023-10,SEOUL_MARKET_SHP_2023-10-20,manual_review,,,,C,SRC-SEOUL-OA-15560,2026-08-27,name_keyword:성수|성수역
SEOUL-SEONGDONG-SEONGSU,3130071,성수역 골목형상점가,전통시장,2024+ metric system; geometry file 2023-10,SEOUL_MARKET_SHP_2023-10-20,manual_review,,,,C,SRC-SEOUL-OA-15560,2026-08-27,name_keyword:성수|성수역
SEOUL-SEONGDONG-SEONGSU,3110124,뚝섬역교차로,골목상권,2024+ metric system; geometry file 2023-10,SEOUL_MARKET_SHP_2023-10-20,manual_review,,,,D,SRC-SEOUL-OA-15560,2026-08-27,name_keyword:뚝섬
SEOUL-SEONGDONG-SEONGSU,3110127,성수1가1동주민센터,골목상권,2024+ metric system; geometry file 2023-10,SEOUL_MARKET_SHP_2023-10-20,manual_review,,,,D,SRC-SEOUL-OA-15560,2026-08-27,name_keyword:성수
SEOUL-SEONGDONG-SEONGSU,3110131,성수동카페거리,골목상권,2024+ metric system; geometry file 2023-10,SEOUL_MARKET_SHP_2023-10-20,manual_review,,,,D,SRC-SEOUL-OA-15560,2026-08-27,name_keyword:성수
SEOUL-SEONGDONG-SEONGSU,3110132,성수2가3동주민센터,골목상권,2024+ metric system; geometry file 2023-10,SEOUL_MARKET_SHP_2023-10-20,manual_review,,,,D,SRC-SEOUL-OA-15560,2026-08-27,name_keyword:성수
SEOUL-SEONGDONG-SEONGSU,3110134,성수119안전센터,골목상권,2024+ metric system; geometry file 2023-10,SEOUL_MARKET_SHP_2023-10-20,manual_review,,,,D,SRC-SEOUL-OA-15560,2026-08-27,name_keyword:성수
SEOUL-SEONGDONG-SEONGSU,3110137,성수초등학교,골목상권,2024+ metric system; geometry file 2023-10,SEOUL_MARKET_SHP_2023-10-20,manual_review,,,,D,SRC-SEOUL-OA-15560,2026-08-27,name_keyword:성수
SEOUL-SEONGDONG-SEOULFOREST,3110120,서울숲카페거리,골목상권,2024+ metric system; geometry file 2023-10,SEOUL_MARKET_SHP_2023-10-20,manual_review,,,,C,SRC-SEOUL-OA-15560,2026-08-27,name_keyword:서울숲|카페거리
SEOUL-SEONGDONG-SEOULFOREST,3110131,성수동카페거리,골목상권,2024+ metric system; geometry file 2023-10,SEOUL_MARKET_SHP_2023-10-20,manual_review,,,,C,SRC-SEOUL-OA-15560,2026-08-27,name_keyword:카페거리
SEOUL-SEONGDONG-SEOULFOREST,3110126,서울숲역 1번,골목상권,2024+ metric system; geometry file 2023-10,SEOUL_MARKET_SHP_2023-10-20,manual_review,,,,D,SRC-SEOUL-OA-15560,2026-08-27,name_keyword:서울숲
SEOUL-SEONGDONG-SEOULFOREST,3120050,서울숲역,발달상권,2024+ metric system; geometry file 2023-10,SEOUL_MARKET_SHP_2023-10-20,manual_review,,,,D,SRC-SEOUL-OA-15560,2026-08-27,name_keyword:서울숲
SEOUL-SEONGDONG-SEOULFOREST,3110124,뚝섬역교차로,골목상권,2024+ metric system; geometry file 2023-10,SEOUL_MARKET_SHP_2023-10-20,manual_review,,,,D,SRC-SEOUL-OA-15560,2026-08-27,name_keyword:뚝섬
SEOUL-SEONGDONG-SEOULFOREST,3120051,뚝섬역,발달상권,2024+ metric system; geometry file 2023-10,SEOUL_MARKET_SHP_2023-10-20,manual_review,,,,D,SRC-SEOUL-OA-15560,2026-08-27,name_keyword:뚝섬
SEOUL-SEONGDONG-SEOULFOREST,3130070,뚝섬역상점가,전통시장,2024+ metric system; geometry file 2023-10,SEOUL_MARKET_SHP_2023-10-20,manual_review,,,,D,SRC-SEOUL-OA-15560,2026-08-27,name_keyword:뚝섬
SEOUL-SEONGDONG-WANGSIMNI,3110110,상왕십리역 6번,골목상권,2024+ metric system; geometry file 2023-10,SEOUL_MARKET_SHP_2023-10-20,manual_review,,,,C,SRC-SEOUL-OA-15560,2026-08-27,name_keyword:왕십리|왕십리역
SEOUL-SEONGDONG-WANGSIMNI,3110115,상왕십리역 3번,골목상권,2024+ metric system; geometry file 2023-10,SEOUL_MARKET_SHP_2023-10-20,manual_review,,,,C,SRC-SEOUL-OA-15560,2026-08-27,name_keyword:왕십리|왕십리역
SEOUL-SEONGDONG-WANGSIMNI,3110118,왕십리역 9번,골목상권,2024+ metric system; geometry file 2023-10,SEOUL_MARKET_SHP_2023-10-20,manual_review,,,,C,SRC-SEOUL-OA-15560,2026-08-27,name_keyword:왕십리|왕십리역
SEOUL-SEONGDONG-WANGSIMNI,3120049,왕십리역(왕십리),발달상권,2024+ metric system; geometry file 2023-10,SEOUL_MARKET_SHP_2023-10-20,manual_review,,,,C,SRC-SEOUL-OA-15560,2026-08-27,name_keyword:왕십리|왕십리역
SEOUL-SEONGDONG-WANGSIMNI,3130066,행당시장상점가,전통시장,2024+ metric system; geometry file 2023-10,SEOUL_MARKET_SHP_2023-10-20,manual_review,,,,C,SRC-SEOUL-OA-15560,2026-08-27,name_keyword:행당시장
SEOUL-SEONGDONG-WANGSIMNI,3110114,왕십리파출소,골목상권,2024+ metric system; geometry file 2023-10,SEOUL_MARKET_SHP_2023-10-20,manual_review,,,,D,SRC-SEOUL-OA-15560,2026-08-27,name_keyword:왕십리
SEOUL-SEONGDONG-WANGSIMNI,3130067,왕십리도선동상점가,전통시장,2024+ metric system; geometry file 2023-10,SEOUL_MARKET_SHP_2023-10-20,manual_review,,,,D,SRC-SEOUL-OA-15560,2026-08-27,name_keyword:왕십리
SEOUL-SEONGDONG-WANGSIMNI,3130069,"한양대앞상점가(한양시장, 왕십리맛골목)",전통시장,2024+ metric system; geometry file 2023-10,SEOUL_MARKET_SHP_2023-10-20,manual_review,,,,D,SRC-SEOUL-OA-15560,2026-08-27,name_keyword:왕십리
SEOUL-SEONGDONG-HAENGDANG-HANYANG,3130066,행당시장상점가,전통시장,2024+ metric system; geometry file 2023-10,SEOUL_MARKET_SHP_2023-10-20,manual_review,,,,C,SRC-SEOUL-OA-15560,2026-08-27,name_keyword:행당|행당시장
SEOUL-SEONGDONG-HAENGDANG-HANYANG,3130069,"한양대앞상점가(한양시장, 왕십리맛골목)",전통시장,2024+ metric system; geometry file 2023-10,SEOUL_MARKET_SHP_2023-10-20,manual_review,,,,C,SRC-SEOUL-OA-15560,2026-08-27,name_keyword:한양대|왕십리
SEOUL-SEONGDONG-HAENGDANG-HANYANG,3110110,상왕십리역 6번,골목상권,2024+ metric system; geometry file 2023-10,SEOUL_MARKET_SHP_2023-10-20,manual_review,,,,D,SRC-SEOUL-OA-15560,2026-08-27,name_keyword:왕십리
SEOUL-SEONGDONG-HAENGDANG-HANYANG,3110114,왕십리파출소,골목상권,2024+ metric system; geometry file 2023-10,SEOUL_MARKET_SHP_2023-10-20,manual_review,,,,D,SRC-SEOUL-OA-15560,2026-08-27,name_keyword:왕십리
SEOUL-SEONGDONG-HAENGDANG-HANYANG,3110115,상왕십리역 3번,골목상권,2024+ metric system; geometry file 2023-10,SEOUL_MARKET_SHP_2023-10-20,manual_review,,,,D,SRC-SEOUL-OA-15560,2026-08-27,name_keyword:왕십리
SEOUL-SEONGDONG-HAENGDANG-HANYANG,3110118,왕십리역 9번,골목상권,2024+ metric system; geometry file 2023-10,SEOUL_MARKET_SHP_2023-10-20,manual_review,,,,D,SRC-SEOUL-OA-15560,2026-08-27,name_keyword:왕십리
SEOUL-SEONGDONG-HAENGDANG-HANYANG,3110121,한양대역 4번,골목상권,2024+ metric system; geometry file 2023-10,SEOUL_MARKET_SHP_2023-10-20,manual_review,,,,D,SRC-SEOUL-OA-15560,2026-08-27,name_keyword:한양대
SEOUL-SEONGDONG-HAENGDANG-HANYANG,3120049,왕십리역(왕십리),발달상권,2024+ metric system; geometry file 2023-10,SEOUL_MARKET_SHP_2023-10-20,manual_review,,,,D,SRC-SEOUL-OA-15560,2026-08-27,name_keyword:왕십리
SEOUL-SEONGDONG-GEUMHO-OKSU,3110102,옥수역 6번,골목상권,2024+ metric system; geometry file 2023-10,SEOUL_MARKET_SHP_2023-10-20,manual_review,,,,C,SRC-SEOUL-OA-15560,2026-08-27,name_keyword:옥수|옥수역
SEOUL-SEONGDONG-GEUMHO-OKSU,3110104,신금호역 4번,골목상권,2024+ metric system; geometry file 2023-10,SEOUL_MARKET_SHP_2023-10-20,manual_review,,,,C,SRC-SEOUL-OA-15560,2026-08-27,name_keyword:금호|금호역
SEOUL-SEONGDONG-GEUMHO-OKSU,3120048,금호역,발달상권,2024+ metric system; geometry file 2023-10,SEOUL_MARKET_SHP_2023-10-20,manual_review,,,,C,SRC-SEOUL-OA-15560,2026-08-27,name_keyword:금호|금호역
SEOUL-SEONGDONG-GEUMHO-OKSU,3130063,신금호역 골목형상점가,전통시장,2024+ metric system; geometry file 2023-10,SEOUL_MARKET_SHP_2023-10-20,manual_review,,,,C,SRC-SEOUL-OA-15560,2026-08-27,name_keyword:금호|금호역
SEOUL-SEONGDONG-GEUMHO-OKSU,3110100,옥수동우편취급국,골목상권,2024+ metric system; geometry file 2023-10,SEOUL_MARKET_SHP_2023-10-20,manual_review,,,,D,SRC-SEOUL-OA-15560,2026-08-27,name_keyword:옥수
SEOUL-SEONGDONG-GEUMHO-OKSU,3110103,옥수터널,골목상권,2024+ metric system; geometry file 2023-10,SEOUL_MARKET_SHP_2023-10-20,manual_review,,,,D,SRC-SEOUL-OA-15560,2026-08-27,name_keyword:옥수
SEOUL-SEONGDONG-GEUMHO-OKSU,3110107,금호사거리,골목상권,2024+ metric system; geometry file 2023-10,SEOUL_MARKET_SHP_2023-10-20,manual_review,,,,D,SRC-SEOUL-OA-15560,2026-08-27,name_keyword:금호
SEOUL-SEONGDONG-GEUMHO-OKSU,3110108,성동구립금호도서관,골목상권,2024+ metric system; geometry file 2023-10,SEOUL_MARKET_SHP_2023-10-20,manual_review,,,,D,SRC-SEOUL-OA-15560,2026-08-27,name_keyword:금호
SEOUL-SEONGDONG-MAJANG,3130068,마장축산물시장,전통시장,2024+ metric system; geometry file 2023-10,SEOUL_MARKET_SHP_2023-10-20,manual_review,,,,C,SRC-SEOUL-OA-15560,2026-08-27,name_keyword:마장|마장축산물시장
SEOUL-SEONGDONG-MAJANG,3110122,마장역 2번,골목상권,2024+ metric system; geometry file 2023-10,SEOUL_MARKET_SHP_2023-10-20,manual_review,,,,C,SRC-SEOUL-OA-15560,2026-08-27,name_keyword:마장|마장역
SEOUL-SEONGDONG-MAJANG,3110123,마장역 3번,골목상권,2024+ metric system; geometry file 2023-10,SEOUL_MARKET_SHP_2023-10-20,manual_review,,,,C,SRC-SEOUL-OA-15560,2026-08-27,name_keyword:마장|마장역
SEOUL-SEONGDONG-MAJANG,3110116,청계천박물관,골목상권,2024+ metric system; geometry file 2023-10,SEOUL_MARKET_SHP_2023-10-20,manual_review,,,,D,SRC-SEOUL-OA-15560,2026-08-27,name_keyword:청계천
SEOUL-SEONGDONG-MAJANG,3110119,마장지하차도,골목상권,2024+ metric system; geometry file 2023-10,SEOUL_MARKET_SHP_2023-10-20,manual_review,,,,D,SRC-SEOUL-OA-15560,2026-08-27,name_keyword:마장
SEOUL-GWANGJIN-KONKUK,3110140,건대입구역 6번,골목상권,2024+ metric system; geometry file 2023-10,SEOUL_MARKET_SHP_2023-10-20,manual_review,,,,C,SRC-SEOUL-OA-15560,2026-08-27,name_keyword:건대입구|건대입구역|건대
SEOUL-GWANGJIN-KONKUK,3110141,건대입구역 1번,골목상권,2024+ metric system; geometry file 2023-10,SEOUL_MARKET_SHP_2023-10-20,manual_review,,,,C,SRC-SEOUL-OA-15560,2026-08-27,name_keyword:건대입구|건대입구역|건대
SEOUL-GWANGJIN-KONKUK,3120053,건대입구역(건대),발달상권,2024+ metric system; geometry file 2023-10,SEOUL_MARKET_SHP_2023-10-20,manual_review,,,,C,SRC-SEOUL-OA-15560,2026-08-27,name_keyword:건대입구|건대입구역|건대
SEOUL-GWANGJIN-GUI-GANGBYEON,3120060,강변역(테크노마트),발달상권,2024+ metric system; geometry file 2023-10,SEOUL_MARKET_SHP_2023-10-20,manual_review,,,,C,SRC-SEOUL-OA-15560,2026-08-27,name_keyword:강변|강변역|테크노마트
SEOUL-GWANGJIN-GUI-GANGBYEON,3110159,구의역 4번,골목상권,2024+ metric system; geometry file 2023-10,SEOUL_MARKET_SHP_2023-10-20,manual_review,,,,C,SRC-SEOUL-OA-15560,2026-08-27,name_keyword:구의|구의역
SEOUL-GWANGJIN-GUI-GANGBYEON,3120056,구의역,발달상권,2024+ metric system; geometry file 2023-10,SEOUL_MARKET_SHP_2023-10-20,manual_review,,,,C,SRC-SEOUL-OA-15560,2026-08-27,name_keyword:구의|구의역
SEOUL-GWANGJIN-GUI-GANGBYEON,3110166,구의1동주민센터,골목상권,2024+ metric system; geometry file 2023-10,SEOUL_MARKET_SHP_2023-10-20,manual_review,,,,D,SRC-SEOUL-OA-15560,2026-08-27,name_keyword:구의
SEOUL-GWANGJIN-GUI-GANGBYEON,3120058,구의사거리,발달상권,2024+ metric system; geometry file 2023-10,SEOUL_MARKET_SHP_2023-10-20,manual_review,,,,D,SRC-SEOUL-OA-15560,2026-08-27,name_keyword:구의
SEOUL-GWANGJIN-GUI-GANGBYEON,3120059,구삼강변맛길,발달상권,2024+ metric system; geometry file 2023-10,SEOUL_MARKET_SHP_2023-10-20,manual_review,,,,D,SRC-SEOUL-OA-15560,2026-08-27,name_keyword:강변
SEOUL-GWANGJIN-JAYANG,3110140,건대입구역 6번,골목상권,2024+ metric system; geometry file 2023-10,SEOUL_MARKET_SHP_2023-10-20,manual_review,,,,C,SRC-SEOUL-OA-15560,2026-08-27,name_keyword:건대입구
SEOUL-GWANGJIN-JAYANG,3110141,건대입구역 1번,골목상권,2024+ metric system; geometry file 2023-10,SEOUL_MARKET_SHP_2023-10-20,manual_review,,,,C,SRC-SEOUL-OA-15560,2026-08-27,name_keyword:건대입구
SEOUL-GWANGJIN-JAYANG,3120053,건대입구역(건대),발달상권,2024+ metric system; geometry file 2023-10,SEOUL_MARKET_SHP_2023-10-20,manual_review,,,,C,SRC-SEOUL-OA-15560,2026-08-27,name_keyword:건대입구
SEOUL-GWANGJIN-JAYANG,3110139,자양4동주민센터,골목상권,2024+ metric system; geometry file 2023-10,SEOUL_MARKET_SHP_2023-10-20,manual_review,,,,D,SRC-SEOUL-OA-15560,2026-08-27,name_keyword:자양
SEOUL-GWANGJIN-JAYANG,3110151,자양한강도서관,골목상권,2024+ metric system; geometry file 2023-10,SEOUL_MARKET_SHP_2023-10-20,manual_review,,,,D,SRC-SEOUL-OA-15560,2026-08-27,name_keyword:자양
SEOUL-GWANGJIN-JAYANG,3110157,자양동우체국,골목상권,2024+ metric system; geometry file 2023-10,SEOUL_MARKET_SHP_2023-10-20,manual_review,,,,D,SRC-SEOUL-OA-15560,2026-08-27,name_keyword:자양
SEOUL-GWANGJIN-JAYANG,3130080,자양종합시장(기능상실),전통시장,2024+ metric system; geometry file 2023-10,SEOUL_MARKET_SHP_2023-10-20,manual_review,,,,D,SRC-SEOUL-OA-15560,2026-08-27,name_keyword:자양
SEOUL-GWANGJIN-JAYANG,3130081,자양골목전통시장(자양골목시장),전통시장,2024+ metric system; geometry file 2023-10,SEOUL_MARKET_SHP_2023-10-20,manual_review,,,,D,SRC-SEOUL-OA-15560,2026-08-27,name_keyword:자양
SEOUL-GWANGJIN-CHILDRENSPARK-SEJONG,3110144,어린이대공원역 4번,골목상권,2024+ metric system; geometry file 2023-10,SEOUL_MARKET_SHP_2023-10-20,manual_review,,,,C,SRC-SEOUL-OA-15560,2026-08-27,name_keyword:어린이대공원
SEOUL-GWANGJIN-CHILDRENSPARK-SEJONG,3110148,어린이대공원역 3번,골목상권,2024+ metric system; geometry file 2023-10,SEOUL_MARKET_SHP_2023-10-20,manual_review,,,,C,SRC-SEOUL-OA-15560,2026-08-27,name_keyword:어린이대공원
SEOUL-GWANGJIN-CHILDRENSPARK-SEJONG,3120054,어린이대공원역,발달상권,2024+ metric system; geometry file 2023-10,SEOUL_MARKET_SHP_2023-10-20,manual_review,,,,C,SRC-SEOUL-OA-15560,2026-08-27,name_keyword:어린이대공원
SEOUL-GWANGJIN-CHILDRENSPARK-SEJONG,3110149,세종대학교,골목상권,2024+ metric system; geometry file 2023-10,SEOUL_MARKET_SHP_2023-10-20,manual_review,,,,D,SRC-SEOUL-OA-15560,2026-08-27,name_keyword:세종대
SEOUL-GWANGJIN-CHILDRENSPARK-SEJONG,3130076,능동로골목시장,전통시장,2024+ metric system; geometry file 2023-10,SEOUL_MARKET_SHP_2023-10-20,manual_review,,,,D,SRC-SEOUL-OA-15560,2026-08-27,name_keyword:능동로
SEOUL-GWANGJIN-GUNJA-JUNGGOK,3130083,"중곡제일시장(중곡제일골목시장, 광성시장)",전통시장,2024+ metric system; geometry file 2023-10,SEOUL_MARKET_SHP_2023-10-20,manual_review,,,,C,SRC-SEOUL-OA-15560,2026-08-27,name_keyword:중곡|중곡제일시장
SEOUL-GWANGJIN-GUNJA-JUNGGOK,3110156,군자역 5번,골목상권,2024+ metric system; geometry file 2023-10,SEOUL_MARKET_SHP_2023-10-20,manual_review,,,,C,SRC-SEOUL-OA-15560,2026-08-27,name_keyword:군자|군자역
SEOUL-GWANGJIN-GUNJA-JUNGGOK,3110162,군자역 4번,골목상권,2024+ metric system; geometry file 2023-10,SEOUL_MARKET_SHP_2023-10-20,manual_review,,,,C,SRC-SEOUL-OA-15560,2026-08-27,name_keyword:군자|군자역
SEOUL-GWANGJIN-GUNJA-JUNGGOK,3120055,군자역,발달상권,2024+ metric system; geometry file 2023-10,SEOUL_MARKET_SHP_2023-10-20,manual_review,,,,C,SRC-SEOUL-OA-15560,2026-08-27,name_keyword:군자|군자역
SEOUL-GWANGJIN-GUNJA-JUNGGOK,3110150,중곡1동 마을마당,골목상권,2024+ metric system; geometry file 2023-10,SEOUL_MARKET_SHP_2023-10-20,manual_review,,,,D,SRC-SEOUL-OA-15560,2026-08-27,name_keyword:중곡
SEOUL-GWANGJIN-GUNJA-JUNGGOK,3110152,중곡어린이공원,골목상권,2024+ metric system; geometry file 2023-10,SEOUL_MARKET_SHP_2023-10-20,manual_review,,,,D,SRC-SEOUL-OA-15560,2026-08-27,name_keyword:중곡
SEOUL-GWANGJIN-GUNJA-JUNGGOK,3110153,중곡1동주민센터,골목상권,2024+ metric system; geometry file 2023-10,SEOUL_MARKET_SHP_2023-10-20,manual_review,,,,D,SRC-SEOUL-OA-15560,2026-08-27,name_keyword:중곡
SEOUL-GWANGJIN-GUNJA-JUNGGOK,3110158,중곡3동주민센터,골목상권,2024+ metric system; geometry file 2023-10,SEOUL_MARKET_SHP_2023-10-20,manual_review,,,,D,SRC-SEOUL-OA-15560,2026-08-27,name_keyword:중곡
SEOUL-DONGDAEMUN-CHEONGNYANGNI,3120063,청량리역(청량리),발달상권,2024+ metric system; geometry file 2023-10,SEOUL_MARKET_SHP_2023-10-20,manual_review,,,,C,SRC-SEOUL-OA-15560,2026-08-27,name_keyword:청량리|청량리역
SEOUL-DONGDAEMUN-CHEONGNYANGNI,3130089,청량리수산시장,전통시장,2024+ metric system; geometry file 2023-10,SEOUL_MARKET_SHP_2023-10-20,manual_review,,,,D,SRC-SEOUL-OA-15560,2026-08-27,name_keyword:청량리
SEOUL-DONGDAEMUN-CHEONGNYANGNI,3130090,청량리종합시장,전통시장,2024+ metric system; geometry file 2023-10,SEOUL_MARKET_SHP_2023-10-20,manual_review,,,,D,SRC-SEOUL-OA-15560,2026-08-27,name_keyword:청량리
SEOUL-DONGDAEMUN-CHEONGNYANGNI,3130092,청량리농수산물시장,전통시장,2024+ metric system; geometry file 2023-10,SEOUL_MARKET_SHP_2023-10-20,manual_review,,,,D,SRC-SEOUL-OA-15560,2026-08-27,name_keyword:청량리
SEOUL-DONGDAEMUN-CHEONGNYANGNI,3130094,청량리청과물시장,전통시장,2024+ metric system; geometry file 2023-10,SEOUL_MARKET_SHP_2023-10-20,manual_review,,,,D,SRC-SEOUL-OA-15560,2026-08-27,name_keyword:청량리
SEOUL-DONGDAEMUN-CHEONGNYANGNI,3130095,청량리전통시장,전통시장,2024+ metric system; geometry file 2023-10,SEOUL_MARKET_SHP_2023-10-20,manual_review,,,,D,SRC-SEOUL-OA-15560,2026-08-27,name_keyword:청량리
SEOUL-DONGDAEMUN-HOEGI-KYUNGHEE,3110215,회기역 1번,골목상권,2024+ metric system; geometry file 2023-10,SEOUL_MARKET_SHP_2023-10-20,manual_review,,,,C,SRC-SEOUL-OA-15560,2026-08-27,name_keyword:회기|회기역
SEOUL-DONGDAEMUN-HOEGI-KYUNGHEE,3110222,회기역 2번,골목상권,2024+ metric system; geometry file 2023-10,SEOUL_MARKET_SHP_2023-10-20,manual_review,,,,C,SRC-SEOUL-OA-15560,2026-08-27,name_keyword:회기|회기역
SEOUL-DONGDAEMUN-HOEGI-KYUNGHEE,3120065,회기역,발달상권,2024+ metric system; geometry file 2023-10,SEOUL_MARKET_SHP_2023-10-20,manual_review,,,,C,SRC-SEOUL-OA-15560,2026-08-27,name_keyword:회기|회기역
SEOUL-DONGDAEMUN-HOEGI-KYUNGHEE,3110205,경희대삼거리,골목상권,2024+ metric system; geometry file 2023-10,SEOUL_MARKET_SHP_2023-10-20,manual_review,,,,D,SRC-SEOUL-OA-15560,2026-08-27,name_keyword:경희대
SEOUL-DONGDAEMUN-HOEGI-KYUNGHEE,3110214,경희대후문,골목상권,2024+ metric system; geometry file 2023-10,SEOUL_MARKET_SHP_2023-10-20,manual_review,,,,D,SRC-SEOUL-OA-15560,2026-08-27,name_keyword:경희대
SEOUL-DONGDAEMUN-HOEGI-KYUNGHEE,3120064,경희대학교(경희대),발달상권,2024+ metric system; geometry file 2023-10,SEOUL_MARKET_SHP_2023-10-20,manual_review,,,,D,SRC-SEOUL-OA-15560,2026-08-27,name_keyword:경희대
SEOUL-DONGDAEMUN-HOEGI-KYUNGHEE,3130098,회기시장,전통시장,2024+ metric system; geometry file 2023-10,SEOUL_MARKET_SHP_2023-10-20,manual_review,,,,D,SRC-SEOUL-OA-15560,2026-08-27,name_keyword:회기
SEOUL-DONGDAEMUN-HUFS-IMUN,3110220,외대앞역 1번,골목상권,2024+ metric system; geometry file 2023-10,SEOUL_MARKET_SHP_2023-10-20,manual_review,,,,C,SRC-SEOUL-OA-15560,2026-08-27,name_keyword:외대앞|외대앞역
SEOUL-DONGDAEMUN-HUFS-IMUN,3110224,외대앞역 2번,골목상권,2024+ metric system; geometry file 2023-10,SEOUL_MARKET_SHP_2023-10-20,manual_review,,,,C,SRC-SEOUL-OA-15560,2026-08-27,name_keyword:외대앞|외대앞역
SEOUL-DONGDAEMUN-HUFS-IMUN,3130102,이문제일시장,전통시장,2024+ metric system; geometry file 2023-10,SEOUL_MARKET_SHP_2023-10-20,manual_review,,,,D,SRC-SEOUL-OA-15560,2026-08-27,name_keyword:이문
SEOUL-DONGDAEMUN-JANGAN-DAPSIMNI,3120067,장안동사거리,발달상권,2024+ metric system; geometry file 2023-10,SEOUL_MARKET_SHP_2023-10-20,manual_review,,,,C,SRC-SEOUL-OA-15560,2026-08-27,name_keyword:장안|장안동|사거리
SEOUL-DONGDAEMUN-JANGAN-DAPSIMNI,3110218,답십리사거리,골목상권,2024+ metric system; geometry file 2023-10,SEOUL_MARKET_SHP_2023-10-20,manual_review,,,,C,SRC-SEOUL-OA-15560,2026-08-27,name_keyword:답십리|사거리
SEOUL-DONGDAEMUN-JANGAN-DAPSIMNI,3110184,용두사거리,골목상권,2024+ metric system; geometry file 2023-10,SEOUL_MARKET_SHP_2023-10-20,manual_review,,,,D,SRC-SEOUL-OA-15560,2026-08-27,name_keyword:사거리
SEOUL-DONGDAEMUN-JANGAN-DAPSIMNI,3110190,고대앞사거리,골목상권,2024+ metric system; geometry file 2023-10,SEOUL_MARKET_SHP_2023-10-20,manual_review,,,,D,SRC-SEOUL-OA-15560,2026-08-27,name_keyword:사거리
SEOUL-DONGDAEMUN-JANGAN-DAPSIMNI,3110203,떡전교사거리,골목상권,2024+ metric system; geometry file 2023-10,SEOUL_MARKET_SHP_2023-10-20,manual_review,,,,D,SRC-SEOUL-OA-15560,2026-08-27,name_keyword:사거리
SEOUL-DONGDAEMUN-JANGAN-DAPSIMNI,3110207,시립대앞사거리,골목상권,2024+ metric system; geometry file 2023-10,SEOUL_MARKET_SHP_2023-10-20,manual_review,,,,D,SRC-SEOUL-OA-15560,2026-08-27,name_keyword:사거리
SEOUL-DONGDAEMUN-JANGAN-DAPSIMNI,3110209,답십리 장령당공원,골목상권,2024+ metric system; geometry file 2023-10,SEOUL_MARKET_SHP_2023-10-20,manual_review,,,,D,SRC-SEOUL-OA-15560,2026-08-27,name_keyword:답십리
SEOUL-DONGDAEMUN-JANGAN-DAPSIMNI,3110212,답십리초등학교,골목상권,2024+ metric system; geometry file 2023-10,SEOUL_MARKET_SHP_2023-10-20,manual_review,,,,D,SRC-SEOUL-OA-15560,2026-08-27,name_keyword:답십리
SEOUL-DONGDAEMUN-JEONNONG,3120063,청량리역(청량리),발달상권,2024+ metric system; geometry file 2023-10,SEOUL_MARKET_SHP_2023-10-20,manual_review,,,,D,SRC-SEOUL-OA-15560,2026-08-27,name_keyword:청량리
SEOUL-DONGDAEMUN-JEONNONG,3130089,청량리수산시장,전통시장,2024+ metric system; geometry file 2023-10,SEOUL_MARKET_SHP_2023-10-20,manual_review,,,,D,SRC-SEOUL-OA-15560,2026-08-27,name_keyword:청량리
SEOUL-DONGDAEMUN-JEONNONG,3130090,청량리종합시장,전통시장,2024+ metric system; geometry file 2023-10,SEOUL_MARKET_SHP_2023-10-20,manual_review,,,,D,SRC-SEOUL-OA-15560,2026-08-27,name_keyword:청량리
SEOUL-DONGDAEMUN-JEONNONG,3130092,청량리농수산물시장,전통시장,2024+ metric system; geometry file 2023-10,SEOUL_MARKET_SHP_2023-10-20,manual_review,,,,D,SRC-SEOUL-OA-15560,2026-08-27,name_keyword:청량리
SEOUL-DONGDAEMUN-JEONNONG,3130094,청량리청과물시장,전통시장,2024+ metric system; geometry file 2023-10,SEOUL_MARKET_SHP_2023-10-20,manual_review,,,,D,SRC-SEOUL-OA-15560,2026-08-27,name_keyword:청량리
SEOUL-DONGDAEMUN-JEONNONG,3130095,청량리전통시장,전통시장,2024+ metric system; geometry file 2023-10,SEOUL_MARKET_SHP_2023-10-20,manual_review,,,,D,SRC-SEOUL-OA-15560,2026-08-27,name_keyword:청량리
SEOUL-DONGDAEMUN-JEONNONG,3110201,전농119안전센터,골목상권,2024+ metric system; geometry file 2023-10,SEOUL_MARKET_SHP_2023-10-20,manual_review,,,,D,SRC-SEOUL-OA-15560,2026-08-27,name_keyword:전농
SEOUL-DONGDAEMUN-JEONNONG,3110202,전농1동주민센터(전농시장),골목상권,2024+ metric system; geometry file 2023-10,SEOUL_MARKET_SHP_2023-10-20,manual_review,,,,D,SRC-SEOUL-OA-15560,2026-08-27,name_keyword:전농
SEOUL-DONGDAEMUN-JEGI-YONGDU-SINSEOL,3110181,신설동역 9번,골목상권,2024+ metric system; geometry file 2023-10,SEOUL_MARKET_SHP_2023-10-20,manual_review,,,,C,SRC-SEOUL-OA-15560,2026-08-27,name_keyword:신설|신설동역|신설동
SEOUL-DONGDAEMUN-JEGI-YONGDU-SINSEOL,3120062,신설동역,발달상권,2024+ metric system; geometry file 2023-10,SEOUL_MARKET_SHP_2023-10-20,manual_review,,,,C,SRC-SEOUL-OA-15560,2026-08-27,name_keyword:신설|신설동역|신설동
SEOUL-DONGDAEMUN-JEGI-YONGDU-SINSEOL,3110187,제기동역 6번,골목상권,2024+ metric system; geometry file 2023-10,SEOUL_MARKET_SHP_2023-10-20,manual_review,,,,C,SRC-SEOUL-OA-15560,2026-08-27,name_keyword:제기|제기동
SEOUL-DONGDAEMUN-JEGI-YONGDU-SINSEOL,3110189,제기동역 1번,골목상권,2024+ metric system; geometry file 2023-10,SEOUL_MARKET_SHP_2023-10-20,manual_review,,,,C,SRC-SEOUL-OA-15560,2026-08-27,name_keyword:제기|제기동
SEOUL-DONGDAEMUN-JEGI-YONGDU-SINSEOL,3130086,서울약령시장,전통시장,2024+ metric system; geometry file 2023-10,SEOUL_MARKET_SHP_2023-10-20,manual_review,,,,C,SRC-SEOUL-OA-15560,2026-08-27,name_keyword:서울약령시장
SEOUL-DONGDAEMUN-JEGI-YONGDU-SINSEOL,3130087,경동광성상가(경동시장),전통시장,2024+ metric system; geometry file 2023-10,SEOUL_MARKET_SHP_2023-10-20,manual_review,,,,C,SRC-SEOUL-OA-15560,2026-08-27,name_keyword:경동시장
SEOUL-DONGDAEMUN-JEGI-YONGDU-SINSEOL,3130088,경동시장,전통시장,2024+ metric system; geometry file 2023-10,SEOUL_MARKET_SHP_2023-10-20,manual_review,,,,C,SRC-SEOUL-OA-15560,2026-08-27,name_keyword:경동시장
SEOUL-DONGDAEMUN-JEGI-YONGDU-SINSEOL,3110182,용두희망어린이공원,골목상권,2024+ metric system; geometry file 2023-10,SEOUL_MARKET_SHP_2023-10-20,manual_review,,,,D,SRC-SEOUL-OA-15560,2026-08-27,name_keyword:용두
SEOUL-JUNGNANG-SANGBONG,3110255,상봉역 4번,골목상권,2024+ metric system; geometry file 2023-10,SEOUL_MARKET_SHP_2023-10-20,manual_review,,,,C,SRC-SEOUL-OA-15560,2026-08-27,name_keyword:상봉|상봉역
SEOUL-JUNGNANG-SANGBONG,3110257,상봉역 7번,골목상권,2024+ metric system; geometry file 2023-10,SEOUL_MARKET_SHP_2023-10-20,manual_review,,,,C,SRC-SEOUL-OA-15560,2026-08-27,name_keyword:상봉|상봉역
SEOUL-JUNGNANG-SANGBONG,3110262,상봉역 3번,골목상권,2024+ metric system; geometry file 2023-10,SEOUL_MARKET_SHP_2023-10-20,manual_review,,,,C,SRC-SEOUL-OA-15560,2026-08-27,name_keyword:상봉|상봉역
SEOUL-JUNGNANG-SANGBONG,3120069,상봉역,발달상권,2024+ metric system; geometry file 2023-10,SEOUL_MARKET_SHP_2023-10-20,manual_review,,,,C,SRC-SEOUL-OA-15560,2026-08-27,name_keyword:상봉|상봉역
SEOUL-JUNGNANG-SANGBONG,3110237,메가박스 상봉,골목상권,2024+ metric system; geometry file 2023-10,SEOUL_MARKET_SHP_2023-10-20,manual_review,,,,D,SRC-SEOUL-OA-15560,2026-08-27,name_keyword:상봉
SEOUL-JUNGNANG-MANGU,3110265,망우역 1번,골목상권,2024+ metric system; geometry file 2023-10,SEOUL_MARKET_SHP_2023-10-20,manual_review,,,,C,SRC-SEOUL-OA-15560,2026-08-27,name_keyword:망우|망우역
SEOUL-JUNGNANG-MANGU,3110267,망우역 2번,골목상권,2024+ metric system; geometry file 2023-10,SEOUL_MARKET_SHP_2023-10-20,manual_review,,,,C,SRC-SEOUL-OA-15560,2026-08-27,name_keyword:망우|망우역
SEOUL-JUNGNANG-MANGU,3110268,망우3동주민센터,골목상권,2024+ metric system; geometry file 2023-10,SEOUL_MARKET_SHP_2023-10-20,manual_review,,,,D,SRC-SEOUL-OA-15560,2026-08-27,name_keyword:망우
SEOUL-JUNGNANG-MANGU,3110275,하나은행 망우동지점,골목상권,2024+ metric system; geometry file 2023-10,SEOUL_MARKET_SHP_2023-10-20,manual_review,,,,D,SRC-SEOUL-OA-15560,2026-08-27,name_keyword:망우
SEOUL-JUNGNANG-MANGU,3110278,망우본동주민센터,골목상권,2024+ metric system; geometry file 2023-10,SEOUL_MARKET_SHP_2023-10-20,manual_review,,,,D,SRC-SEOUL-OA-15560,2026-08-27,name_keyword:망우
SEOUL-JUNGNANG-MYEONMOK-SAGAJEONG,3110259,사가정역 1번,골목상권,2024+ metric system; geometry file 2023-10,SEOUL_MARKET_SHP_2023-10-20,manual_review,,,,C,SRC-SEOUL-OA-15560,2026-08-27,name_keyword:사가정|사가정역
SEOUL-JUNGNANG-MYEONMOK-SAGAJEONG,3110261,사가정역 4번,골목상권,2024+ metric system; geometry file 2023-10,SEOUL_MARKET_SHP_2023-10-20,manual_review,,,,C,SRC-SEOUL-OA-15560,2026-08-27,name_keyword:사가정|사가정역
SEOUL-JUNGNANG-MYEONMOK-SAGAJEONG,3120068,사가정역,발달상권,2024+ metric system; geometry file 2023-10,SEOUL_MARKET_SHP_2023-10-20,manual_review,,,,C,SRC-SEOUL-OA-15560,2026-08-27,name_keyword:사가정|사가정역
SEOUL-JUNGNANG-MYEONMOK-SAGAJEONG,3130110,면목골목시장(면목시장),전통시장,2024+ metric system; geometry file 2023-10,SEOUL_MARKET_SHP_2023-10-20,manual_review,,,,C,SRC-SEOUL-OA-15560,2026-08-27,name_keyword:면목|면목시장
SEOUL-JUNGNANG-MYEONMOK-SAGAJEONG,3130112,사가정시장,전통시장,2024+ metric system; geometry file 2023-10,SEOUL_MARKET_SHP_2023-10-20,manual_review,,,,D,SRC-SEOUL-OA-15560,2026-08-27,name_keyword:사가정
SEOUL-JUNGNANG-MYEONMOK-SAGAJEONG,3110242,면목5동주민센터,골목상권,2024+ metric system; geometry file 2023-10,SEOUL_MARKET_SHP_2023-10-20,manual_review,,,,D,SRC-SEOUL-OA-15560,2026-08-27,name_keyword:면목
SEOUL-JUNGNANG-MYEONMOK-SAGAJEONG,3110256,면목2동체육관,골목상권,2024+ metric system; geometry file 2023-10,SEOUL_MARKET_SHP_2023-10-20,manual_review,,,,D,SRC-SEOUL-OA-15560,2026-08-27,name_keyword:면목
SEOUL-JUNGNANG-MYEONMOK-SAGAJEONG,3110260,면목역 3번,골목상권,2024+ metric system; geometry file 2023-10,SEOUL_MARKET_SHP_2023-10-20,manual_review,,,,D,SRC-SEOUL-OA-15560,2026-08-27,name_keyword:면목
SEOUL-JUNGNANG-SINNAE,3110271,신내역 1번,골목상권,2024+ metric system; geometry file 2023-10,SEOUL_MARKET_SHP_2023-10-20,manual_review,,,,C,SRC-SEOUL-OA-15560,2026-08-27,name_keyword:신내|신내역
SEOUL-JUNGNANG-SINNAE,3110279,신내역 2번,골목상권,2024+ metric system; geometry file 2023-10,SEOUL_MARKET_SHP_2023-10-20,manual_review,,,,C,SRC-SEOUL-OA-15560,2026-08-27,name_keyword:신내|신내역
SEOUL-JUNGNANG-SINNAE,3110272,신내1동주민센터,골목상권,2024+ metric system; geometry file 2023-10,SEOUL_MARKET_SHP_2023-10-20,manual_review,,,,D,SRC-SEOUL-OA-15560,2026-08-27,name_keyword:신내
SEOUL-JUNGNANG-SINNAE,3110276,신내IC북측,골목상권,2024+ metric system; geometry file 2023-10,SEOUL_MARKET_SHP_2023-10-20,manual_review,,,,D,SRC-SEOUL-OA-15560,2026-08-27,name_keyword:신내
SEOUL-JUNGNANG-JUNGHWA,3110244,중화역 4번,골목상권,2024+ metric system; geometry file 2023-10,SEOUL_MARKET_SHP_2023-10-20,manual_review,,,,C,SRC-SEOUL-OA-15560,2026-08-27,name_keyword:중화|중화역
SEOUL-JUNGNANG-JUNGHWA,3110249,중화역 1번,골목상권,2024+ metric system; geometry file 2023-10,SEOUL_MARKET_SHP_2023-10-20,manual_review,,,,C,SRC-SEOUL-OA-15560,2026-08-27,name_keyword:중화|중화역
SEOUL-JUNGNANG-JUNGHWA,3110240,태릉시장 특화거리,골목상권,2024+ metric system; geometry file 2023-10,SEOUL_MARKET_SHP_2023-10-20,manual_review,,,,C,SRC-SEOUL-OA-15560,2026-08-27,name_keyword:태릉시장
SEOUL-JUNGNANG-JUNGHWA,3130108,태능엔터피아(태릉시장),전통시장,2024+ metric system; geometry file 2023-10,SEOUL_MARKET_SHP_2023-10-20,manual_review,,,,C,SRC-SEOUL-OA-15560,2026-08-27,name_keyword:태릉시장
SEOUL-JUNGNANG-JUNGHWA,3110245,KB국민은행 중화동지점,골목상권,2024+ metric system; geometry file 2023-10,SEOUL_MARKET_SHP_2023-10-20,manual_review,,,,D,SRC-SEOUL-OA-15560,2026-08-27,name_keyword:중화
SEOUL-JUNGNANG-JUNGHWA,3130105,장미제일시장(중화동제일시장),전통시장,2024+ metric system; geometry file 2023-10,SEOUL_MARKET_SHP_2023-10-20,manual_review,,,,D,SRC-SEOUL-OA-15560,2026-08-27,name_keyword:중화
SEOUL-SEONGBUK-SUNGSHIN,3110296,성신여대입구역 4번,골목상권,2024+ metric system; geometry file 2023-10,SEOUL_MARKET_SHP_2023-10-20,manual_review,,,,C,SRC-SEOUL-OA-15560,2026-08-27,name_keyword:성신여대|성신여대입구역|성신여대입구
SEOUL-SEONGBUK-SUNGSHIN,3110301,성신여대입구역 7번,골목상권,2024+ metric system; geometry file 2023-10,SEOUL_MARKET_SHP_2023-10-20,manual_review,,,,C,SRC-SEOUL-OA-15560,2026-08-27,name_keyword:성신여대|성신여대입구역|성신여대입구
SEOUL-SEONGBUK-SUNGSHIN,3110303,성신여대입구역 1번,골목상권,2024+ metric system; geometry file 2023-10,SEOUL_MARKET_SHP_2023-10-20,manual_review,,,,C,SRC-SEOUL-OA-15560,2026-08-27,name_keyword:성신여대|성신여대입구역|성신여대입구
SEOUL-SEONGBUK-SUNGSHIN,3120072,성신여대,발달상권,2024+ metric system; geometry file 2023-10,SEOUL_MARKET_SHP_2023-10-20,manual_review,,,,C,SRC-SEOUL-OA-15560,2026-08-27,name_keyword:성신여대
SEOUL-SEONGBUK-SUNGSHIN,3130120,돈암시장(돈암제일시장),전통시장,2024+ metric system; geometry file 2023-10,SEOUL_MARKET_SHP_2023-10-20,manual_review,,,,C,SRC-SEOUL-OA-15560,2026-08-27,name_keyword:돈암시장
SEOUL-SEONGBUK-ANAM-KOREAUNIV,3110312,안암역 2번,골목상권,2024+ metric system; geometry file 2023-10,SEOUL_MARKET_SHP_2023-10-20,manual_review,,,,C,SRC-SEOUL-OA-15560,2026-08-27,name_keyword:안암|안암역
SEOUL-SEONGBUK-ANAM-KOREAUNIV,3110313,안암역 3번,골목상권,2024+ metric system; geometry file 2023-10,SEOUL_MARKET_SHP_2023-10-20,manual_review,,,,C,SRC-SEOUL-OA-15560,2026-08-27,name_keyword:안암|안암역
SEOUL-SEONGBUK-ANAM-KOREAUNIV,3120074,안암역,발달상권,2024+ metric system; geometry file 2023-10,SEOUL_MARKET_SHP_2023-10-20,manual_review,,,,C,SRC-SEOUL-OA-15560,2026-08-27,name_keyword:안암|안암역
SEOUL-SEONGBUK-GIREUM,3110307,길음역 7번,골목상권,2024+ metric system; geometry file 2023-10,SEOUL_MARKET_SHP_2023-10-20,manual_review,,,,C,SRC-SEOUL-OA-15560,2026-08-27,name_keyword:길음|길음역
SEOUL-SEONGBUK-GIREUM,3110308,길음역 8번,골목상권,2024+ metric system; geometry file 2023-10,SEOUL_MARKET_SHP_2023-10-20,manual_review,,,,C,SRC-SEOUL-OA-15560,2026-08-27,name_keyword:길음|길음역
SEOUL-SEONGBUK-GIREUM,3110310,길음역 10번,골목상권,2024+ metric system; geometry file 2023-10,SEOUL_MARKET_SHP_2023-10-20,manual_review,,,,C,SRC-SEOUL-OA-15560,2026-08-27,name_keyword:길음|길음역
SEOUL-SEONGBUK-GIREUM,3120073,미아사거리,발달상권,2024+ metric system; geometry file 2023-10,SEOUL_MARKET_SHP_2023-10-20,manual_review,,,,C,SRC-SEOUL-OA-15560,2026-08-27,name_keyword:미아사거리
SEOUL-SEONGBUK-GIREUM,3130121,길음시장,전통시장,2024+ metric system; geometry file 2023-10,SEOUL_MARKET_SHP_2023-10-20,manual_review,,,,D,SRC-SEOUL-OA-15560,2026-08-27,name_keyword:길음
SEOUL-SEONGBUK-HANSUNG-SEONGBUK,3110286,한성대입구역 5번,골목상권,2024+ metric system; geometry file 2023-10,SEOUL_MARKET_SHP_2023-10-20,manual_review,,,,C,SRC-SEOUL-OA-15560,2026-08-27,name_keyword:한성대|한성대입구역|한성대입구
SEOUL-SEONGBUK-HANSUNG-SEONGBUK,3110291,한성대입구역 3번,골목상권,2024+ metric system; geometry file 2023-10,SEOUL_MARKET_SHP_2023-10-20,manual_review,,,,C,SRC-SEOUL-OA-15560,2026-08-27,name_keyword:한성대|한성대입구역|한성대입구
SEOUL-SEONGBUK-HANSUNG-SEONGBUK,3120070,한성대입구역,발달상권,2024+ metric system; geometry file 2023-10,SEOUL_MARKET_SHP_2023-10-20,manual_review,,,,C,SRC-SEOUL-OA-15560,2026-08-27,name_keyword:한성대|한성대입구역|한성대입구
SEOUL-SEONGBUK-SEOKGYE-JANGWI,3110330,돌곶이역 1번,골목상권,2024+ metric system; geometry file 2023-10,SEOUL_MARKET_SHP_2023-10-20,manual_review,,,,C,SRC-SEOUL-OA-15560,2026-08-27,name_keyword:돌곶이역|돌곶이
SEOUL-SEONGBUK-SEOKGYE-JANGWI,3110331,돌곶이역 8번,골목상권,2024+ metric system; geometry file 2023-10,SEOUL_MARKET_SHP_2023-10-20,manual_review,,,,C,SRC-SEOUL-OA-15560,2026-08-27,name_keyword:돌곶이역|돌곶이
SEOUL-SEONGBUK-SEOKGYE-JANGWI,3110332,돌곶이역 3번,골목상권,2024+ metric system; geometry file 2023-10,SEOUL_MARKET_SHP_2023-10-20,manual_review,,,,C,SRC-SEOUL-OA-15560,2026-08-27,name_keyword:돌곶이역|돌곶이
SEOUL-SEONGBUK-SEOKGYE-JANGWI,3110333,돌곶이역 5번,골목상권,2024+ metric system; geometry file 2023-10,SEOUL_MARKET_SHP_2023-10-20,manual_review,,,,C,SRC-SEOUL-OA-15560,2026-08-27,name_keyword:돌곶이역|돌곶이
SEOUL-SEONGBUK-SEOKGYE-JANGWI,3110335,석계역 7번,골목상권,2024+ metric system; geometry file 2023-10,SEOUL_MARKET_SHP_2023-10-20,manual_review,,,,C,SRC-SEOUL-OA-15560,2026-08-27,name_keyword:석계|석계역
SEOUL-SEONGBUK-SEOKGYE-JANGWI,3130128,돌곶이시장(석관황금시장),전통시장,2024+ metric system; geometry file 2023-10,SEOUL_MARKET_SHP_2023-10-20,manual_review,,,,D,SRC-SEOUL-OA-15560,2026-08-27,name_keyword:돌곶이
SEOUL-SEONGBUK-SEOKGYE-JANGWI,3110322,장위1동주민센터,골목상권,2024+ metric system; geometry file 2023-10,SEOUL_MARKET_SHP_2023-10-20,manual_review,,,,D,SRC-SEOUL-OA-15560,2026-08-27,name_keyword:장위
SEOUL-SEONGBUK-SEOKGYE-JANGWI,3110326,장위동성당,골목상권,2024+ metric system; geometry file 2023-10,SEOUL_MARKET_SHP_2023-10-20,manual_review,,,,D,SRC-SEOUL-OA-15560,2026-08-27,name_keyword:장위
SEOUL-SEONGBUK-JEONGNEUNG,3110284,정릉북한산국립공원입구,골목상권,2024+ metric system; geometry file 2023-10,SEOUL_MARKET_SHP_2023-10-20,manual_review,,,,C,SRC-SEOUL-OA-15560,2026-08-27,name_keyword:정릉|북한산|입구
SEOUL-SEONGBUK-JEONGNEUNG,3130117,정릉시장,전통시장,2024+ metric system; geometry file 2023-10,SEOUL_MARKET_SHP_2023-10-20,manual_review,,,,C,SRC-SEOUL-OA-15560,2026-08-27,name_keyword:정릉|정릉시장
SEOUL-SEONGBUK-JEONGNEUNG,3110282,국민대학교앞,골목상권,2024+ metric system; geometry file 2023-10,SEOUL_MARKET_SHP_2023-10-20,manual_review,,,,D,SRC-SEOUL-OA-15560,2026-08-27,name_keyword:국민대
SEOUL-SEONGBUK-JEONGNEUNG,3110289,북한산보국문역 2번,골목상권,2024+ metric system; geometry file 2023-10,SEOUL_MARKET_SHP_2023-10-20,manual_review,,,,D,SRC-SEOUL-OA-15560,2026-08-27,name_keyword:북한산
SEOUL-SEONGBUK-JEONGNEUNG,3110290,북한산보국문역 1번,골목상권,2024+ metric system; geometry file 2023-10,SEOUL_MARKET_SHP_2023-10-20,manual_review,,,,D,SRC-SEOUL-OA-15560,2026-08-27,name_keyword:북한산
SEOUL-SEONGBUK-JEONGNEUNG,3110286,한성대입구역 5번,골목상권,2024+ metric system; geometry file 2023-10,SEOUL_MARKET_SHP_2023-10-20,manual_review,,,,D,SRC-SEOUL-OA-15560,2026-08-27,name_keyword:입구
SEOUL-SEONGBUK-JEONGNEUNG,3110287,정릉3동주민센터,골목상권,2024+ metric system; geometry file 2023-10,SEOUL_MARKET_SHP_2023-10-20,manual_review,,,,D,SRC-SEOUL-OA-15560,2026-08-27,name_keyword:정릉
SEOUL-SEONGBUK-JEONGNEUNG,3110291,한성대입구역 3번,골목상권,2024+ metric system; geometry file 2023-10,SEOUL_MARKET_SHP_2023-10-20,manual_review,,,,D,SRC-SEOUL-OA-15560,2026-08-27,name_keyword:입구
SEOUL-GANGBUK-SUYU,3110373,수유역 2번,골목상권,2024+ metric system; geometry file 2023-10,SEOUL_MARKET_SHP_2023-10-20,manual_review,,,,C,SRC-SEOUL-OA-15560,2026-08-27,name_keyword:수유|수유역
SEOUL-GANGBUK-SUYU,3120076,수유역,발달상권,2024+ metric system; geometry file 2023-10,SEOUL_MARKET_SHP_2023-10-20,manual_review,,,,C,SRC-SEOUL-OA-15560,2026-08-27,name_keyword:수유|수유역
SEOUL-GANGBUK-SUYU,3110367,강북구청,골목상권,2024+ metric system; geometry file 2023-10,SEOUL_MARKET_SHP_2023-10-20,manual_review,,,,C,SRC-SEOUL-OA-15560,2026-08-27,name_keyword:강북구청
SEOUL-GANGBUK-SUYU,3110351,수유북부시장옆,골목상권,2024+ metric system; geometry file 2023-10,SEOUL_MARKET_SHP_2023-10-20,manual_review,,,,D,SRC-SEOUL-OA-15560,2026-08-27,name_keyword:수유
SEOUL-GANGBUK-SUYU,3110352,수유1동주민센터,골목상권,2024+ metric system; geometry file 2023-10,SEOUL_MARKET_SHP_2023-10-20,manual_review,,,,D,SRC-SEOUL-OA-15560,2026-08-27,name_keyword:수유
SEOUL-GANGBUK-SUYU,3110353,수유동우체국,골목상권,2024+ metric system; geometry file 2023-10,SEOUL_MARKET_SHP_2023-10-20,manual_review,,,,D,SRC-SEOUL-OA-15560,2026-08-27,name_keyword:수유
SEOUL-GANGBUK-SUYU,3110359,수유시장옆,골목상권,2024+ metric system; geometry file 2023-10,SEOUL_MARKET_SHP_2023-10-20,manual_review,,,,D,SRC-SEOUL-OA-15560,2026-08-27,name_keyword:수유
SEOUL-GANGBUK-SUYU,3110360,수유초등학교,골목상권,2024+ metric system; geometry file 2023-10,SEOUL_MARKET_SHP_2023-10-20,manual_review,,,,D,SRC-SEOUL-OA-15560,2026-08-27,name_keyword:수유
SEOUL-GANGBUK-MIASAGEORI,3110377,미아사거리역 3번,골목상권,2024+ metric system; geometry file 2023-10,SEOUL_MARKET_SHP_2023-10-20,manual_review,,,,C,SRC-SEOUL-OA-15560,2026-08-27,name_keyword:미아사거리|미아사거리역
SEOUL-GANGBUK-MIASAGEORI,3120078,미아사거리역,발달상권,2024+ metric system; geometry file 2023-10,SEOUL_MARKET_SHP_2023-10-20,manual_review,,,,C,SRC-SEOUL-OA-15560,2026-08-27,name_keyword:미아사거리|미아사거리역
SEOUL-GANGBUK-MIA-BEON,3110364,미아역 8번,골목상권,2024+ metric system; geometry file 2023-10,SEOUL_MARKET_SHP_2023-10-20,manual_review,,,,C,SRC-SEOUL-OA-15560,2026-08-27,name_keyword:미아|미아역
SEOUL-GANGBUK-MIA-BEON,3110365,미아역 5번,골목상권,2024+ metric system; geometry file 2023-10,SEOUL_MARKET_SHP_2023-10-20,manual_review,,,,C,SRC-SEOUL-OA-15560,2026-08-27,name_keyword:미아|미아역
SEOUL-GANGBUK-MIA-BEON,3120077,미아역,발달상권,2024+ metric system; geometry file 2023-10,SEOUL_MARKET_SHP_2023-10-20,manual_review,,,,C,SRC-SEOUL-OA-15560,2026-08-27,name_keyword:미아|미아역
SEOUL-GANGBUK-MIA-BEON,3110377,미아사거리역 3번,골목상권,2024+ metric system; geometry file 2023-10,SEOUL_MARKET_SHP_2023-10-20,manual_review,,,,D,SRC-SEOUL-OA-15560,2026-08-27,name_keyword:미아
SEOUL-GANGBUK-MIA-BEON,3110381,번동주공2단지,골목상권,2024+ metric system; geometry file 2023-10,SEOUL_MARKET_SHP_2023-10-20,manual_review,,,,D,SRC-SEOUL-OA-15560,2026-08-27,name_keyword:번동
SEOUL-GANGBUK-MIA-BEON,3120078,미아사거리역,발달상권,2024+ metric system; geometry file 2023-10,SEOUL_MARKET_SHP_2023-10-20,manual_review,,,,D,SRC-SEOUL-OA-15560,2026-08-27,name_keyword:미아
SEOUL-GANGBUK-MIA-BEON,3130134,"솔샘시장(미아6,7동골목시장)",전통시장,2024+ metric system; geometry file 2023-10,SEOUL_MARKET_SHP_2023-10-20,manual_review,,,,D,SRC-SEOUL-OA-15560,2026-08-27,name_keyword:미아
SEOUL-GANGBUK-UI-BUKHANSAN,3110341,북한산우이역 2번,골목상권,2024+ metric system; geometry file 2023-10,SEOUL_MARKET_SHP_2023-10-20,manual_review,,,,C,SRC-SEOUL-OA-15560,2026-08-27,name_keyword:우이|북한산|북한산우이역|북한산우이
SEOUL-GANGBUK-UI-BUKHANSAN,3110345,솔밭공원역 2번,골목상권,2024+ metric system; geometry file 2023-10,SEOUL_MARKET_SHP_2023-10-20,manual_review,,,,C,SRC-SEOUL-OA-15560,2026-08-27,name_keyword:솔밭공원
SEOUL-GANGBUK-UI-BUKHANSAN,3110362,우이천 계성교,골목상권,2024+ metric system; geometry file 2023-10,SEOUL_MARKET_SHP_2023-10-20,manual_review,,,,D,SRC-SEOUL-OA-15560,2026-08-27,name_keyword:우이
SEOUL-GANGBUK-UI-BUKHANSAN,3130133,우이골목시장(우이시장),전통시장,2024+ metric system; geometry file 2023-10,SEOUL_MARKET_SHP_2023-10-20,manual_review,,,,D,SRC-SEOUL-OA-15560,2026-08-27,name_keyword:우이
SEOUL-DOBONG-CHANGDONG,3110409,창동역 2번,골목상권,2024+ metric system; geometry file 2023-10,SEOUL_MARKET_SHP_2023-10-20,manual_review,,,,C,SRC-SEOUL-OA-15560,2026-08-27,name_keyword:창동|창동역
SEOUL-DOBONG-CHANGDONG,3120079,창동역,발달상권,2024+ metric system; geometry file 2023-10,SEOUL_MARKET_SHP_2023-10-20,manual_review,,,,C,SRC-SEOUL-OA-15560,2026-08-27,name_keyword:창동|창동역
SEOUL-DOBONG-CHANGDONG,3130153,창동역상점가,전통시장,2024+ metric system; geometry file 2023-10,SEOUL_MARKET_SHP_2023-10-20,manual_review,,,,C,SRC-SEOUL-OA-15560,2026-08-27,name_keyword:창동|창동역
SEOUL-DOBONG-CHANGDONG,3110412,창동중학교,골목상권,2024+ metric system; geometry file 2023-10,SEOUL_MARKET_SHP_2023-10-20,manual_review,,,,D,SRC-SEOUL-OA-15560,2026-08-27,name_keyword:창동
SEOUL-DOBONG-CHANGDONG,3130149,창동신창시장,전통시장,2024+ metric system; geometry file 2023-10,SEOUL_MARKET_SHP_2023-10-20,manual_review,,,,D,SRC-SEOUL-OA-15560,2026-08-27,name_keyword:창동
SEOUL-DOBONG-CHANGDONG,3130150,창동골목시장,전통시장,2024+ metric system; geometry file 2023-10,SEOUL_MARKET_SHP_2023-10-20,manual_review,,,,D,SRC-SEOUL-OA-15560,2026-08-27,name_keyword:창동
SEOUL-DOBONG-SSANGMUN,3110396,쌍문역1번(쌍리단길),골목상권,2024+ metric system; geometry file 2023-10,SEOUL_MARKET_SHP_2023-10-20,manual_review,,,,C,SRC-SEOUL-OA-15560,2026-08-27,name_keyword:쌍문|쌍문역|쌍리단길
SEOUL-DOBONG-SSANGMUN,3130145,쌍문역둘리상점가,전통시장,2024+ metric system; geometry file 2023-10,SEOUL_MARKET_SHP_2023-10-20,manual_review,,,,C,SRC-SEOUL-OA-15560,2026-08-27,name_keyword:쌍문|쌍문역
SEOUL-DOBONG-SSANGMUN,3130146,쌍문시장(쌍문역골목시장),전통시장,2024+ metric system; geometry file 2023-10,SEOUL_MARKET_SHP_2023-10-20,manual_review,,,,C,SRC-SEOUL-OA-15560,2026-08-27,name_keyword:쌍문|쌍문역
SEOUL-DOBONG-SSANGMUN,3130147,쌍문역동측상점가,전통시장,2024+ metric system; geometry file 2023-10,SEOUL_MARKET_SHP_2023-10-20,manual_review,,,,C,SRC-SEOUL-OA-15560,2026-08-27,name_keyword:쌍문|쌍문역
SEOUL-DOBONG-SSANGMUN,3110387,쌍문초등학교,골목상권,2024+ metric system; geometry file 2023-10,SEOUL_MARKET_SHP_2023-10-20,manual_review,,,,D,SRC-SEOUL-OA-15560,2026-08-27,name_keyword:쌍문
SEOUL-DOBONG-SSANGMUN,3110398,쌍문2동우체국,골목상권,2024+ metric system; geometry file 2023-10,SEOUL_MARKET_SHP_2023-10-20,manual_review,,,,D,SRC-SEOUL-OA-15560,2026-08-27,name_keyword:쌍문
SEOUL-DOBONG-BANGHAK,3130148,방학동도깨비시장,전통시장,2024+ metric system; geometry file 2023-10,SEOUL_MARKET_SHP_2023-10-20,manual_review,,,,C,SRC-SEOUL-OA-15560,2026-08-27,name_keyword:방학|도깨비시장
SEOUL-DOBONG-BANGHAK,3110405,방학역 1번,골목상권,2024+ metric system; geometry file 2023-10,SEOUL_MARKET_SHP_2023-10-20,manual_review,,,,C,SRC-SEOUL-OA-15560,2026-08-27,name_keyword:방학|방학역
SEOUL-DOBONG-BANGHAK,3110410,방학역 2번,골목상권,2024+ metric system; geometry file 2023-10,SEOUL_MARKET_SHP_2023-10-20,manual_review,,,,C,SRC-SEOUL-OA-15560,2026-08-27,name_keyword:방학|방학역
SEOUL-DOBONG-BANGHAK,3110390,방학초등학교,골목상권,2024+ metric system; geometry file 2023-10,SEOUL_MARKET_SHP_2023-10-20,manual_review,,,,D,SRC-SEOUL-OA-15560,2026-08-27,name_keyword:방학
SEOUL-DOBONG-BANGHAK,3110393,국민은행방학지점,골목상권,2024+ metric system; geometry file 2023-10,SEOUL_MARKET_SHP_2023-10-20,manual_review,,,,D,SRC-SEOUL-OA-15560,2026-08-27,name_keyword:방학
SEOUL-DOBONG-BANGHAK,3110394,방학중학교,골목상권,2024+ metric system; geometry file 2023-10,SEOUL_MARKET_SHP_2023-10-20,manual_review,,,,D,SRC-SEOUL-OA-15560,2026-08-27,name_keyword:방학
SEOUL-DOBONG-BANGHAK,3110395,신한은행 방학동지점,골목상권,2024+ metric system; geometry file 2023-10,SEOUL_MARKET_SHP_2023-10-20,manual_review,,,,D,SRC-SEOUL-OA-15560,2026-08-27,name_keyword:방학
SEOUL-DOBONG-BANGHAK,3110403,방학1동주민센터,골목상권,2024+ metric system; geometry file 2023-10,SEOUL_MARKET_SHP_2023-10-20,manual_review,,,,D,SRC-SEOUL-OA-15560,2026-08-27,name_keyword:방학
SEOUL-DOBONG-DOBONGSAN,3110406,도봉산역 1번,골목상권,2024+ metric system; geometry file 2023-10,SEOUL_MARKET_SHP_2023-10-20,manual_review,,,,C,SRC-SEOUL-OA-15560,2026-08-27,name_keyword:도봉산|도봉산역
SEOUL-DOBONG-DOBONGSAN,3110397,도봉산입구,골목상권,2024+ metric system; geometry file 2023-10,SEOUL_MARKET_SHP_2023-10-20,manual_review,,,,C,SRC-SEOUL-OA-15560,2026-08-27,name_keyword:도봉산|입구
SEOUL-NOWON-NOWONSTN,3110422,노원역 9번,골목상권,2024+ metric system; geometry file 2023-10,SEOUL_MARKET_SHP_2023-10-20,manual_review,,,,C,SRC-SEOUL-OA-15560,2026-08-27,name_keyword:노원역|노원
SEOUL-NOWON-NOWONSTN,3120081,노원역,발달상권,2024+ metric system; geometry file 2023-10,SEOUL_MARKET_SHP_2023-10-20,manual_review,,,,C,SRC-SEOUL-OA-15560,2026-08-27,name_keyword:노원역|노원
SEOUL-NOWON-NOWONSTN,3110416,노원초등학교,골목상권,2024+ metric system; geometry file 2023-10,SEOUL_MARKET_SHP_2023-10-20,manual_review,,,,D,SRC-SEOUL-OA-15560,2026-08-27,name_keyword:노원
SEOUL-NOWON-NOWONSTN,3110427,노원 을지대학교병원,골목상권,2024+ metric system; geometry file 2023-10,SEOUL_MARKET_SHP_2023-10-20,manual_review,,,,D,SRC-SEOUL-OA-15560,2026-08-27,name_keyword:노원
SEOUL-NOWON-GONGNEUNG,3110433,공릉역 2번,골목상권,2024+ metric system; geometry file 2023-10,SEOUL_MARKET_SHP_2023-10-20,manual_review,,,,C,SRC-SEOUL-OA-15560,2026-08-27,name_keyword:공릉|공릉역
SEOUL-NOWON-GONGNEUNG,3120084,공릉역,발달상권,2024+ metric system; geometry file 2023-10,SEOUL_MARKET_SHP_2023-10-20,manual_review,,,,C,SRC-SEOUL-OA-15560,2026-08-27,name_keyword:공릉|공릉역
SEOUL-NOWON-GONGNEUNG,3110429,공릉동 국수거리,골목상권,2024+ metric system; geometry file 2023-10,SEOUL_MARKET_SHP_2023-10-20,manual_review,,,,D,SRC-SEOUL-OA-15560,2026-08-27,name_keyword:공릉
SEOUL-NOWON-GONGNEUNG,3130159,공릉동 도깨비시장,전통시장,2024+ metric system; geometry file 2023-10,SEOUL_MARKET_SHP_2023-10-20,manual_review,,,,D,SRC-SEOUL-OA-15560,2026-08-27,name_keyword:공릉
SEOUL-NOWON-JUNGGYE-ACADEMY,3120085,은행사거리,발달상권,2024+ metric system; geometry file 2023-10,SEOUL_MARKET_SHP_2023-10-20,manual_review,,,,C,SRC-SEOUL-OA-15560,2026-08-27,name_keyword:은행사거리
SEOUL-NOWON-JUNGGYE-ACADEMY,3110430,중계초등학교,골목상권,2024+ metric system; geometry file 2023-10,SEOUL_MARKET_SHP_2023-10-20,manual_review,,,,D,SRC-SEOUL-OA-15560,2026-08-27,name_keyword:중계
SEOUL-NOWON-JUNGGYE-ACADEMY,3130155,시영B상가(중계 그린아파트 B 상가),전통시장,2024+ metric system; geometry file 2023-10,SEOUL_MARKET_SHP_2023-10-20,manual_review,,,,D,SRC-SEOUL-OA-15560,2026-08-27,name_keyword:중계
SEOUL-NOWON-JUNGGYE-ACADEMY,3130156,시영2단지 무지개종합상가(중계 무지개2단지아파트상가),전통시장,2024+ metric system; geometry file 2023-10,SEOUL_MARKET_SHP_2023-10-20,manual_review,,,,D,SRC-SEOUL-OA-15560,2026-08-27,name_keyword:중계
SEOUL-NOWON-TAEREUNG,3110434,태릉입구역 4번,골목상권,2024+ metric system; geometry file 2023-10,SEOUL_MARKET_SHP_2023-10-20,manual_review,,,,C,SRC-SEOUL-OA-15560,2026-08-27,name_keyword:태릉입구|태릉입구역
SEOUL-NOWON-TAEREUNG,3120086,태릉입구역,발달상권,2024+ metric system; geometry file 2023-10,SEOUL_MARKET_SHP_2023-10-20,manual_review,,,,C,SRC-SEOUL-OA-15560,2026-08-27,name_keyword:태릉입구|태릉입구역
SEOUL-NOWON-SANGGYE,3130157,상계중앙시장,전통시장,2024+ metric system; geometry file 2023-10,SEOUL_MARKET_SHP_2023-10-20,manual_review,,,,C,SRC-SEOUL-OA-15560,2026-08-27,name_keyword:상계|상계중앙시장
SEOUL-NOWON-SANGGYE,3110431,상계역,골목상권,2024+ metric system; geometry file 2023-10,SEOUL_MARKET_SHP_2023-10-20,manual_review,,,,C,SRC-SEOUL-OA-15560,2026-08-27,name_keyword:상계|상계역
SEOUL-NOWON-SANGGYE,3130158,상계역전종합상가,전통시장,2024+ metric system; geometry file 2023-10,SEOUL_MARKET_SHP_2023-10-20,manual_review,,,,C,SRC-SEOUL-OA-15560,2026-08-27,name_keyword:상계|상계역
SEOUL-NOWON-SANGGYE,3110415,수락산역 4번,골목상권,2024+ metric system; geometry file 2023-10,SEOUL_MARKET_SHP_2023-10-20,manual_review,,,,D,SRC-SEOUL-OA-15560,2026-08-27,name_keyword:수락산
SEOUL-NOWON-SANGGYE,3110419,수락산디자인거리,골목상권,2024+ metric system; geometry file 2023-10,SEOUL_MARKET_SHP_2023-10-20,manual_review,,,,D,SRC-SEOUL-OA-15560,2026-08-27,name_keyword:수락산
SEOUL-NOWON-SANGGYE,3110424,상계초등학교,골목상권,2024+ metric system; geometry file 2023-10,SEOUL_MARKET_SHP_2023-10-20,manual_review,,,,D,SRC-SEOUL-OA-15560,2026-08-27,name_keyword:상계
SEOUL-NOWON-SANGGYE,3110426,상계2동주민센터,골목상권,2024+ metric system; geometry file 2023-10,SEOUL_MARKET_SHP_2023-10-20,manual_review,,,,D,SRC-SEOUL-OA-15560,2026-08-27,name_keyword:상계
SEOUL-NOWON-SANGGYE,3110428,상계5동주민센터,골목상권,2024+ metric system; geometry file 2023-10,SEOUL_MARKET_SHP_2023-10-20,manual_review,,,,D,SRC-SEOUL-OA-15560,2026-08-27,name_keyword:상계
SEOUL-NOWON-WOLGYE-KWANGWOON,3110420,광운대역 1번,골목상권,2024+ metric system; geometry file 2023-10,SEOUL_MARKET_SHP_2023-10-20,manual_review,,,,C,SRC-SEOUL-OA-15560,2026-08-27,name_keyword:광운대|광운대역
SEOUL-NOWON-WOLGYE-KWANGWOON,3110421,석계역 1번,골목상권,2024+ metric system; geometry file 2023-10,SEOUL_MARKET_SHP_2023-10-20,manual_review,,,,C,SRC-SEOUL-OA-15560,2026-08-27,name_keyword:석계역|석계
SEOUL-NOWON-WOLGYE-KWANGWOON,3110423,석계역 2번,골목상권,2024+ metric system; geometry file 2023-10,SEOUL_MARKET_SHP_2023-10-20,manual_review,,,,C,SRC-SEOUL-OA-15560,2026-08-27,name_keyword:석계역|석계
SEOUL-NOWON-WOLGYE-KWANGWOON,3110418,광운대학교 남단,골목상권,2024+ metric system; geometry file 2023-10,SEOUL_MARKET_SHP_2023-10-20,manual_review,,,,D,SRC-SEOUL-OA-15560,2026-08-27,name_keyword:광운대
SEOUL-NOWON-WOLGYE-KWANGWOON,3130155,시영B상가(중계 그린아파트 B 상가),전통시장,2024+ metric system; geometry file 2023-10,SEOUL_MARKET_SHP_2023-10-20,manual_review,,,,D,SRC-SEOUL-OA-15560,2026-08-27,name_keyword:아파트
SEOUL-NOWON-WOLGYE-KWANGWOON,3130156,시영2단지 무지개종합상가(중계 무지개2단지아파트상가),전통시장,2024+ metric system; geometry file 2023-10,SEOUL_MARKET_SHP_2023-10-20,manual_review,,,,D,SRC-SEOUL-OA-15560,2026-08-27,name_keyword:아파트
SEOUL-NOWON-WOLGYE-KWANGWOON,3110417,월계역 3번,골목상권,2024+ metric system; geometry file 2023-10,SEOUL_MARKET_SHP_2023-10-20,manual_review,,,,D,SRC-SEOUL-OA-15560,2026-08-27,name_keyword:월계
SEOUL-EUNPYEONG-YEONSINNAE,3110464,연신내역 5번,골목상권,2024+ metric system; geometry file 2023-10,SEOUL_MARKET_SHP_2023-10-20,manual_review,,,,C,SRC-SEOUL-OA-15560,2026-08-27,name_keyword:연신내|연신내역
SEOUL-EUNPYEONG-YEONSINNAE,3110465,연신내역 7번,골목상권,2024+ metric system; geometry file 2023-10,SEOUL_MARKET_SHP_2023-10-20,manual_review,,,,C,SRC-SEOUL-OA-15560,2026-08-27,name_keyword:연신내|연신내역
SEOUL-EUNPYEONG-YEONSINNAE,3110472,연신내역 4번,골목상권,2024+ metric system; geometry file 2023-10,SEOUL_MARKET_SHP_2023-10-20,manual_review,,,,C,SRC-SEOUL-OA-15560,2026-08-27,name_keyword:연신내|연신내역
SEOUL-EUNPYEONG-YEONSINNAE,3110479,연신내역 2번,골목상권,2024+ metric system; geometry file 2023-10,SEOUL_MARKET_SHP_2023-10-20,manual_review,,,,C,SRC-SEOUL-OA-15560,2026-08-27,name_keyword:연신내|연신내역
SEOUL-EUNPYEONG-YEONSINNAE,3110480,연신내역 3번,골목상권,2024+ metric system; geometry file 2023-10,SEOUL_MARKET_SHP_2023-10-20,manual_review,,,,C,SRC-SEOUL-OA-15560,2026-08-27,name_keyword:연신내|연신내역
SEOUL-EUNPYEONG-YEONSINNAE,3120090,연신내역,발달상권,2024+ metric system; geometry file 2023-10,SEOUL_MARKET_SHP_2023-10-20,manual_review,,,,C,SRC-SEOUL-OA-15560,2026-08-27,name_keyword:연신내|연신내역
SEOUL-EUNPYEONG-YEONSINNAE,3130168,연서시장,전통시장,2024+ metric system; geometry file 2023-10,SEOUL_MARKET_SHP_2023-10-20,manual_review,,,,C,SRC-SEOUL-OA-15560,2026-08-27,name_keyword:연서시장
SEOUL-EUNPYEONG-YEONSINNAE,3110485,연신내우체국,골목상권,2024+ metric system; geometry file 2023-10,SEOUL_MARKET_SHP_2023-10-20,manual_review,,,,D,SRC-SEOUL-OA-15560,2026-08-27,name_keyword:연신내
SEOUL-EUNPYEONG-BULGWANG,3110481,불광역 7번,골목상권,2024+ metric system; geometry file 2023-10,SEOUL_MARKET_SHP_2023-10-20,manual_review,,,,C,SRC-SEOUL-OA-15560,2026-08-27,name_keyword:불광|불광역
SEOUL-EUNPYEONG-BULGWANG,3110487,불광역 8번,골목상권,2024+ metric system; geometry file 2023-10,SEOUL_MARKET_SHP_2023-10-20,manual_review,,,,C,SRC-SEOUL-OA-15560,2026-08-27,name_keyword:불광|불광역
SEOUL-EUNPYEONG-BULGWANG,3110489,불광역 3번,골목상권,2024+ metric system; geometry file 2023-10,SEOUL_MARKET_SHP_2023-10-20,manual_review,,,,C,SRC-SEOUL-OA-15560,2026-08-27,name_keyword:불광|불광역
SEOUL-EUNPYEONG-BULGWANG,3120092,불광역,발달상권,2024+ metric system; geometry file 2023-10,SEOUL_MARKET_SHP_2023-10-20,manual_review,,,,C,SRC-SEOUL-OA-15560,2026-08-27,name_keyword:불광|불광역
SEOUL-EUNPYEONG-BULGWANG,3110491,불광중학교,골목상권,2024+ metric system; geometry file 2023-10,SEOUL_MARKET_SHP_2023-10-20,manual_review,,,,D,SRC-SEOUL-OA-15560,2026-08-27,name_keyword:불광
SEOUL-EUNPYEONG-BULGWANG,3130171,불광먹자골목 골목형상점가,전통시장,2024+ metric system; geometry file 2023-10,SEOUL_MARKET_SHP_2023-10-20,manual_review,,,,D,SRC-SEOUL-OA-15560,2026-08-27,name_keyword:불광
SEOUL-EUNPYEONG-EUNGAM-SAEJEOL,3130163,응암오거리상점가,전통시장,2024+ metric system; geometry file 2023-10,SEOUL_MARKET_SHP_2023-10-20,manual_review,,,,C,SRC-SEOUL-OA-15560,2026-08-27,name_keyword:응암|응암오거리
SEOUL-EUNPYEONG-EUNGAM-SAEJEOL,3110452,새절역 3번,골목상권,2024+ metric system; geometry file 2023-10,SEOUL_MARKET_SHP_2023-10-20,manual_review,,,,C,SRC-SEOUL-OA-15560,2026-08-27,name_keyword:새절|새절역
SEOUL-EUNPYEONG-EUNGAM-SAEJEOL,3110461,새절역 2번,골목상권,2024+ metric system; geometry file 2023-10,SEOUL_MARKET_SHP_2023-10-20,manual_review,,,,C,SRC-SEOUL-OA-15560,2026-08-27,name_keyword:새절|새절역
SEOUL-EUNPYEONG-EUNGAM-SAEJEOL,3110459,응암역 2번,골목상권,2024+ metric system; geometry file 2023-10,SEOUL_MARKET_SHP_2023-10-20,manual_review,,,,D,SRC-SEOUL-OA-15560,2026-08-27,name_keyword:응암
SEOUL-EUNPYEONG-EUNGAM-SAEJEOL,3110463,응암3동주민센터,골목상권,2024+ metric system; geometry file 2023-10,SEOUL_MARKET_SHP_2023-10-20,manual_review,,,,D,SRC-SEOUL-OA-15560,2026-08-27,name_keyword:응암
SEOUL-EUNPYEONG-EUNGAM-SAEJEOL,3110468,응암역 3번,골목상권,2024+ metric system; geometry file 2023-10,SEOUL_MARKET_SHP_2023-10-20,manual_review,,,,D,SRC-SEOUL-OA-15560,2026-08-27,name_keyword:응암
SEOUL-EUNPYEONG-EUNGAM-SAEJEOL,3110469,응암정보도서관,골목상권,2024+ metric system; geometry file 2023-10,SEOUL_MARKET_SHP_2023-10-20,manual_review,,,,D,SRC-SEOUL-OA-15560,2026-08-27,name_keyword:응암
SEOUL-EUNPYEONG-EUNGAM-SAEJEOL,3110471,응암동우체국,골목상권,2024+ metric system; geometry file 2023-10,SEOUL_MARKET_SHP_2023-10-20,manual_review,,,,D,SRC-SEOUL-OA-15560,2026-08-27,name_keyword:응암
SEOUL-EUNPYEONG-GUPABAL-NEWTOWN,3120089,구파발역,발달상권,2024+ metric system; geometry file 2023-10,SEOUL_MARKET_SHP_2023-10-20,manual_review,,,,C,SRC-SEOUL-OA-15560,2026-08-27,name_keyword:구파발|구파발역
SEOUL-EUNPYEONG-NOKBEON-SUSAEK,3110443,수색역 1번,골목상권,2024+ metric system; geometry file 2023-10,SEOUL_MARKET_SHP_2023-10-20,manual_review,,,,C,SRC-SEOUL-OA-15560,2026-08-27,name_keyword:수색|수색역
SEOUL-EUNPYEONG-NOKBEON-SUSAEK,3110486,은평구청,골목상권,2024+ metric system; geometry file 2023-10,SEOUL_MARKET_SHP_2023-10-20,manual_review,,,,C,SRC-SEOUL-OA-15560,2026-08-27,name_keyword:은평구청
SEOUL-EUNPYEONG-NOKBEON-SUSAEK,3110444,수색성당,골목상권,2024+ metric system; geometry file 2023-10,SEOUL_MARKET_SHP_2023-10-20,manual_review,,,,D,SRC-SEOUL-OA-15560,2026-08-27,name_keyword:수색
SEOUL-EUNPYEONG-NOKBEON-SUSAEK,3110490,녹번동근린공원,골목상권,2024+ metric system; geometry file 2023-10,SEOUL_MARKET_SHP_2023-10-20,manual_review,,,,D,SRC-SEOUL-OA-15560,2026-08-27,name_keyword:녹번
SEOUL-SEODAEMUN-SINCHON,3110520,경의중앙 신촌역,골목상권,2024+ metric system; geometry file 2023-10,SEOUL_MARKET_SHP_2023-10-20,manual_review,,,,C,SRC-SEOUL-OA-15560,2026-08-27,name_keyword:신촌|신촌역
SEOUL-SEODAEMUN-SINCHON,3120094,"신촌역(신촌역, 신촌로터리)",발달상권,2024+ metric system; geometry file 2023-10,SEOUL_MARKET_SHP_2023-10-20,manual_review,,,,C,SRC-SEOUL-OA-15560,2026-08-27,name_keyword:신촌|신촌역
SEOUL-SEODAEMUN-SINCHON,3130175,신촌 상인회(신촌상점가),전통시장,2024+ metric system; geometry file 2023-10,SEOUL_MARKET_SHP_2023-10-20,manual_review,,,,D,SRC-SEOUL-OA-15560,2026-08-27,name_keyword:신촌
SEOUL-SEODAEMUN-EWHA,3120096,"이화여대(이대역, 이대)",발달상권,2024+ metric system; geometry file 2023-10,SEOUL_MARKET_SHP_2023-10-20,manual_review,,,,C,SRC-SEOUL-OA-15560,2026-08-27,name_keyword:이대|이대역|이화여대
SEOUL-SEODAEMUN-EWHA,3130179,"이화여대 3,5,7길 상점가",전통시장,2024+ metric system; geometry file 2023-10,SEOUL_MARKET_SHP_2023-10-20,manual_review,,,,C,SRC-SEOUL-OA-15560,2026-08-27,name_keyword:이화여대
SEOUL-SEODAEMUN-EWHA,3130178,이대 앞 스타트업 상점가,전통시장,2024+ metric system; geometry file 2023-10,SEOUL_MARKET_SHP_2023-10-20,manual_review,,,,D,SRC-SEOUL-OA-15560,2026-08-27,name_keyword:이대
SEOUL-SEODAEMUN-YEONHUI,3120093,연희동,발달상권,2024+ metric system; geometry file 2023-10,SEOUL_MARKET_SHP_2023-10-20,manual_review,,,,C,SRC-SEOUL-OA-15560,2026-08-27,name_keyword:연희|연희동
SEOUL-SEODAEMUN-YEONHUI,3130174,연희사러가,전통시장,2024+ metric system; geometry file 2023-10,SEOUL_MARKET_SHP_2023-10-20,manual_review,,,,C,SRC-SEOUL-OA-15560,2026-08-27,name_keyword:연희|사러가
SEOUL-SEODAEMUN-YEONHUI,3110501,연희어린이공원,골목상권,2024+ metric system; geometry file 2023-10,SEOUL_MARKET_SHP_2023-10-20,manual_review,,,,D,SRC-SEOUL-OA-15560,2026-08-27,name_keyword:연희
SEOUL-SEODAEMUN-YEONHUI,3110506,연희임광아파트,골목상권,2024+ metric system; geometry file 2023-10,SEOUL_MARKET_SHP_2023-10-20,manual_review,,,,D,SRC-SEOUL-OA-15560,2026-08-27,name_keyword:연희
SEOUL-SEODAEMUN-YEONHUI,3110509,연희대우아파트앞,골목상권,2024+ metric system; geometry file 2023-10,SEOUL_MARKET_SHP_2023-10-20,manual_review,,,,D,SRC-SEOUL-OA-15560,2026-08-27,name_keyword:연희
SEOUL-SEODAEMUN-YEONHUI,3110511,연희초등학교,골목상권,2024+ metric system; geometry file 2023-10,SEOUL_MARKET_SHP_2023-10-20,manual_review,,,,D,SRC-SEOUL-OA-15560,2026-08-27,name_keyword:연희
SEOUL-SEODAEMUN-YEONHUI,3110512,연희지하차도,골목상권,2024+ metric system; geometry file 2023-10,SEOUL_MARKET_SHP_2023-10-20,manual_review,,,,D,SRC-SEOUL-OA-15560,2026-08-27,name_keyword:연희
SEOUL-SEODAEMUN-YEONHUI,3110513,연희파출소,골목상권,2024+ metric system; geometry file 2023-10,SEOUL_MARKET_SHP_2023-10-20,manual_review,,,,D,SRC-SEOUL-OA-15560,2026-08-27,name_keyword:연희
SEOUL-SEODAEMUN-HONGJE,3130177,인왕시장(홍제골목형상점가),전통시장,2024+ metric system; geometry file 2023-10,SEOUL_MARKET_SHP_2023-10-20,manual_review,,,,C,SRC-SEOUL-OA-15560,2026-08-27,name_keyword:홍제|인왕시장
SEOUL-SEODAEMUN-HONGJE,3110521,홍제역 4번,골목상권,2024+ metric system; geometry file 2023-10,SEOUL_MARKET_SHP_2023-10-20,manual_review,,,,C,SRC-SEOUL-OA-15560,2026-08-27,name_keyword:홍제|홍제역
SEOUL-SEODAEMUN-HONGJE,3110522,홍제역 3번,골목상권,2024+ metric system; geometry file 2023-10,SEOUL_MARKET_SHP_2023-10-20,manual_review,,,,C,SRC-SEOUL-OA-15560,2026-08-27,name_keyword:홍제|홍제역
SEOUL-SEODAEMUN-HONGJE,3110527,홍제역 2번,골목상권,2024+ metric system; geometry file 2023-10,SEOUL_MARKET_SHP_2023-10-20,manual_review,,,,C,SRC-SEOUL-OA-15560,2026-08-27,name_keyword:홍제|홍제역
SEOUL-SEODAEMUN-HONGJE,3120095,홍제역,발달상권,2024+ metric system; geometry file 2023-10,SEOUL_MARKET_SHP_2023-10-20,manual_review,,,,C,SRC-SEOUL-OA-15560,2026-08-27,name_keyword:홍제|홍제역
SEOUL-SEODAEMUN-HONGJE,3130176,유진상가,전통시장,2024+ metric system; geometry file 2023-10,SEOUL_MARKET_SHP_2023-10-20,manual_review,,,,C,SRC-SEOUL-OA-15560,2026-08-27,name_keyword:유진상가
SEOUL-SEODAEMUN-HONGJE,3110523,홍제성원아파트,골목상권,2024+ metric system; geometry file 2023-10,SEOUL_MARKET_SHP_2023-10-20,manual_review,,,,D,SRC-SEOUL-OA-15560,2026-08-27,name_keyword:홍제
SEOUL-SEODAEMUN-HONGJE,3110529,홍제3동주민센터,골목상권,2024+ metric system; geometry file 2023-10,SEOUL_MARKET_SHP_2023-10-20,manual_review,,,,D,SRC-SEOUL-OA-15560,2026-08-27,name_keyword:홍제
SEOUL-SEODAEMUN-GAJWA-NAMGAJWA,3110497,가좌역 3번,골목상권,2024+ metric system; geometry file 2023-10,SEOUL_MARKET_SHP_2023-10-20,manual_review,,,,C,SRC-SEOUL-OA-15560,2026-08-27,name_keyword:가좌|가좌역
SEOUL-SEODAEMUN-GAJWA-NAMGAJWA,3110500,남가좌동현대아파트,골목상권,2024+ metric system; geometry file 2023-10,SEOUL_MARKET_SHP_2023-10-20,manual_review,,,,C,SRC-SEOUL-OA-15560,2026-08-27,name_keyword:가좌|남가좌
SEOUL-SEODAEMUN-GAJWA-NAMGAJWA,3110502,남가좌파출소,골목상권,2024+ metric system; geometry file 2023-10,SEOUL_MARKET_SHP_2023-10-20,manual_review,,,,C,SRC-SEOUL-OA-15560,2026-08-27,name_keyword:가좌|남가좌
SEOUL-SEODAEMUN-GAJWA-NAMGAJWA,3110503,명지대학교교회,골목상권,2024+ metric system; geometry file 2023-10,SEOUL_MARKET_SHP_2023-10-20,manual_review,,,,D,SRC-SEOUL-OA-15560,2026-08-27,name_keyword:명지대
SEOUL-SEODAEMUN-GAJWA-NAMGAJWA,3110507,명지대학교,골목상권,2024+ metric system; geometry file 2023-10,SEOUL_MARKET_SHP_2023-10-20,manual_review,,,,D,SRC-SEOUL-OA-15560,2026-08-27,name_keyword:명지대
SEOUL-SEODAEMUN-GAJWA-NAMGAJWA,3110493,북가좌초등학교,골목상권,2024+ metric system; geometry file 2023-10,SEOUL_MARKET_SHP_2023-10-20,manual_review,,,,D,SRC-SEOUL-OA-15560,2026-08-27,name_keyword:가좌
SEOUL-SEODAEMUN-GAJWA-NAMGAJWA,3110495,북가좌2동주민센터,골목상권,2024+ metric system; geometry file 2023-10,SEOUL_MARKET_SHP_2023-10-20,manual_review,,,,D,SRC-SEOUL-OA-15560,2026-08-27,name_keyword:가좌
SEOUL-SEODAEMUN-DONGNIMUN-YEONGCHEON,3110535,영천시장입구,골목상권,2024+ metric system; geometry file 2023-10,SEOUL_MARKET_SHP_2023-10-20,manual_review,,,,C,SRC-SEOUL-OA-15560,2026-08-27,name_keyword:영천시장
SEOUL-SEODAEMUN-DONGNIMUN-YEONGCHEON,3130182,영천시장,전통시장,2024+ metric system; geometry file 2023-10,SEOUL_MARKET_SHP_2023-10-20,manual_review,,,,C,SRC-SEOUL-OA-15560,2026-08-27,name_keyword:영천시장
SEOUL-MAPO-HONGDAE,3110564,홍대입구역 3번,골목상권,2024+ metric system; geometry file 2023-10,SEOUL_MARKET_SHP_2023-10-20,manual_review,,,,C,SRC-SEOUL-OA-15560,2026-08-27,name_keyword:홍대|홍대입구역|홍대입구
SEOUL-MAPO-HONGDAE,3120103,홍대입구역(홍대),발달상권,2024+ metric system; geometry file 2023-10,SEOUL_MARKET_SHP_2023-10-20,manual_review,,,,C,SRC-SEOUL-OA-15560,2026-08-27,name_keyword:홍대|홍대입구역|홍대입구
SEOUL-MAPO-HONGDAE,3120102,서교동(홍대),발달상권,2024+ metric system; geometry file 2023-10,SEOUL_MARKET_SHP_2023-10-20,manual_review,,,,C,SRC-SEOUL-OA-15560,2026-08-27,name_keyword:홍대|서교동
SEOUL-MAPO-HONGDAE,3110557,홍대부속여중고앞,골목상권,2024+ metric system; geometry file 2023-10,SEOUL_MARKET_SHP_2023-10-20,manual_review,,,,D,SRC-SEOUL-OA-15560,2026-08-27,name_keyword:홍대
SEOUL-MAPO-HONGDAE,3110569,홍대땡땡거리,골목상권,2024+ metric system; geometry file 2023-10,SEOUL_MARKET_SHP_2023-10-20,manual_review,,,,D,SRC-SEOUL-OA-15560,2026-08-27,name_keyword:홍대
SEOUL-MAPO-HONGDAE,3120104,연남동(홍대),발달상권,2024+ metric system; geometry file 2023-10,SEOUL_MARKET_SHP_2023-10-20,manual_review,,,,D,SRC-SEOUL-OA-15560,2026-08-27,name_keyword:홍대
SEOUL-MAPO-HONGDAE,3120105,상수역(홍대),발달상권,2024+ metric system; geometry file 2023-10,SEOUL_MARKET_SHP_2023-10-20,manual_review,,,,D,SRC-SEOUL-OA-15560,2026-08-27,name_keyword:홍대
SEOUL-MAPO-HONGDAE,3130190,홍대소상공인상점가,전통시장,2024+ metric system; geometry file 2023-10,SEOUL_MARKET_SHP_2023-10-20,manual_review,,,,D,SRC-SEOUL-OA-15560,2026-08-27,name_keyword:홍대
SEOUL-MAPO-YEONNAM,3110562,연트럴파크(연남동주민센터),골목상권,2024+ metric system; geometry file 2023-10,SEOUL_MARKET_SHP_2023-10-20,manual_review,,,,C,SRC-SEOUL-OA-15560,2026-08-27,name_keyword:연남|연트럴파크|연남동
SEOUL-MAPO-YEONNAM,3120104,연남동(홍대),발달상권,2024+ metric system; geometry file 2023-10,SEOUL_MARKET_SHP_2023-10-20,manual_review,,,,C,SRC-SEOUL-OA-15560,2026-08-27,name_keyword:연남|연남동
SEOUL-MAPO-YEONNAM,3110564,홍대입구역 3번,골목상권,2024+ metric system; geometry file 2023-10,SEOUL_MARKET_SHP_2023-10-20,manual_review,,,,C,SRC-SEOUL-OA-15560,2026-08-27,name_keyword:홍대입구
SEOUL-MAPO-YEONNAM,3120103,홍대입구역(홍대),발달상권,2024+ metric system; geometry file 2023-10,SEOUL_MARKET_SHP_2023-10-20,manual_review,,,,C,SRC-SEOUL-OA-15560,2026-08-27,name_keyword:홍대입구
SEOUL-MAPO-YEONNAM,3130192,동진시장,전통시장,2024+ metric system; geometry file 2023-10,SEOUL_MARKET_SHP_2023-10-20,manual_review,,,,C,SRC-SEOUL-OA-15560,2026-08-27,name_keyword:동진시장
SEOUL-MAPO-HAPJEONG,3110550,합정역 8번,골목상권,2024+ metric system; geometry file 2023-10,SEOUL_MARKET_SHP_2023-10-20,manual_review,,,,C,SRC-SEOUL-OA-15560,2026-08-27,name_keyword:합정|합정역
SEOUL-MAPO-HAPJEONG,3120101,합정역,발달상권,2024+ metric system; geometry file 2023-10,SEOUL_MARKET_SHP_2023-10-20,manual_review,,,,C,SRC-SEOUL-OA-15560,2026-08-27,name_keyword:합정|합정역
SEOUL-MAPO-HAPJEONG,3130188,합정시장,전통시장,2024+ metric system; geometry file 2023-10,SEOUL_MARKET_SHP_2023-10-20,manual_review,,,,D,SRC-SEOUL-OA-15560,2026-08-27,name_keyword:합정
SEOUL-MAPO-MANGWON,3130186,망원시장,전통시장,2024+ metric system; geometry file 2023-10,SEOUL_MARKET_SHP_2023-10-20,manual_review,,,,C,SRC-SEOUL-OA-15560,2026-08-27,name_keyword:망원|망원시장
SEOUL-MAPO-MANGWON,3110544,망리단길,골목상권,2024+ metric system; geometry file 2023-10,SEOUL_MARKET_SHP_2023-10-20,manual_review,,,,C,SRC-SEOUL-OA-15560,2026-08-27,name_keyword:망리단길
SEOUL-MAPO-MANGWON,3110540,망원나들목체육관,골목상권,2024+ metric system; geometry file 2023-10,SEOUL_MARKET_SHP_2023-10-20,manual_review,,,,D,SRC-SEOUL-OA-15560,2026-08-27,name_keyword:망원
SEOUL-MAPO-MANGWON,3110547,KB국민은행 망원동지점,골목상권,2024+ metric system; geometry file 2023-10,SEOUL_MARKET_SHP_2023-10-20,manual_review,,,,D,SRC-SEOUL-OA-15560,2026-08-27,name_keyword:망원
SEOUL-MAPO-MANGWON,3110554,망원역 1번,골목상권,2024+ metric system; geometry file 2023-10,SEOUL_MARKET_SHP_2023-10-20,manual_review,,,,D,SRC-SEOUL-OA-15560,2026-08-27,name_keyword:망원
SEOUL-MAPO-MANGWON,3120100,망원역,발달상권,2024+ metric system; geometry file 2023-10,SEOUL_MARKET_SHP_2023-10-20,manual_review,,,,D,SRC-SEOUL-OA-15560,2026-08-27,name_keyword:망원
SEOUL-MAPO-MANGWON,3130185,망원월드컵시장,전통시장,2024+ metric system; geometry file 2023-10,SEOUL_MARKET_SHP_2023-10-20,manual_review,,,,D,SRC-SEOUL-OA-15560,2026-08-27,name_keyword:망원
SEOUL-MAPO-SANGSU,3120105,상수역(홍대),발달상권,2024+ metric system; geometry file 2023-10,SEOUL_MARKET_SHP_2023-10-20,manual_review,,,,C,SRC-SEOUL-OA-15560,2026-08-27,name_keyword:상수|상수역|홍대
SEOUL-MAPO-SANGSU,3110561,상수역 4번,골목상권,2024+ metric system; geometry file 2023-10,SEOUL_MARKET_SHP_2023-10-20,manual_review,,,,C,SRC-SEOUL-OA-15560,2026-08-27,name_keyword:상수|상수역
SEOUL-MAPO-SANGSU,3110563,상수역 3번,골목상권,2024+ metric system; geometry file 2023-10,SEOUL_MARKET_SHP_2023-10-20,manual_review,,,,C,SRC-SEOUL-OA-15560,2026-08-27,name_keyword:상수|상수역
SEOUL-MAPO-SANGSU,3110557,홍대부속여중고앞,골목상권,2024+ metric system; geometry file 2023-10,SEOUL_MARKET_SHP_2023-10-20,manual_review,,,,D,SRC-SEOUL-OA-15560,2026-08-27,name_keyword:홍대
SEOUL-MAPO-SANGSU,3110564,홍대입구역 3번,골목상권,2024+ metric system; geometry file 2023-10,SEOUL_MARKET_SHP_2023-10-20,manual_review,,,,D,SRC-SEOUL-OA-15560,2026-08-27,name_keyword:홍대
SEOUL-MAPO-SANGSU,3110569,홍대땡땡거리,골목상권,2024+ metric system; geometry file 2023-10,SEOUL_MARKET_SHP_2023-10-20,manual_review,,,,D,SRC-SEOUL-OA-15560,2026-08-27,name_keyword:홍대
SEOUL-MAPO-SANGSU,3120102,서교동(홍대),발달상권,2024+ metric system; geometry file 2023-10,SEOUL_MARKET_SHP_2023-10-20,manual_review,,,,D,SRC-SEOUL-OA-15560,2026-08-27,name_keyword:홍대
SEOUL-MAPO-SANGSU,3120103,홍대입구역(홍대),발달상권,2024+ metric system; geometry file 2023-10,SEOUL_MARKET_SHP_2023-10-20,manual_review,,,,D,SRC-SEOUL-OA-15560,2026-08-27,name_keyword:홍대
SEOUL-MAPO-GONGDEOK-MAPO,3110579,마포역 4번,골목상권,2024+ metric system; geometry file 2023-10,SEOUL_MARKET_SHP_2023-10-20,manual_review,,,,C,SRC-SEOUL-OA-15560,2026-08-27,name_keyword:마포|마포역
SEOUL-MAPO-GONGDEOK-MAPO,3120106,마포역,발달상권,2024+ metric system; geometry file 2023-10,SEOUL_MARKET_SHP_2023-10-20,manual_review,,,,C,SRC-SEOUL-OA-15560,2026-08-27,name_keyword:마포|마포역
SEOUL-MAPO-GONGDEOK-MAPO,3120107,공덕역(공덕오거리),발달상권,2024+ metric system; geometry file 2023-10,SEOUL_MARKET_SHP_2023-10-20,manual_review,,,,C,SRC-SEOUL-OA-15560,2026-08-27,name_keyword:공덕|공덕역
SEOUL-MAPO-GONGDEOK-MAPO,3130195,도화동 상점가,전통시장,2024+ metric system; geometry file 2023-10,SEOUL_MARKET_SHP_2023-10-20,manual_review,,,,D,SRC-SEOUL-OA-15560,2026-08-27,name_keyword:도화동
SEOUL-MAPO-GONGDEOK-MAPO,3110542,마포구청역 7번,골목상권,2024+ metric system; geometry file 2023-10,SEOUL_MARKET_SHP_2023-10-20,manual_review,,,,D,SRC-SEOUL-OA-15560,2026-08-27,name_keyword:마포
SEOUL-MAPO-GONGDEOK-MAPO,3110545,마포구청역 1번,골목상권,2024+ metric system; geometry file 2023-10,SEOUL_MARKET_SHP_2023-10-20,manual_review,,,,D,SRC-SEOUL-OA-15560,2026-08-27,name_keyword:마포
SEOUL-MAPO-GONGDEOK-MAPO,3110548,마포구청역 4번,골목상권,2024+ metric system; geometry file 2023-10,SEOUL_MARKET_SHP_2023-10-20,manual_review,,,,D,SRC-SEOUL-OA-15560,2026-08-27,name_keyword:마포
SEOUL-MAPO-GONGDEOK-MAPO,3110560,마포FM,골목상권,2024+ metric system; geometry file 2023-10,SEOUL_MARKET_SHP_2023-10-20,manual_review,,,,D,SRC-SEOUL-OA-15560,2026-08-27,name_keyword:마포
SEOUL-MAPO-DAEHEUNG-SOGANG,3110567,광흥창역 6번,골목상권,2024+ metric system; geometry file 2023-10,SEOUL_MARKET_SHP_2023-10-20,manual_review,,,,C,SRC-SEOUL-OA-15560,2026-08-27,name_keyword:광흥창역|광흥창
SEOUL-MAPO-DAEHEUNG-SOGANG,3110568,광흥창역 1번,골목상권,2024+ metric system; geometry file 2023-10,SEOUL_MARKET_SHP_2023-10-20,manual_review,,,,C,SRC-SEOUL-OA-15560,2026-08-27,name_keyword:광흥창역|광흥창
SEOUL-MAPO-DAEHEUNG-SOGANG,3110576,대흥역 3번,골목상권,2024+ metric system; geometry file 2023-10,SEOUL_MARKET_SHP_2023-10-20,manual_review,,,,C,SRC-SEOUL-OA-15560,2026-08-27,name_keyword:대흥|대흥역
SEOUL-MAPO-DAEHEUNG-SOGANG,3110578,대흥역 2번,골목상권,2024+ metric system; geometry file 2023-10,SEOUL_MARKET_SHP_2023-10-20,manual_review,,,,C,SRC-SEOUL-OA-15560,2026-08-27,name_keyword:대흥|대흥역
SEOUL-MAPO-DAEHEUNG-SOGANG,3110572,서강대역 1번,골목상권,2024+ metric system; geometry file 2023-10,SEOUL_MARKET_SHP_2023-10-20,manual_review,,,,D,SRC-SEOUL-OA-15560,2026-08-27,name_keyword:서강대
SEOUL-MAPO-DAEHEUNG-SOGANG,3110574,서강대학교,골목상권,2024+ metric system; geometry file 2023-10,SEOUL_MARKET_SHP_2023-10-20,manual_review,,,,D,SRC-SEOUL-OA-15560,2026-08-27,name_keyword:서강대
SEOUL-MAPO-DAEHEUNG-SOGANG,3110575,대흥동주민센터,골목상권,2024+ metric system; geometry file 2023-10,SEOUL_MARKET_SHP_2023-10-20,manual_review,,,,D,SRC-SEOUL-OA-15560,2026-08-27,name_keyword:대흥
SEOUL-MAPO-SANGAM-DMC,3120098,DMC(디지털미디어시티),발달상권,2024+ metric system; geometry file 2023-10,SEOUL_MARKET_SHP_2023-10-20,manual_review,,,,C,SRC-SEOUL-OA-15560,2026-08-27,name_keyword:디지털미디어시티
SEOUL-MAPO-SANGAM-DMC,3120099,월드컵경기장역(월드컵경기장),발달상권,2024+ metric system; geometry file 2023-10,SEOUL_MARKET_SHP_2023-10-20,manual_review,,,,C,SRC-SEOUL-OA-15560,2026-08-27,name_keyword:월드컵경기장
SEOUL-YANGCHEON-MOKDONG-OGEORI,3110614,목동로데오거리,골목상권,2024+ metric system; geometry file 2023-10,SEOUL_MARKET_SHP_2023-10-20,manual_review,,,,C,SRC-SEOUL-OA-15560,2026-08-27,name_keyword:목동로데오|목동
SEOUL-YANGCHEON-MOKDONG-OGEORI,3110621,목동역 5번,골목상권,2024+ metric system; geometry file 2023-10,SEOUL_MARKET_SHP_2023-10-20,manual_review,,,,C,SRC-SEOUL-OA-15560,2026-08-27,name_keyword:목동역|목동
SEOUL-YANGCHEON-MOKDONG-OGEORI,3110628,신목동역,골목상권,2024+ metric system; geometry file 2023-10,SEOUL_MARKET_SHP_2023-10-20,manual_review,,,,C,SRC-SEOUL-OA-15560,2026-08-27,name_keyword:목동역|목동
SEOUL-YANGCHEON-MOKDONG-OGEORI,3120110,목동역 8번출구,발달상권,2024+ metric system; geometry file 2023-10,SEOUL_MARKET_SHP_2023-10-20,manual_review,,,,C,SRC-SEOUL-OA-15560,2026-08-27,name_keyword:목동역|목동
SEOUL-YANGCHEON-MOKDONG-OGEORI,3110605,목동센트럴아이파크앞,골목상권,2024+ metric system; geometry file 2023-10,SEOUL_MARKET_SHP_2023-10-20,manual_review,,,,D,SRC-SEOUL-OA-15560,2026-08-27,name_keyword:목동
SEOUL-YANGCHEON-MOKDONG-OGEORI,3110620,목동보건지소,골목상권,2024+ metric system; geometry file 2023-10,SEOUL_MARKET_SHP_2023-10-20,manual_review,,,,D,SRC-SEOUL-OA-15560,2026-08-27,name_keyword:목동
SEOUL-YANGCHEON-MOKDONG-OGEORI,3110624,목동문화체육센터,골목상권,2024+ metric system; geometry file 2023-10,SEOUL_MARKET_SHP_2023-10-20,manual_review,,,,D,SRC-SEOUL-OA-15560,2026-08-27,name_keyword:목동
SEOUL-YANGCHEON-MOKDONG-OGEORI,3120114,목동신시가지,발달상권,2024+ metric system; geometry file 2023-10,SEOUL_MARKET_SHP_2023-10-20,manual_review,,,,D,SRC-SEOUL-OA-15560,2026-08-27,name_keyword:목동
SEOUL-YANGCHEON-OMOKGYO,3120113,오목교역,발달상권,2024+ metric system; geometry file 2023-10,SEOUL_MARKET_SHP_2023-10-20,manual_review,,,,C,SRC-SEOUL-OA-15560,2026-08-27,name_keyword:오목교|오목교역
SEOUL-YANGCHEON-OMOKGYO,3130211,신정2동 골목시장(오목교중앙시장),전통시장,2024+ metric system; geometry file 2023-10,SEOUL_MARKET_SHP_2023-10-20,manual_review,,,,D,SRC-SEOUL-OA-15560,2026-08-27,name_keyword:오목교
SEOUL-YANGCHEON-MOKDONG-ACADEMY,3120113,오목교역,발달상권,2024+ metric system; geometry file 2023-10,SEOUL_MARKET_SHP_2023-10-20,manual_review,,,,D,SRC-SEOUL-OA-15560,2026-08-27,name_keyword:오목교
SEOUL-YANGCHEON-MOKDONG-ACADEMY,3130211,신정2동 골목시장(오목교중앙시장),전통시장,2024+ metric system; geometry file 2023-10,SEOUL_MARKET_SHP_2023-10-20,manual_review,,,,D,SRC-SEOUL-OA-15560,2026-08-27,name_keyword:오목교
SEOUL-YANGCHEON-MOKDONG-ACADEMY,3110605,목동센트럴아이파크앞,골목상권,2024+ metric system; geometry file 2023-10,SEOUL_MARKET_SHP_2023-10-20,manual_review,,,,D,SRC-SEOUL-OA-15560,2026-08-27,name_keyword:목동
SEOUL-YANGCHEON-MOKDONG-ACADEMY,3110614,목동로데오거리,골목상권,2024+ metric system; geometry file 2023-10,SEOUL_MARKET_SHP_2023-10-20,manual_review,,,,D,SRC-SEOUL-OA-15560,2026-08-27,name_keyword:목동
SEOUL-YANGCHEON-MOKDONG-ACADEMY,3110620,목동보건지소,골목상권,2024+ metric system; geometry file 2023-10,SEOUL_MARKET_SHP_2023-10-20,manual_review,,,,D,SRC-SEOUL-OA-15560,2026-08-27,name_keyword:목동
SEOUL-YANGCHEON-MOKDONG-ACADEMY,3110621,목동역 5번,골목상권,2024+ metric system; geometry file 2023-10,SEOUL_MARKET_SHP_2023-10-20,manual_review,,,,D,SRC-SEOUL-OA-15560,2026-08-27,name_keyword:목동
SEOUL-YANGCHEON-MOKDONG-ACADEMY,3110624,목동문화체육센터,골목상권,2024+ metric system; geometry file 2023-10,SEOUL_MARKET_SHP_2023-10-20,manual_review,,,,D,SRC-SEOUL-OA-15560,2026-08-27,name_keyword:목동
SEOUL-YANGCHEON-MOKDONG-ACADEMY,3110628,신목동역,골목상권,2024+ metric system; geometry file 2023-10,SEOUL_MARKET_SHP_2023-10-20,manual_review,,,,D,SRC-SEOUL-OA-15560,2026-08-27,name_keyword:목동
SEOUL-YANGCHEON-SINJEONGNEGEORI,3110609,신정네거리역 2번,골목상권,2024+ metric system; geometry file 2023-10,SEOUL_MARKET_SHP_2023-10-20,manual_review,,,,C,SRC-SEOUL-OA-15560,2026-08-27,name_keyword:신정네거리|신정네거리역
SEOUL-YANGCHEON-SINJEONGNEGEORI,3110613,신정네거리역 4번,골목상권,2024+ metric system; geometry file 2023-10,SEOUL_MARKET_SHP_2023-10-20,manual_review,,,,C,SRC-SEOUL-OA-15560,2026-08-27,name_keyword:신정네거리|신정네거리역
SEOUL-YANGCHEON-SINJEONGNEGEORI,3120108,신정네거리역,발달상권,2024+ metric system; geometry file 2023-10,SEOUL_MARKET_SHP_2023-10-20,manual_review,,,,C,SRC-SEOUL-OA-15560,2026-08-27,name_keyword:신정네거리|신정네거리역
SEOUL-YANGCHEON-SINWOL,3110596,서서울호수공원,골목상권,2024+ metric system; geometry file 2023-10,SEOUL_MARKET_SHP_2023-10-20,manual_review,,,,C,SRC-SEOUL-OA-15560,2026-08-27,name_keyword:서서울호수공원
SEOUL-YANGCHEON-SINWOL,3130202,신영시장,전통시장,2024+ metric system; geometry file 2023-10,SEOUL_MARKET_SHP_2023-10-20,manual_review,,,,C,SRC-SEOUL-OA-15560,2026-08-27,name_keyword:신영시장
SEOUL-YANGCHEON-SINWOL,3110593,신월3동주민센터,골목상권,2024+ metric system; geometry file 2023-10,SEOUL_MARKET_SHP_2023-10-20,manual_review,,,,D,SRC-SEOUL-OA-15560,2026-08-27,name_keyword:신월
SEOUL-YANGCHEON-SINWOL,3110594,신월중학교,골목상권,2024+ metric system; geometry file 2023-10,SEOUL_MARKET_SHP_2023-10-20,manual_review,,,,D,SRC-SEOUL-OA-15560,2026-08-27,name_keyword:신월
SEOUL-YANGCHEON-SINWOL,3110597,신월1동주민센터,골목상권,2024+ metric system; geometry file 2023-10,SEOUL_MARKET_SHP_2023-10-20,manual_review,,,,D,SRC-SEOUL-OA-15560,2026-08-27,name_keyword:신월
SEOUL-YANGCHEON-SINWOL,3110598,신월문화체육센터,골목상권,2024+ metric system; geometry file 2023-10,SEOUL_MARKET_SHP_2023-10-20,manual_review,,,,D,SRC-SEOUL-OA-15560,2026-08-27,name_keyword:신월
SEOUL-YANGCHEON-SINWOL,3110599,신월1파출소,골목상권,2024+ metric system; geometry file 2023-10,SEOUL_MARKET_SHP_2023-10-20,manual_review,,,,D,SRC-SEOUL-OA-15560,2026-08-27,name_keyword:신월
SEOUL-YANGCHEON-SINWOL,3110600,신월7동주민센터,골목상권,2024+ metric system; geometry file 2023-10,SEOUL_MARKET_SHP_2023-10-20,manual_review,,,,D,SRC-SEOUL-OA-15560,2026-08-27,name_keyword:신월
SEOUL-GANGSEO-MAGOK,3120118,마곡역(마곡),발달상권,2024+ metric system; geometry file 2023-10,SEOUL_MARKET_SHP_2023-10-20,manual_review,,,,D,SRC-SEOUL-OA-15560,2026-08-27,name_keyword:마곡
SEOUL-GANGSEO-MAGOK,3120119,발산역(마곡),발달상권,2024+ metric system; geometry file 2023-10,SEOUL_MARKET_SHP_2023-10-20,manual_review,,,,D,SRC-SEOUL-OA-15560,2026-08-27,name_keyword:마곡
SEOUL-GANGSEO-BALSAN,3120119,발산역(마곡),발달상권,2024+ metric system; geometry file 2023-10,SEOUL_MARKET_SHP_2023-10-20,manual_review,,,,C,SRC-SEOUL-OA-15560,2026-08-27,name_keyword:발산|발산역|마곡
SEOUL-GANGSEO-BALSAN,3110655,발산역 5번,골목상권,2024+ metric system; geometry file 2023-10,SEOUL_MARKET_SHP_2023-10-20,manual_review,,,,C,SRC-SEOUL-OA-15560,2026-08-27,name_keyword:발산|발산역
SEOUL-GANGSEO-BALSAN,3120118,마곡역(마곡),발달상권,2024+ metric system; geometry file 2023-10,SEOUL_MARKET_SHP_2023-10-20,manual_review,,,,D,SRC-SEOUL-OA-15560,2026-08-27,name_keyword:마곡
SEOUL-GANGSEO-GIMPOAIRPORT,3110630,공항시장역 1번,골목상권,2024+ metric system; geometry file 2023-10,SEOUL_MARKET_SHP_2023-10-20,manual_review,,,,C,SRC-SEOUL-OA-15560,2026-08-27,name_keyword:공항시장
SEOUL-GANGSEO-GIMPOAIRPORT,3110635,공항시장역 3번,골목상권,2024+ metric system; geometry file 2023-10,SEOUL_MARKET_SHP_2023-10-20,manual_review,,,,C,SRC-SEOUL-OA-15560,2026-08-27,name_keyword:공항시장
SEOUL-GANGSEO-GIMPOAIRPORT,3120115,김포공항역(김포공항),발달상권,2024+ metric system; geometry file 2023-10,SEOUL_MARKET_SHP_2023-10-20,manual_review,,,,C,SRC-SEOUL-OA-15560,2026-08-27,name_keyword:김포공항
SEOUL-GANGSEO-GIMPOAIRPORT,3130212,공항시장,전통시장,2024+ metric system; geometry file 2023-10,SEOUL_MARKET_SHP_2023-10-20,manual_review,,,,C,SRC-SEOUL-OA-15560,2026-08-27,name_keyword:공항시장
SEOUL-GANGSEO-GIMPOAIRPORT,3110629,송정역 4번,골목상권,2024+ metric system; geometry file 2023-10,SEOUL_MARKET_SHP_2023-10-20,manual_review,,,,D,SRC-SEOUL-OA-15560,2026-08-27,name_keyword:송정
SEOUL-GANGSEO-GIMPOAIRPORT,3110634,송정역 3번,골목상권,2024+ metric system; geometry file 2023-10,SEOUL_MARKET_SHP_2023-10-20,manual_review,,,,D,SRC-SEOUL-OA-15560,2026-08-27,name_keyword:송정
SEOUL-GANGSEO-GIMPOAIRPORT,3110637,송정역 2번,골목상권,2024+ metric system; geometry file 2023-10,SEOUL_MARKET_SHP_2023-10-20,manual_review,,,,D,SRC-SEOUL-OA-15560,2026-08-27,name_keyword:송정
SEOUL-GANGSEO-GIMPOAIRPORT,3120116,송정역,발달상권,2024+ metric system; geometry file 2023-10,SEOUL_MARKET_SHP_2023-10-20,manual_review,,,,D,SRC-SEOUL-OA-15560,2026-08-27,name_keyword:송정
SEOUL-GANGSEO-HWAGOK,3130217,화곡본동시장,전통시장,2024+ metric system; geometry file 2023-10,SEOUL_MARKET_SHP_2023-10-20,manual_review,,,,C,SRC-SEOUL-OA-15560,2026-08-27,name_keyword:화곡|화곡본동시장
SEOUL-GANGSEO-HWAGOK,3110647,화곡역 5번,골목상권,2024+ metric system; geometry file 2023-10,SEOUL_MARKET_SHP_2023-10-20,manual_review,,,,C,SRC-SEOUL-OA-15560,2026-08-27,name_keyword:화곡|화곡역
SEOUL-GANGSEO-HWAGOK,3110653,화곡역 2번,골목상권,2024+ metric system; geometry file 2023-10,SEOUL_MARKET_SHP_2023-10-20,manual_review,,,,C,SRC-SEOUL-OA-15560,2026-08-27,name_keyword:화곡|화곡역
SEOUL-GANGSEO-HWAGOK,3110659,화곡역 4번,골목상권,2024+ metric system; geometry file 2023-10,SEOUL_MARKET_SHP_2023-10-20,manual_review,,,,C,SRC-SEOUL-OA-15560,2026-08-27,name_keyword:화곡|화곡역
SEOUL-GANGSEO-HWAGOK,3120120,화곡역,발달상권,2024+ metric system; geometry file 2023-10,SEOUL_MARKET_SHP_2023-10-20,manual_review,,,,C,SRC-SEOUL-OA-15560,2026-08-27,name_keyword:화곡|화곡역
SEOUL-GANGSEO-HWAGOK,3110664,강서구청옆,골목상권,2024+ metric system; geometry file 2023-10,SEOUL_MARKET_SHP_2023-10-20,manual_review,,,,C,SRC-SEOUL-OA-15560,2026-08-27,name_keyword:강서구청
SEOUL-GANGSEO-HWAGOK,3110674,강서구청가양동별관,골목상권,2024+ metric system; geometry file 2023-10,SEOUL_MARKET_SHP_2023-10-20,manual_review,,,,C,SRC-SEOUL-OA-15560,2026-08-27,name_keyword:강서구청
SEOUL-GANGSEO-HWAGOK,3120122,강서구청,발달상권,2024+ metric system; geometry file 2023-10,SEOUL_MARKET_SHP_2023-10-20,manual_review,,,,C,SRC-SEOUL-OA-15560,2026-08-27,name_keyword:강서구청
SEOUL-GANGSEO-KKACHISAN,3110654,까치산역 4번,골목상권,2024+ metric system; geometry file 2023-10,SEOUL_MARKET_SHP_2023-10-20,manual_review,,,,C,SRC-SEOUL-OA-15560,2026-08-27,name_keyword:까치산|까치산역
SEOUL-GANGSEO-KKACHISAN,3110656,까치산역 3번,골목상권,2024+ metric system; geometry file 2023-10,SEOUL_MARKET_SHP_2023-10-20,manual_review,,,,C,SRC-SEOUL-OA-15560,2026-08-27,name_keyword:까치산|까치산역
SEOUL-GANGSEO-KKACHISAN,3110662,까치산역 1번,골목상권,2024+ metric system; geometry file 2023-10,SEOUL_MARKET_SHP_2023-10-20,manual_review,,,,C,SRC-SEOUL-OA-15560,2026-08-27,name_keyword:까치산|까치산역
SEOUL-GANGSEO-KKACHISAN,3120121,까치산역,발달상권,2024+ metric system; geometry file 2023-10,SEOUL_MARKET_SHP_2023-10-20,manual_review,,,,C,SRC-SEOUL-OA-15560,2026-08-27,name_keyword:까치산|까치산역
SEOUL-GANGSEO-KKACHISAN,3130219,까치산시장,전통시장,2024+ metric system; geometry file 2023-10,SEOUL_MARKET_SHP_2023-10-20,manual_review,,,,D,SRC-SEOUL-OA-15560,2026-08-27,name_keyword:까치산
SEOUL-GANGSEO-DEUNGCHON-YEOMCHANG,3110676,등촌역 7번,골목상권,2024+ metric system; geometry file 2023-10,SEOUL_MARKET_SHP_2023-10-20,manual_review,,,,C,SRC-SEOUL-OA-15560,2026-08-27,name_keyword:등촌|등촌역
SEOUL-GANGSEO-DEUNGCHON-YEOMCHANG,3110677,등촌역 1번,골목상권,2024+ metric system; geometry file 2023-10,SEOUL_MARKET_SHP_2023-10-20,manual_review,,,,C,SRC-SEOUL-OA-15560,2026-08-27,name_keyword:등촌|등촌역
SEOUL-GANGSEO-DEUNGCHON-YEOMCHANG,3110679,염창역 2번,골목상권,2024+ metric system; geometry file 2023-10,SEOUL_MARKET_SHP_2023-10-20,manual_review,,,,C,SRC-SEOUL-OA-15560,2026-08-27,name_keyword:염창|염창역
SEOUL-GANGSEO-DEUNGCHON-YEOMCHANG,3110660,등촌3동주민센터,골목상권,2024+ metric system; geometry file 2023-10,SEOUL_MARKET_SHP_2023-10-20,manual_review,,,,D,SRC-SEOUL-OA-15560,2026-08-27,name_keyword:등촌
SEOUL-GANGSEO-DEUNGCHON-YEOMCHANG,3110671,등촌1동주민센터,골목상권,2024+ metric system; geometry file 2023-10,SEOUL_MARKET_SHP_2023-10-20,manual_review,,,,D,SRC-SEOUL-OA-15560,2026-08-27,name_keyword:등촌
SEOUL-GANGSEO-DEUNGCHON-YEOMCHANG,3110678,염창무학아파트,골목상권,2024+ metric system; geometry file 2023-10,SEOUL_MARKET_SHP_2023-10-20,manual_review,,,,D,SRC-SEOUL-OA-15560,2026-08-27,name_keyword:염창
SEOUL-GANGSEO-BANGHWA,3110633,개화산역 1번,골목상권,2024+ metric system; geometry file 2023-10,SEOUL_MARKET_SHP_2023-10-20,manual_review,,,,C,SRC-SEOUL-OA-15560,2026-08-27,name_keyword:개화산역|개화산
SEOUL-GANGSEO-BANGHWA,3110632,방화역 3번,골목상권,2024+ metric system; geometry file 2023-10,SEOUL_MARKET_SHP_2023-10-20,manual_review,,,,C,SRC-SEOUL-OA-15560,2026-08-27,name_keyword:방화|방화역
SEOUL-GANGSEO-BANGHWA,3110636,방화역 2번,골목상권,2024+ metric system; geometry file 2023-10,SEOUL_MARKET_SHP_2023-10-20,manual_review,,,,C,SRC-SEOUL-OA-15560,2026-08-27,name_keyword:방화|방화역
SEOUL-GANGSEO-BANGHWA,3110638,신방화역 2번,골목상권,2024+ metric system; geometry file 2023-10,SEOUL_MARKET_SHP_2023-10-20,manual_review,,,,C,SRC-SEOUL-OA-15560,2026-08-27,name_keyword:방화|방화역
SEOUL-GANGSEO-BANGHWA,3110639,신방화역 8번,골목상권,2024+ metric system; geometry file 2023-10,SEOUL_MARKET_SHP_2023-10-20,manual_review,,,,C,SRC-SEOUL-OA-15560,2026-08-27,name_keyword:방화|방화역
SEOUL-GANGSEO-BANGHWA,3110640,방화역 1번,골목상권,2024+ metric system; geometry file 2023-10,SEOUL_MARKET_SHP_2023-10-20,manual_review,,,,C,SRC-SEOUL-OA-15560,2026-08-27,name_keyword:방화|방화역
SEOUL-GANGSEO-BANGHWA,3110631,방화초등학교,골목상권,2024+ metric system; geometry file 2023-10,SEOUL_MARKET_SHP_2023-10-20,manual_review,,,,D,SRC-SEOUL-OA-15560,2026-08-27,name_keyword:방화
SEOUL-GURO-GURODIGITAL,3120130,구로디지털단지역,발달상권,2024+ metric system; geometry file 2023-10,SEOUL_MARKET_SHP_2023-10-20,manual_review,,,,C,SRC-SEOUL-OA-15560,2026-08-27,name_keyword:구로디지털단지|구로디지털단지역
SEOUL-GURO-GURODIGITAL,3120129,구로디지털단지,발달상권,2024+ metric system; geometry file 2023-10,SEOUL_MARKET_SHP_2023-10-20,manual_review,,,,C,SRC-SEOUL-OA-15560,2026-08-27,name_keyword:구로디지털단지
SEOUL-GURO-SINDORIM,3120128,신도림역,발달상권,2024+ metric system; geometry file 2023-10,SEOUL_MARKET_SHP_2023-10-20,manual_review,,,,C,SRC-SEOUL-OA-15560,2026-08-27,name_keyword:신도림|신도림역
SEOUL-GURO-GUROSTN,3130228,구로시장,전통시장,2024+ metric system; geometry file 2023-10,SEOUL_MARKET_SHP_2023-10-20,manual_review,,,,C,SRC-SEOUL-OA-15560,2026-08-27,name_keyword:구로|구로시장
SEOUL-GURO-GUROSTN,3130229,남구로시장,전통시장,2024+ metric system; geometry file 2023-10,SEOUL_MARKET_SHP_2023-10-20,manual_review,,,,C,SRC-SEOUL-OA-15560,2026-08-27,name_keyword:구로|구로시장
SEOUL-GURO-GUROSTN,3110710,남구로역 3번,골목상권,2024+ metric system; geometry file 2023-10,SEOUL_MARKET_SHP_2023-10-20,manual_review,,,,C,SRC-SEOUL-OA-15560,2026-08-27,name_keyword:구로역|구로
SEOUL-GURO-GUROSTN,3110712,남구로역 5번,골목상권,2024+ metric system; geometry file 2023-10,SEOUL_MARKET_SHP_2023-10-20,manual_review,,,,C,SRC-SEOUL-OA-15560,2026-08-27,name_keyword:구로역|구로
SEOUL-GURO-GUROSTN,3110717,남구로역 2번,골목상권,2024+ metric system; geometry file 2023-10,SEOUL_MARKET_SHP_2023-10-20,manual_review,,,,C,SRC-SEOUL-OA-15560,2026-08-27,name_keyword:구로역|구로
SEOUL-GURO-GUROSTN,3120125,구로역,발달상권,2024+ metric system; geometry file 2023-10,SEOUL_MARKET_SHP_2023-10-20,manual_review,,,,C,SRC-SEOUL-OA-15560,2026-08-27,name_keyword:구로역|구로
SEOUL-GURO-GUROSTN,3110707,구로창업지원센터,골목상권,2024+ metric system; geometry file 2023-10,SEOUL_MARKET_SHP_2023-10-20,manual_review,,,,D,SRC-SEOUL-OA-15560,2026-08-27,name_keyword:구로
SEOUL-GURO-GUROSTN,3110709,구로119안전센터,골목상권,2024+ metric system; geometry file 2023-10,SEOUL_MARKET_SHP_2023-10-20,manual_review,,,,D,SRC-SEOUL-OA-15560,2026-08-27,name_keyword:구로
SEOUL-GURO-GOCHEOK-GAEBONG,3110703,개봉역,골목상권,2024+ metric system; geometry file 2023-10,SEOUL_MARKET_SHP_2023-10-20,manual_review,,,,C,SRC-SEOUL-OA-15560,2026-08-27,name_keyword:개봉|개봉역
SEOUL-GURO-GOCHEOK-GAEBONG,3130224,개봉프라자(고척근린시장),전통시장,2024+ metric system; geometry file 2023-10,SEOUL_MARKET_SHP_2023-10-20,manual_review,,,,C,SRC-SEOUL-OA-15560,2026-08-27,name_keyword:고척|개봉
SEOUL-GURO-GOCHEOK-GAEBONG,3110691,개봉중학교,골목상권,2024+ metric system; geometry file 2023-10,SEOUL_MARKET_SHP_2023-10-20,manual_review,,,,D,SRC-SEOUL-OA-15560,2026-08-27,name_keyword:개봉
SEOUL-GURO-GOCHEOK-GAEBONG,3110695,개봉1동주민센터,골목상권,2024+ metric system; geometry file 2023-10,SEOUL_MARKET_SHP_2023-10-20,manual_review,,,,D,SRC-SEOUL-OA-15560,2026-08-27,name_keyword:개봉
SEOUL-GURO-GOCHEOK-GAEBONG,3110697,개봉3동주민센터,골목상권,2024+ metric system; geometry file 2023-10,SEOUL_MARKET_SHP_2023-10-20,manual_review,,,,D,SRC-SEOUL-OA-15560,2026-08-27,name_keyword:개봉
SEOUL-GURO-GOCHEOK-GAEBONG,3110700,고척초등학교,골목상권,2024+ metric system; geometry file 2023-10,SEOUL_MARKET_SHP_2023-10-20,manual_review,,,,D,SRC-SEOUL-OA-15560,2026-08-27,name_keyword:고척
SEOUL-GURO-GOCHEOK-GAEBONG,3110701,고척동성당,골목상권,2024+ metric system; geometry file 2023-10,SEOUL_MARKET_SHP_2023-10-20,manual_review,,,,D,SRC-SEOUL-OA-15560,2026-08-27,name_keyword:고척
SEOUL-GURO-GOCHEOK-GAEBONG,3110702,개봉초등학교,골목상권,2024+ metric system; geometry file 2023-10,SEOUL_MARKET_SHP_2023-10-20,manual_review,,,,D,SRC-SEOUL-OA-15560,2026-08-27,name_keyword:개봉
SEOUL-GURO-ORYU-ONSU,3110689,오류동역 3번,골목상권,2024+ metric system; geometry file 2023-10,SEOUL_MARKET_SHP_2023-10-20,manual_review,,,,C,SRC-SEOUL-OA-15560,2026-08-27,name_keyword:오류|오류동역|오류동
SEOUL-GURO-ORYU-ONSU,3110693,오류동역 4번,골목상권,2024+ metric system; geometry file 2023-10,SEOUL_MARKET_SHP_2023-10-20,manual_review,,,,C,SRC-SEOUL-OA-15560,2026-08-27,name_keyword:오류|오류동역|오류동
SEOUL-GURO-ORYU-ONSU,3110696,오류동역 1번,골목상권,2024+ metric system; geometry file 2023-10,SEOUL_MARKET_SHP_2023-10-20,manual_review,,,,C,SRC-SEOUL-OA-15560,2026-08-27,name_keyword:오류|오류동역|오류동
SEOUL-GURO-ORYU-ONSU,3120123,오류동역,발달상권,2024+ metric system; geometry file 2023-10,SEOUL_MARKET_SHP_2023-10-20,manual_review,,,,C,SRC-SEOUL-OA-15560,2026-08-27,name_keyword:오류|오류동역|오류동
SEOUL-GURO-ORYU-ONSU,3130222,오류시장,전통시장,2024+ metric system; geometry file 2023-10,SEOUL_MARKET_SHP_2023-10-20,manual_review,,,,C,SRC-SEOUL-OA-15560,2026-08-27,name_keyword:오류|오류시장
SEOUL-GURO-ORYU-ONSU,3110680,온수역 5번(온수산업단지),골목상권,2024+ metric system; geometry file 2023-10,SEOUL_MARKET_SHP_2023-10-20,manual_review,,,,C,SRC-SEOUL-OA-15560,2026-08-27,name_keyword:온수|온수역
SEOUL-GURO-ORYU-ONSU,3110681,온수역 1번,골목상권,2024+ metric system; geometry file 2023-10,SEOUL_MARKET_SHP_2023-10-20,manual_review,,,,C,SRC-SEOUL-OA-15560,2026-08-27,name_keyword:온수|온수역
SEOUL-GURO-ORYU-ONSU,3110682,온수역 8번,골목상권,2024+ metric system; geometry file 2023-10,SEOUL_MARKET_SHP_2023-10-20,manual_review,,,,C,SRC-SEOUL-OA-15560,2026-08-27,name_keyword:온수|온수역
SEOUL-GURO-CHEONWANG,3110687,"천왕역 3번(오류2동주민센터, 서울오류남초등학교)",골목상권,2024+ metric system; geometry file 2023-10,SEOUL_MARKET_SHP_2023-10-20,manual_review,,,,C,SRC-SEOUL-OA-15560,2026-08-27,name_keyword:천왕|천왕역
SEOUL-GEUMCHEON-GASANDIGITAL,3110723,가산디지털단지역 1번 출입구,골목상권,2024+ metric system; geometry file 2023-10,SEOUL_MARKET_SHP_2023-10-20,manual_review,,,,C,SRC-SEOUL-OA-15560,2026-08-27,name_keyword:가산디지털단지|가산디지털단지역
SEOUL-GEUMCHEON-GASANDIGITAL,3120131,가산디지털단지,발달상권,2024+ metric system; geometry file 2023-10,SEOUL_MARKET_SHP_2023-10-20,manual_review,,,,C,SRC-SEOUL-OA-15560,2026-08-27,name_keyword:가산디지털단지
SEOUL-GEUMCHEON-DOKSAN,3130231,독산동 우시장,전통시장,2024+ metric system; geometry file 2023-10,SEOUL_MARKET_SHP_2023-10-20,manual_review,,,,C,SRC-SEOUL-OA-15560,2026-08-27,name_keyword:독산|독산동|우시장
SEOUL-GEUMCHEON-DOKSAN,3110727,독산역 1번 출입구,골목상권,2024+ metric system; geometry file 2023-10,SEOUL_MARKET_SHP_2023-10-20,manual_review,,,,C,SRC-SEOUL-OA-15560,2026-08-27,name_keyword:독산|독산역
SEOUL-GEUMCHEON-DOKSAN,3110730,서울축산농협 독산역지점(독산파출소),골목상권,2024+ metric system; geometry file 2023-10,SEOUL_MARKET_SHP_2023-10-20,manual_review,,,,C,SRC-SEOUL-OA-15560,2026-08-27,name_keyword:독산|독산역
SEOUL-GEUMCHEON-DOKSAN,3110744,독산동성당,골목상권,2024+ metric system; geometry file 2023-10,SEOUL_MARKET_SHP_2023-10-20,manual_review,,,,C,SRC-SEOUL-OA-15560,2026-08-27,name_keyword:독산|독산동
SEOUL-GEUMCHEON-DOKSAN,3110745,독산동정훈단지,골목상권,2024+ metric system; geometry file 2023-10,SEOUL_MARKET_SHP_2023-10-20,manual_review,,,,C,SRC-SEOUL-OA-15560,2026-08-27,name_keyword:독산|독산동
SEOUL-GEUMCHEON-DOKSAN,3120132,독산동,발달상권,2024+ metric system; geometry file 2023-10,SEOUL_MARKET_SHP_2023-10-20,manual_review,,,,C,SRC-SEOUL-OA-15560,2026-08-27,name_keyword:독산|독산동
SEOUL-GEUMCHEON-DOKSAN,3130232,독산동 맛나는거리상점가(독산동 맛나는거리),전통시장,2024+ metric system; geometry file 2023-10,SEOUL_MARKET_SHP_2023-10-20,manual_review,,,,C,SRC-SEOUL-OA-15560,2026-08-27,name_keyword:독산|독산동
SEOUL-GEUMCHEON-DOKSAN,3110736,독산119안전센터,골목상권,2024+ metric system; geometry file 2023-10,SEOUL_MARKET_SHP_2023-10-20,manual_review,,,,D,SRC-SEOUL-OA-15560,2026-08-27,name_keyword:독산
SEOUL-GEUMCHEON-SIHEUNG-SAGEORI,3130238,은행나무시장,전통시장,2024+ metric system; geometry file 2023-10,SEOUL_MARKET_SHP_2023-10-20,manual_review,,,,C,SRC-SEOUL-OA-15560,2026-08-27,name_keyword:은행나무시장
SEOUL-GEUMCHEON-SIHEUNG-SAGEORI,3110731,금천구청역 1번 출입구,골목상권,2024+ metric system; geometry file 2023-10,SEOUL_MARKET_SHP_2023-10-20,manual_review,,,,C,SRC-SEOUL-OA-15560,2026-08-27,name_keyword:금천구청
SEOUL-GEUMCHEON-GEUMCHEONGU-OFFICE,3110731,금천구청역 1번 출입구,골목상권,2024+ metric system; geometry file 2023-10,SEOUL_MARKET_SHP_2023-10-20,manual_review,,,,C,SRC-SEOUL-OA-15560,2026-08-27,name_keyword:금천구청|금천구청역
SEOUL-YEONGDEUNGPO-YEOUIDO,3120149,여의도역(여의도),발달상권,2024+ metric system; geometry file 2023-10,SEOUL_MARKET_SHP_2023-10-20,manual_review,,,,C,SRC-SEOUL-OA-15560,2026-08-27,name_keyword:여의도|여의도역
SEOUL-YEONGDEUNGPO-YEONGDEUNGPOSTN,3110792,영등포역 2번,골목상권,2024+ metric system; geometry file 2023-10,SEOUL_MARKET_SHP_2023-10-20,manual_review,,,,C,SRC-SEOUL-OA-15560,2026-08-27,name_keyword:영등포역|영등포
SEOUL-YEONGDEUNGPO-YEONGDEUNGPOSTN,3120145,영등포역(영등포),발달상권,2024+ metric system; geometry file 2023-10,SEOUL_MARKET_SHP_2023-10-20,manual_review,,,,C,SRC-SEOUL-OA-15560,2026-08-27,name_keyword:영등포역|영등포
SEOUL-YEONGDEUNGPO-YEONGDEUNGPOSTN,3130248,영등포역지하도상점가,전통시장,2024+ metric system; geometry file 2023-10,SEOUL_MARKET_SHP_2023-10-20,manual_review,,,,C,SRC-SEOUL-OA-15560,2026-08-27,name_keyword:영등포역|영등포
SEOUL-YEONGDEUNGPO-YEONGDEUNGPOSTN,3110763,영등포구청역 2번,골목상권,2024+ metric system; geometry file 2023-10,SEOUL_MARKET_SHP_2023-10-20,manual_review,,,,D,SRC-SEOUL-OA-15560,2026-08-27,name_keyword:영등포
SEOUL-YEONGDEUNGPO-YEONGDEUNGPOSTN,3110770,영등포구청역 6번,골목상권,2024+ metric system; geometry file 2023-10,SEOUL_MARKET_SHP_2023-10-20,manual_review,,,,D,SRC-SEOUL-OA-15560,2026-08-27,name_keyword:영등포
SEOUL-YEONGDEUNGPO-YEONGDEUNGPOSTN,3110782,영등포시장역 4번,골목상권,2024+ metric system; geometry file 2023-10,SEOUL_MARKET_SHP_2023-10-20,manual_review,,,,D,SRC-SEOUL-OA-15560,2026-08-27,name_keyword:영등포
SEOUL-YEONGDEUNGPO-YEONGDEUNGPOSTN,3110783,영등포시장역 1번,골목상권,2024+ metric system; geometry file 2023-10,SEOUL_MARKET_SHP_2023-10-20,manual_review,,,,D,SRC-SEOUL-OA-15560,2026-08-27,name_keyword:영등포
SEOUL-YEONGDEUNGPO-YEONGDEUNGPOSTN,3110785,영등포푸르지오아파트,골목상권,2024+ metric system; geometry file 2023-10,SEOUL_MARKET_SHP_2023-10-20,manual_review,,,,D,SRC-SEOUL-OA-15560,2026-08-27,name_keyword:영등포
SEOUL-YEONGDEUNGPO-MULLAE,3110759,문래예술촌(문래창작촌),골목상권,2024+ metric system; geometry file 2023-10,SEOUL_MARKET_SHP_2023-10-20,manual_review,,,,C,SRC-SEOUL-OA-15560,2026-08-27,name_keyword:문래|문래창작촌
SEOUL-YEONGDEUNGPO-MULLAE,3110764,문래역 3번,골목상권,2024+ metric system; geometry file 2023-10,SEOUL_MARKET_SHP_2023-10-20,manual_review,,,,C,SRC-SEOUL-OA-15560,2026-08-27,name_keyword:문래|문래역
SEOUL-YEONGDEUNGPO-MULLAE,3120137,문래역(문래로데오거리),발달상권,2024+ metric system; geometry file 2023-10,SEOUL_MARKET_SHP_2023-10-20,manual_review,,,,C,SRC-SEOUL-OA-15560,2026-08-27,name_keyword:문래|문래역
SEOUL-YEONGDEUNGPO-MULLAE,3110756,문래중학교,골목상권,2024+ metric system; geometry file 2023-10,SEOUL_MARKET_SHP_2023-10-20,manual_review,,,,D,SRC-SEOUL-OA-15560,2026-08-27,name_keyword:문래
SEOUL-YEONGDEUNGPO-MULLAE,3110758,문래소공원,골목상권,2024+ metric system; geometry file 2023-10,SEOUL_MARKET_SHP_2023-10-20,manual_review,,,,D,SRC-SEOUL-OA-15560,2026-08-27,name_keyword:문래
SEOUL-YEONGDEUNGPO-MULLAE,3110761,문래동남성맨션,골목상권,2024+ metric system; geometry file 2023-10,SEOUL_MARKET_SHP_2023-10-20,manual_review,,,,D,SRC-SEOUL-OA-15560,2026-08-27,name_keyword:문래
SEOUL-YEONGDEUNGPO-MULLAE,3110765,문래동사거리,골목상권,2024+ metric system; geometry file 2023-10,SEOUL_MARKET_SHP_2023-10-20,manual_review,,,,D,SRC-SEOUL-OA-15560,2026-08-27,name_keyword:문래
SEOUL-YEONGDEUNGPO-MULLAE,3120140,문래동주민센터,발달상권,2024+ metric system; geometry file 2023-10,SEOUL_MARKET_SHP_2023-10-20,manual_review,,,,D,SRC-SEOUL-OA-15560,2026-08-27,name_keyword:문래
SEOUL-YEONGDEUNGPO-DANGSAN,3110773,당산역 13번,골목상권,2024+ metric system; geometry file 2023-10,SEOUL_MARKET_SHP_2023-10-20,manual_review,,,,C,SRC-SEOUL-OA-15560,2026-08-27,name_keyword:당산|당산역
SEOUL-YEONGDEUNGPO-DANGSAN,3110786,당산역 8번,골목상권,2024+ metric system; geometry file 2023-10,SEOUL_MARKET_SHP_2023-10-20,manual_review,,,,C,SRC-SEOUL-OA-15560,2026-08-27,name_keyword:당산|당산역
SEOUL-YEONGDEUNGPO-DANGSAN,3120143,당산역,발달상권,2024+ metric system; geometry file 2023-10,SEOUL_MARKET_SHP_2023-10-20,manual_review,,,,C,SRC-SEOUL-OA-15560,2026-08-27,name_keyword:당산|당산역
SEOUL-YEONGDEUNGPO-DANGSAN,3110774,당산반도유보라팰리스아파트,골목상권,2024+ metric system; geometry file 2023-10,SEOUL_MARKET_SHP_2023-10-20,manual_review,,,,D,SRC-SEOUL-OA-15560,2026-08-27,name_keyword:당산
SEOUL-YEONGDEUNGPO-DANGSAN,3110796,한림대학교한강성심병원,골목상권,2024+ metric system; geometry file 2023-10,SEOUL_MARKET_SHP_2023-10-20,manual_review,,,,D,SRC-SEOUL-OA-15560,2026-08-27,name_keyword:한강
SEOUL-YEONGDEUNGPO-DANGSAN,3120138,당산2동(영등포우체국),발달상권,2024+ metric system; geometry file 2023-10,SEOUL_MARKET_SHP_2023-10-20,manual_review,,,,D,SRC-SEOUL-OA-15560,2026-08-27,name_keyword:당산
SEOUL-YEONGDEUNGPO-DANGSAN,3120146,한강성심병원,발달상권,2024+ metric system; geometry file 2023-10,SEOUL_MARKET_SHP_2023-10-20,manual_review,,,,D,SRC-SEOUL-OA-15560,2026-08-27,name_keyword:한강
SEOUL-YEONGDEUNGPO-SEONYUDO-YANGPYEONG,3110760,선유도역 6번,골목상권,2024+ metric system; geometry file 2023-10,SEOUL_MARKET_SHP_2023-10-20,manual_review,,,,C,SRC-SEOUL-OA-15560,2026-08-27,name_keyword:선유도|선유도역
SEOUL-YEONGDEUNGPO-SEONYUDO-YANGPYEONG,3110762,선유도역 1번,골목상권,2024+ metric system; geometry file 2023-10,SEOUL_MARKET_SHP_2023-10-20,manual_review,,,,C,SRC-SEOUL-OA-15560,2026-08-27,name_keyword:선유도|선유도역
SEOUL-YEONGDEUNGPO-SEONYUDO-YANGPYEONG,3130241,선유도역 골목형상점가,전통시장,2024+ metric system; geometry file 2023-10,SEOUL_MARKET_SHP_2023-10-20,manual_review,,,,C,SRC-SEOUL-OA-15560,2026-08-27,name_keyword:선유도|선유도역
SEOUL-YEONGDEUNGPO-SEONYUDO-YANGPYEONG,3110757,양평역 2번,골목상권,2024+ metric system; geometry file 2023-10,SEOUL_MARKET_SHP_2023-10-20,manual_review,,,,D,SRC-SEOUL-OA-15560,2026-08-27,name_keyword:양평
SEOUL-YEONGDEUNGPO-SEONYUDO-YANGPYEONG,3120135,양평역,발달상권,2024+ metric system; geometry file 2023-10,SEOUL_MARKET_SHP_2023-10-20,manual_review,,,,D,SRC-SEOUL-OA-15560,2026-08-27,name_keyword:양평
SEOUL-YEONGDEUNGPO-SINGIL-DAERIM,3130244,대림중앙시장,전통시장,2024+ metric system; geometry file 2023-10,SEOUL_MARKET_SHP_2023-10-20,manual_review,,,,C,SRC-SEOUL-OA-15560,2026-08-27,name_keyword:대림|대림중앙시장
SEOUL-YEONGDEUNGPO-SINGIL-DAERIM,3110766,대림역 5번,골목상권,2024+ metric system; geometry file 2023-10,SEOUL_MARKET_SHP_2023-10-20,manual_review,,,,C,SRC-SEOUL-OA-15560,2026-08-27,name_keyword:대림|대림역
SEOUL-YEONGDEUNGPO-SINGIL-DAERIM,3110769,대림차이나타운(대림역 12번),골목상권,2024+ metric system; geometry file 2023-10,SEOUL_MARKET_SHP_2023-10-20,manual_review,,,,C,SRC-SEOUL-OA-15560,2026-08-27,name_keyword:대림|대림역
SEOUL-YEONGDEUNGPO-SINGIL-DAERIM,3110771,대림역 11번,골목상권,2024+ metric system; geometry file 2023-10,SEOUL_MARKET_SHP_2023-10-20,manual_review,,,,C,SRC-SEOUL-OA-15560,2026-08-27,name_keyword:대림|대림역
SEOUL-YEONGDEUNGPO-SINGIL-DAERIM,3120142,대림역,발달상권,2024+ metric system; geometry file 2023-10,SEOUL_MARKET_SHP_2023-10-20,manual_review,,,,C,SRC-SEOUL-OA-15560,2026-08-27,name_keyword:대림|대림역
SEOUL-YEONGDEUNGPO-SINGIL-DAERIM,3110779,대림갑을명가아파트,골목상권,2024+ metric system; geometry file 2023-10,SEOUL_MARKET_SHP_2023-10-20,manual_review,,,,D,SRC-SEOUL-OA-15560,2026-08-27,name_keyword:대림
SEOUL-YEONGDEUNGPO-SINGIL-DAERIM,3110780,신길대성유니드아파트,골목상권,2024+ metric system; geometry file 2023-10,SEOUL_MARKET_SHP_2023-10-20,manual_review,,,,D,SRC-SEOUL-OA-15560,2026-08-27,name_keyword:신길
SEOUL-YEONGDEUNGPO-SINGIL-DAERIM,3110781,대림한신아파트,골목상권,2024+ metric system; geometry file 2023-10,SEOUL_MARKET_SHP_2023-10-20,manual_review,,,,D,SRC-SEOUL-OA-15560,2026-08-27,name_keyword:대림
SEOUL-YEONGDEUNGPO-YEONGDEUNGPO-MARKET,3110782,영등포시장역 4번,골목상권,2024+ metric system; geometry file 2023-10,SEOUL_MARKET_SHP_2023-10-20,manual_review,,,,C,SRC-SEOUL-OA-15560,2026-08-27,name_keyword:영등포시장
SEOUL-YEONGDEUNGPO-YEONGDEUNGPO-MARKET,3110783,영등포시장역 1번,골목상권,2024+ metric system; geometry file 2023-10,SEOUL_MARKET_SHP_2023-10-20,manual_review,,,,C,SRC-SEOUL-OA-15560,2026-08-27,name_keyword:영등포시장
SEOUL-YEONGDEUNGPO-YEONGDEUNGPO-MARKET,3110788,영등포시장역 3번,골목상권,2024+ metric system; geometry file 2023-10,SEOUL_MARKET_SHP_2023-10-20,manual_review,,,,C,SRC-SEOUL-OA-15560,2026-08-27,name_keyword:영등포시장
SEOUL-YEONGDEUNGPO-YEONGDEUNGPO-MARKET,3130257,영등포시장기계공구상가,전통시장,2024+ metric system; geometry file 2023-10,SEOUL_MARKET_SHP_2023-10-20,manual_review,,,,C,SRC-SEOUL-OA-15560,2026-08-27,name_keyword:영등포시장
SEOUL-DONGJAK-SADANG,3130274,사당1동먹자골목상점가(사당1동먹자골목),전통시장,2024+ metric system; geometry file 2023-10,SEOUL_MARKET_SHP_2023-10-20,manual_review,,,,C,SRC-SEOUL-OA-15560,2026-08-27,name_keyword:사당|먹자골목
SEOUL-DONGJAK-SADANG,3110850,사당역 10번,골목상권,2024+ metric system; geometry file 2023-10,SEOUL_MARKET_SHP_2023-10-20,manual_review,,,,C,SRC-SEOUL-OA-15560,2026-08-27,name_keyword:사당|사당역
SEOUL-DONGJAK-SADANG,3110843,사당5동주민센터,골목상권,2024+ metric system; geometry file 2023-10,SEOUL_MARKET_SHP_2023-10-20,manual_review,,,,D,SRC-SEOUL-OA-15560,2026-08-27,name_keyword:사당
SEOUL-DONGJAK-SADANG,3110845,사당종합체육관,골목상권,2024+ metric system; geometry file 2023-10,SEOUL_MARKET_SHP_2023-10-20,manual_review,,,,D,SRC-SEOUL-OA-15560,2026-08-27,name_keyword:사당
SEOUL-DONGJAK-SADANG,3130272,사당시장,전통시장,2024+ metric system; geometry file 2023-10,SEOUL_MARKET_SHP_2023-10-20,manual_review,,,,D,SRC-SEOUL-OA-15560,2026-08-27,name_keyword:사당
SEOUL-DONGJAK-ISU,3120156,"총신대입구역(이수, 총신대)",발달상권,2024+ metric system; geometry file 2023-10,SEOUL_MARKET_SHP_2023-10-20,manual_review,,,,C,SRC-SEOUL-OA-15560,2026-08-27,name_keyword:이수|총신대입구
SEOUL-DONGJAK-ISU,3110849,이수역 10번,골목상권,2024+ metric system; geometry file 2023-10,SEOUL_MARKET_SHP_2023-10-20,manual_review,,,,C,SRC-SEOUL-OA-15560,2026-08-27,name_keyword:이수|이수역
SEOUL-DONGJAK-ISU,3110852,이수역 9번,골목상권,2024+ metric system; geometry file 2023-10,SEOUL_MARKET_SHP_2023-10-20,manual_review,,,,C,SRC-SEOUL-OA-15560,2026-08-27,name_keyword:이수|이수역
SEOUL-DONGJAK-ISU,3130273,남성사계시장(남성시장),전통시장,2024+ metric system; geometry file 2023-10,SEOUL_MARKET_SHP_2023-10-20,manual_review,,,,C,SRC-SEOUL-OA-15560,2026-08-27,name_keyword:남성사계시장
SEOUL-DONGJAK-NORYANGJIN,3110828,노량진역 6번,골목상권,2024+ metric system; geometry file 2023-10,SEOUL_MARKET_SHP_2023-10-20,manual_review,,,,C,SRC-SEOUL-OA-15560,2026-08-27,name_keyword:노량진|노량진역
SEOUL-DONGJAK-NORYANGJIN,3120153,노량진역(노량진),발달상권,2024+ metric system; geometry file 2023-10,SEOUL_MARKET_SHP_2023-10-20,manual_review,,,,C,SRC-SEOUL-OA-15560,2026-08-27,name_keyword:노량진|노량진역
SEOUL-DONGJAK-NORYANGJIN,3110832,노량진초등학교,골목상권,2024+ metric system; geometry file 2023-10,SEOUL_MARKET_SHP_2023-10-20,manual_review,,,,D,SRC-SEOUL-OA-15560,2026-08-27,name_keyword:노량진
SEOUL-DONGJAK-NORYANGJIN,3130263,신노량진시장(기능상실),전통시장,2024+ metric system; geometry file 2023-10,SEOUL_MARKET_SHP_2023-10-20,manual_review,,,,D,SRC-SEOUL-OA-15560,2026-08-27,name_keyword:노량진
SEOUL-DONGJAK-NORYANGJIN,3130265,노량진중앙시장,전통시장,2024+ metric system; geometry file 2023-10,SEOUL_MARKET_SHP_2023-10-20,manual_review,,,,D,SRC-SEOUL-OA-15560,2026-08-27,name_keyword:노량진
SEOUL-DONGJAK-HEUKSEOK,3130270,흑석시장,전통시장,2024+ metric system; geometry file 2023-10,SEOUL_MARKET_SHP_2023-10-20,manual_review,,,,C,SRC-SEOUL-OA-15560,2026-08-27,name_keyword:흑석|흑석시장
SEOUL-DONGJAK-HEUKSEOK,3110840,중앙대학교,골목상권,2024+ metric system; geometry file 2023-10,SEOUL_MARKET_SHP_2023-10-20,manual_review,,,,D,SRC-SEOUL-OA-15560,2026-08-27,name_keyword:중앙대
SEOUL-DONGJAK-HEUKSEOK,3110844,흑석2치안센터,골목상권,2024+ metric system; geometry file 2023-10,SEOUL_MARKET_SHP_2023-10-20,manual_review,,,,D,SRC-SEOUL-OA-15560,2026-08-27,name_keyword:흑석
SEOUL-DONGJAK-SANGDO,3110826,장승배기역 4번,골목상권,2024+ metric system; geometry file 2023-10,SEOUL_MARKET_SHP_2023-10-20,manual_review,,,,C,SRC-SEOUL-OA-15560,2026-08-27,name_keyword:장승배기역|장승배기
SEOUL-DONGJAK-SANGDO,3110829,장승배기역 5번,골목상권,2024+ metric system; geometry file 2023-10,SEOUL_MARKET_SHP_2023-10-20,manual_review,,,,C,SRC-SEOUL-OA-15560,2026-08-27,name_keyword:장승배기역|장승배기
SEOUL-DONGJAK-SANGDO,3110837,숭실대입구역 1번,골목상권,2024+ metric system; geometry file 2023-10,SEOUL_MARKET_SHP_2023-10-20,manual_review,,,,C,SRC-SEOUL-OA-15560,2026-08-27,name_keyword:숭실대|숭실대입구
SEOUL-DONGJAK-SANGDO,3110839,숭실대입구역 4번,골목상권,2024+ metric system; geometry file 2023-10,SEOUL_MARKET_SHP_2023-10-20,manual_review,,,,C,SRC-SEOUL-OA-15560,2026-08-27,name_keyword:숭실대|숭실대입구
SEOUL-DONGJAK-SANGDO,3120154,장승배기역,발달상권,2024+ metric system; geometry file 2023-10,SEOUL_MARKET_SHP_2023-10-20,manual_review,,,,C,SRC-SEOUL-OA-15560,2026-08-27,name_keyword:장승배기역|장승배기
SEOUL-DONGJAK-SANGDO,3110833,상도역 2번,골목상권,2024+ metric system; geometry file 2023-10,SEOUL_MARKET_SHP_2023-10-20,manual_review,,,,C,SRC-SEOUL-OA-15560,2026-08-27,name_keyword:상도|상도역
SEOUL-DONGJAK-SANGDO,3110835,상도역 1번,골목상권,2024+ metric system; geometry file 2023-10,SEOUL_MARKET_SHP_2023-10-20,manual_review,,,,C,SRC-SEOUL-OA-15560,2026-08-27,name_keyword:상도|상도역
SEOUL-DONGJAK-SANGDO,3110836,상도역 5번,골목상권,2024+ metric system; geometry file 2023-10,SEOUL_MARKET_SHP_2023-10-20,manual_review,,,,C,SRC-SEOUL-OA-15560,2026-08-27,name_keyword:상도|상도역
SEOUL-DONGJAK-SINDAEBANG-BORAMAE,3120151,보라매공원,발달상권,2024+ metric system; geometry file 2023-10,SEOUL_MARKET_SHP_2023-10-20,manual_review,,,,C,SRC-SEOUL-OA-15560,2026-08-27,name_keyword:보라매|보라매공원
SEOUL-DONGJAK-SINDAEBANG-BORAMAE,3110822,신대방삼거리역 4번(대림초등학교),골목상권,2024+ metric system; geometry file 2023-10,SEOUL_MARKET_SHP_2023-10-20,manual_review,,,,C,SRC-SEOUL-OA-15560,2026-08-27,name_keyword:신대방삼거리
SEOUL-DONGJAK-SINDAEBANG-BORAMAE,3110823,신대방삼거리역 3번,골목상권,2024+ metric system; geometry file 2023-10,SEOUL_MARKET_SHP_2023-10-20,manual_review,,,,C,SRC-SEOUL-OA-15560,2026-08-27,name_keyword:신대방삼거리
SEOUL-DONGJAK-SINDAEBANG-BORAMAE,3110825,신대방삼거리역 1번,골목상권,2024+ metric system; geometry file 2023-10,SEOUL_MARKET_SHP_2023-10-20,manual_review,,,,C,SRC-SEOUL-OA-15560,2026-08-27,name_keyword:신대방삼거리
SEOUL-DONGJAK-SINDAEBANG-BORAMAE,3120152,신대방삼거리역,발달상권,2024+ metric system; geometry file 2023-10,SEOUL_MARKET_SHP_2023-10-20,manual_review,,,,C,SRC-SEOUL-OA-15560,2026-08-27,name_keyword:신대방삼거리
SEOUL-DONGJAK-SINDAEBANG-BORAMAE,3110821,보라매역 2번,골목상권,2024+ metric system; geometry file 2023-10,SEOUL_MARKET_SHP_2023-10-20,manual_review,,,,D,SRC-SEOUL-OA-15560,2026-08-27,name_keyword:보라매
SEOUL-DONGJAK-SINDAEBANG-BORAMAE,3120147,보라매역,발달상권,2024+ metric system; geometry file 2023-10,SEOUL_MARKET_SHP_2023-10-20,manual_review,,,,D,SRC-SEOUL-OA-15560,2026-08-27,name_keyword:보라매
SEOUL-GWANAK-SILLIM,3110869,"신림역 5번(신림동주민센터, 신림동별빛거리)",골목상권,2024+ metric system; geometry file 2023-10,SEOUL_MARKET_SHP_2023-10-20,manual_review,,,,C,SRC-SEOUL-OA-15560,2026-08-27,name_keyword:신림|신림역|별빛거리
SEOUL-GWANAK-SILLIM,3110877,신림역 8번,골목상권,2024+ metric system; geometry file 2023-10,SEOUL_MARKET_SHP_2023-10-20,manual_review,,,,C,SRC-SEOUL-OA-15560,2026-08-27,name_keyword:신림|신림역
SEOUL-GWANAK-SILLIM,3110880,신림역 1번,골목상권,2024+ metric system; geometry file 2023-10,SEOUL_MARKET_SHP_2023-10-20,manual_review,,,,C,SRC-SEOUL-OA-15560,2026-08-27,name_keyword:신림|신림역
SEOUL-GWANAK-SILLIM,3120157,신림역(신림),발달상권,2024+ metric system; geometry file 2023-10,SEOUL_MARKET_SHP_2023-10-20,manual_review,,,,C,SRC-SEOUL-OA-15560,2026-08-27,name_keyword:신림|신림역
SEOUL-GWANAK-SILLIM,3110864,신림우방아파트,골목상권,2024+ metric system; geometry file 2023-10,SEOUL_MARKET_SHP_2023-10-20,manual_review,,,,D,SRC-SEOUL-OA-15560,2026-08-27,name_keyword:신림
SEOUL-GWANAK-SILLIM,3110870,신림주공2단지(광신고등학교),골목상권,2024+ metric system; geometry file 2023-10,SEOUL_MARKET_SHP_2023-10-20,manual_review,,,,D,SRC-SEOUL-OA-15560,2026-08-27,name_keyword:신림
SEOUL-GWANAK-SILLIM,3110872,신림초등학교,골목상권,2024+ metric system; geometry file 2023-10,SEOUL_MARKET_SHP_2023-10-20,manual_review,,,,D,SRC-SEOUL-OA-15560,2026-08-27,name_keyword:신림
SEOUL-GWANAK-SILLIM,3110879,신림현대아파트,골목상권,2024+ metric system; geometry file 2023-10,SEOUL_MARKET_SHP_2023-10-20,manual_review,,,,D,SRC-SEOUL-OA-15560,2026-08-27,name_keyword:신림
SEOUL-GWANAK-SNU-SHAROSU,3110897,서울대입구역 8번,골목상권,2024+ metric system; geometry file 2023-10,SEOUL_MARKET_SHP_2023-10-20,manual_review,,,,C,SRC-SEOUL-OA-15560,2026-08-27,name_keyword:서울대입구|서울대입구역
SEOUL-GWANAK-SNU-SHAROSU,3120159,서울대입구역,발달상권,2024+ metric system; geometry file 2023-10,SEOUL_MARKET_SHP_2023-10-20,manual_review,,,,C,SRC-SEOUL-OA-15560,2026-08-27,name_keyword:서울대입구|서울대입구역
SEOUL-GWANAK-SNU-SHAROSU,3110895,샤로수길,골목상권,2024+ metric system; geometry file 2023-10,SEOUL_MARKET_SHP_2023-10-20,manual_review,,,,C,SRC-SEOUL-OA-15560,2026-08-27,name_keyword:샤로수길
SEOUL-GWANAK-NAKSEONGDAE,3110899,낙성대역 5번(관악중학교),골목상권,2024+ metric system; geometry file 2023-10,SEOUL_MARKET_SHP_2023-10-20,manual_review,,,,C,SRC-SEOUL-OA-15560,2026-08-27,name_keyword:낙성대|낙성대역
SEOUL-GWANAK-NAKSEONGDAE,3110900,낙성대역 1번(관악구민 종합체육센터),골목상권,2024+ metric system; geometry file 2023-10,SEOUL_MARKET_SHP_2023-10-20,manual_review,,,,C,SRC-SEOUL-OA-15560,2026-08-27,name_keyword:낙성대|낙성대역
SEOUL-GWANAK-NAKSEONGDAE,3130295,인헌시장(원당종합시장),전통시장,2024+ metric system; geometry file 2023-10,SEOUL_MARKET_SHP_2023-10-20,manual_review,,,,C,SRC-SEOUL-OA-15560,2026-08-27,name_keyword:인헌시장
SEOUL-GWANAK-BONGCHEON,3110884,봉천역 4번(봉천110안전센터),골목상권,2024+ metric system; geometry file 2023-10,SEOUL_MARKET_SHP_2023-10-20,manual_review,,,,C,SRC-SEOUL-OA-15560,2026-08-27,name_keyword:봉천|봉천역
SEOUL-GWANAK-BONGCHEON,3110889,봉천역 6번,골목상권,2024+ metric system; geometry file 2023-10,SEOUL_MARKET_SHP_2023-10-20,manual_review,,,,C,SRC-SEOUL-OA-15560,2026-08-27,name_keyword:봉천|봉천역
SEOUL-GWANAK-BONGCHEON,3110890,봉천역 1번(관악초등학교),골목상권,2024+ metric system; geometry file 2023-10,SEOUL_MARKET_SHP_2023-10-20,manual_review,,,,C,SRC-SEOUL-OA-15560,2026-08-27,name_keyword:봉천|봉천역
SEOUL-GWANAK-BONGCHEON,3130291,봉천제일종합시장,전통시장,2024+ metric system; geometry file 2023-10,SEOUL_MARKET_SHP_2023-10-20,manual_review,,,,D,SRC-SEOUL-OA-15560,2026-08-27,name_keyword:봉천
SEOUL-GWANAK-BONGCHEON,3130292,봉천현대시장,전통시장,2024+ metric system; geometry file 2023-10,SEOUL_MARKET_SHP_2023-10-20,manual_review,,,,D,SRC-SEOUL-OA-15560,2026-08-27,name_keyword:봉천
SEOUL-GWANAK-BONGCHEON,3130293,봉천중앙시장,전통시장,2024+ metric system; geometry file 2023-10,SEOUL_MARKET_SHP_2023-10-20,manual_review,,,,D,SRC-SEOUL-OA-15560,2026-08-27,name_keyword:봉천
SEOUL-GWANAK-DAEHAKDONG-GWANAKSAN,3110897,서울대입구역 8번,골목상권,2024+ metric system; geometry file 2023-10,SEOUL_MARKET_SHP_2023-10-20,manual_review,,,,C,SRC-SEOUL-OA-15560,2026-08-27,name_keyword:서울대|입구
SEOUL-GWANAK-DAEHAKDONG-GWANAKSAN,3120159,서울대입구역,발달상권,2024+ metric system; geometry file 2023-10,SEOUL_MARKET_SHP_2023-10-20,manual_review,,,,C,SRC-SEOUL-OA-15560,2026-08-27,name_keyword:서울대|입구
SEOUL-GWANAK-DAEHAKDONG-GWANAKSAN,3110881,구립대학경로당(관악산샘말공원),골목상권,2024+ metric system; geometry file 2023-10,SEOUL_MARKET_SHP_2023-10-20,manual_review,,,,D,SRC-SEOUL-OA-15560,2026-08-27,name_keyword:관악산
SEOUL-GWANAK-DAEHAKDONG-GWANAKSAN,3120158,녹두거리(대학동),발달상권,2024+ metric system; geometry file 2023-10,SEOUL_MARKET_SHP_2023-10-20,manual_review,,,,D,SRC-SEOUL-OA-15560,2026-08-27,name_keyword:대학동
SEOUL-GWANAK-SINDAEBANG-NANGOK,3110855,신대방역 2번,골목상권,2024+ metric system; geometry file 2023-10,SEOUL_MARKET_SHP_2023-10-20,manual_review,,,,C,SRC-SEOUL-OA-15560,2026-08-27,name_keyword:신대방|신대방역
SEOUL-GWANAK-SINDAEBANG-NANGOK,3110858,신대방역 1번,골목상권,2024+ metric system; geometry file 2023-10,SEOUL_MARKET_SHP_2023-10-20,manual_review,,,,C,SRC-SEOUL-OA-15560,2026-08-27,name_keyword:신대방|신대방역
SEOUL-GWANAK-SINDAEBANG-NANGOK,3110862,난곡초등학교(난곡동벽화마을),골목상권,2024+ metric system; geometry file 2023-10,SEOUL_MARKET_SHP_2023-10-20,manual_review,,,,D,SRC-SEOUL-OA-15560,2026-08-27,name_keyword:난곡
SEOUL-GWANAK-SINDAEBANG-NANGOK,3130282,난곡 골목형상점가,전통시장,2024+ metric system; geometry file 2023-10,SEOUL_MARKET_SHP_2023-10-20,manual_review,,,,D,SRC-SEOUL-OA-15560,2026-08-27,name_keyword:난곡
SEOUL-SEOCHO-GANGNAMSTN-WEST,3120189,강남역,발달상권,2024+ metric system; geometry file 2023-10,SEOUL_MARKET_SHP_2023-10-20,manual_review,,,,C,SRC-SEOUL-OA-15560,2026-08-27,name_keyword:강남역|강남
SEOUL-SEOCHO-GANGNAMSTN-WEST,3110917,서초소방서,골목상권,2024+ metric system; geometry file 2023-10,SEOUL_MARKET_SHP_2023-10-20,manual_review,,,,D,SRC-SEOUL-OA-15560,2026-08-27,name_keyword:서초
SEOUL-SEOCHO-GANGNAMSTN-WEST,3110925,서초중학교,골목상권,2024+ metric system; geometry file 2023-10,SEOUL_MARKET_SHP_2023-10-20,manual_review,,,,D,SRC-SEOUL-OA-15560,2026-08-27,name_keyword:서초
SEOUL-SEOCHO-GANGNAMSTN-WEST,3110928,서초우방유쉘아파트,골목상권,2024+ metric system; geometry file 2023-10,SEOUL_MARKET_SHP_2023-10-20,manual_review,,,,D,SRC-SEOUL-OA-15560,2026-08-27,name_keyword:서초
SEOUL-SEOCHO-GANGNAMSTN-WEST,3110930,서초동성당,골목상권,2024+ metric system; geometry file 2023-10,SEOUL_MARKET_SHP_2023-10-20,manual_review,,,,D,SRC-SEOUL-OA-15560,2026-08-27,name_keyword:서초
SEOUL-SEOCHO-GANGNAMSTN-WEST,3110945,본마을노인복지센터(서초구립내곡도서관),골목상권,2024+ metric system; geometry file 2023-10,SEOUL_MARKET_SHP_2023-10-20,manual_review,,,,D,SRC-SEOUL-OA-15560,2026-08-27,name_keyword:서초
SEOUL-SEOCHO-GANGNAMSTN-WEST,3120169,서초역,발달상권,2024+ metric system; geometry file 2023-10,SEOUL_MARKET_SHP_2023-10-20,manual_review,,,,D,SRC-SEOUL-OA-15560,2026-08-27,name_keyword:서초
SEOUL-SEOCHO-GANGNAMSTN-WEST,3120171,서초3동사거리,발달상권,2024+ metric system; geometry file 2023-10,SEOUL_MARKET_SHP_2023-10-20,manual_review,,,,D,SRC-SEOUL-OA-15560,2026-08-27,name_keyword:서초
SEOUL-SEOCHO-GYODAE,3120173,교대역(법원.검찰청),발달상권,2024+ metric system; geometry file 2023-10,SEOUL_MARKET_SHP_2023-10-20,manual_review,,,,C,SRC-SEOUL-OA-15560,2026-08-27,name_keyword:교대|교대역
SEOUL-SEOCHO-GYODAE,3120163,사당역 11번(사당역먹자골목),발달상권,2024+ metric system; geometry file 2023-10,SEOUL_MARKET_SHP_2023-10-20,manual_review,,,,C,SRC-SEOUL-OA-15560,2026-08-27,name_keyword:먹자골목
SEOUL-SEOCHO-GYODAE,3120172,교대입구교차로,발달상권,2024+ metric system; geometry file 2023-10,SEOUL_MARKET_SHP_2023-10-20,manual_review,,,,D,SRC-SEOUL-OA-15560,2026-08-27,name_keyword:교대
SEOUL-SEOCHO-SEOCHO,3120169,서초역,발달상권,2024+ metric system; geometry file 2023-10,SEOUL_MARKET_SHP_2023-10-20,manual_review,,,,C,SRC-SEOUL-OA-15560,2026-08-27,name_keyword:서초|서초역
SEOUL-SEOCHO-SEOCHO,3110917,서초소방서,골목상권,2024+ metric system; geometry file 2023-10,SEOUL_MARKET_SHP_2023-10-20,manual_review,,,,D,SRC-SEOUL-OA-15560,2026-08-27,name_keyword:서초
SEOUL-SEOCHO-SEOCHO,3110925,서초중학교,골목상권,2024+ metric system; geometry file 2023-10,SEOUL_MARKET_SHP_2023-10-20,manual_review,,,,D,SRC-SEOUL-OA-15560,2026-08-27,name_keyword:서초
SEOUL-SEOCHO-SEOCHO,3110928,서초우방유쉘아파트,골목상권,2024+ metric system; geometry file 2023-10,SEOUL_MARKET_SHP_2023-10-20,manual_review,,,,D,SRC-SEOUL-OA-15560,2026-08-27,name_keyword:서초
SEOUL-SEOCHO-SEOCHO,3110930,서초동성당,골목상권,2024+ metric system; geometry file 2023-10,SEOUL_MARKET_SHP_2023-10-20,manual_review,,,,D,SRC-SEOUL-OA-15560,2026-08-27,name_keyword:서초
SEOUL-SEOCHO-SEOCHO,3110945,본마을노인복지센터(서초구립내곡도서관),골목상권,2024+ metric system; geometry file 2023-10,SEOUL_MARKET_SHP_2023-10-20,manual_review,,,,D,SRC-SEOUL-OA-15560,2026-08-27,name_keyword:서초
SEOUL-SEOCHO-SEOCHO,3120171,서초3동사거리,발달상권,2024+ metric system; geometry file 2023-10,SEOUL_MARKET_SHP_2023-10-20,manual_review,,,,D,SRC-SEOUL-OA-15560,2026-08-27,name_keyword:서초
SEOUL-SEOCHO-SEOCHO,3120173,교대역(법원.검찰청),발달상권,2024+ metric system; geometry file 2023-10,SEOUL_MARKET_SHP_2023-10-20,manual_review,,,,D,SRC-SEOUL-OA-15560,2026-08-27,name_keyword:법원
SEOUL-SEOCHO-BANPO-EXPRESSTERMINAL,3120167,고속터미널(고속터미널역),발달상권,2024+ metric system; geometry file 2023-10,SEOUL_MARKET_SHP_2023-10-20,manual_review,,,,C,SRC-SEOUL-OA-15560,2026-08-27,name_keyword:고속터미널
SEOUL-SEOCHO-BANPO-EXPRESSTERMINAL,3110908,구반포역,골목상권,2024+ metric system; geometry file 2023-10,SEOUL_MARKET_SHP_2023-10-20,manual_review,,,,D,SRC-SEOUL-OA-15560,2026-08-27,name_keyword:반포
SEOUL-SEOCHO-BANPO-EXPRESSTERMINAL,3110924,반포4동주민센터(몽마르뜨공원),골목상권,2024+ metric system; geometry file 2023-10,SEOUL_MARKET_SHP_2023-10-20,manual_review,,,,D,SRC-SEOUL-OA-15560,2026-08-27,name_keyword:반포
SEOUL-SEOCHO-JAMWON,3110927,잠원역,골목상권,2024+ metric system; geometry file 2023-10,SEOUL_MARKET_SHP_2023-10-20,manual_review,,,,C,SRC-SEOUL-OA-15560,2026-08-27,name_keyword:잠원|잠원역
SEOUL-SEOCHO-JAMWON,3120178,신사역,발달상권,2024+ metric system; geometry file 2023-10,SEOUL_MARKET_SHP_2023-10-20,manual_review,,,,C,SRC-SEOUL-OA-15560,2026-08-27,name_keyword:신사역|신사
SEOUL-SEOCHO-BANGBAE-SEORAE,3120162,방배동카페골목,발달상권,2024+ metric system; geometry file 2023-10,SEOUL_MARKET_SHP_2023-10-20,manual_review,,,,C,SRC-SEOUL-OA-15560,2026-08-27,name_keyword:방배|카페골목
SEOUL-SEOCHO-BANGBAE-SEORAE,3110910,내방역 5번,골목상권,2024+ metric system; geometry file 2023-10,SEOUL_MARKET_SHP_2023-10-20,manual_review,,,,C,SRC-SEOUL-OA-15560,2026-08-27,name_keyword:내방역|내방
SEOUL-SEOCHO-BANGBAE-SEORAE,3110914,내방역 6번,골목상권,2024+ metric system; geometry file 2023-10,SEOUL_MARKET_SHP_2023-10-20,manual_review,,,,C,SRC-SEOUL-OA-15560,2026-08-27,name_keyword:내방역|내방
SEOUL-SEOCHO-BANGBAE-SEORAE,3110916,내방역 4번,골목상권,2024+ metric system; geometry file 2023-10,SEOUL_MARKET_SHP_2023-10-20,manual_review,,,,C,SRC-SEOUL-OA-15560,2026-08-27,name_keyword:내방역|내방
SEOUL-SEOCHO-BANGBAE-SEORAE,3110918,방배역 3번,골목상권,2024+ metric system; geometry file 2023-10,SEOUL_MARKET_SHP_2023-10-20,manual_review,,,,C,SRC-SEOUL-OA-15560,2026-08-27,name_keyword:방배|방배역
SEOUL-SEOCHO-BANGBAE-SEORAE,3110919,내방역 8번,골목상권,2024+ metric system; geometry file 2023-10,SEOUL_MARKET_SHP_2023-10-20,manual_review,,,,C,SRC-SEOUL-OA-15560,2026-08-27,name_keyword:내방역|내방
SEOUL-SEOCHO-BANGBAE-SEORAE,3110920,방배역 2번(백석예술대학교),골목상권,2024+ metric system; geometry file 2023-10,SEOUL_MARKET_SHP_2023-10-20,manual_review,,,,C,SRC-SEOUL-OA-15560,2026-08-27,name_keyword:방배|방배역
SEOUL-SEOCHO-BANGBAE-SEORAE,3110922,내방역 1번,골목상권,2024+ metric system; geometry file 2023-10,SEOUL_MARKET_SHP_2023-10-20,manual_review,,,,C,SRC-SEOUL-OA-15560,2026-08-27,name_keyword:내방역|내방
SEOUL-SEOCHO-YANGJAE,3120182,"양재시민의숲역(양재동꽃시장, aT센터)",발달상권,2024+ metric system; geometry file 2023-10,SEOUL_MARKET_SHP_2023-10-20,manual_review,,,,C,SRC-SEOUL-OA-15560,2026-08-27,name_keyword:양재|양재시민의숲
SEOUL-SEOCHO-YANGJAE,3110939,양재역 8번(양재동우체국),골목상권,2024+ metric system; geometry file 2023-10,SEOUL_MARKET_SHP_2023-10-20,manual_review,,,,C,SRC-SEOUL-OA-15560,2026-08-27,name_keyword:양재|양재역
SEOUL-SEOCHO-YANGJAE,3120179,양재역,발달상권,2024+ metric system; geometry file 2023-10,SEOUL_MARKET_SHP_2023-10-20,manual_review,,,,C,SRC-SEOUL-OA-15560,2026-08-27,name_keyword:양재|양재역
SEOUL-SEOCHO-YANGJAE,3110936,더케이호텔(양재리본타워2단지아파트),골목상권,2024+ metric system; geometry file 2023-10,SEOUL_MARKET_SHP_2023-10-20,manual_review,,,,D,SRC-SEOUL-OA-15560,2026-08-27,name_keyword:양재
SEOUL-SEOCHO-YANGJAE,3110940,양재근린공원(양재2동주민센터),골목상권,2024+ metric system; geometry file 2023-10,SEOUL_MARKET_SHP_2023-10-20,manual_review,,,,D,SRC-SEOUL-OA-15560,2026-08-27,name_keyword:양재
SEOUL-SEOCHO-YANGJAE,3120180,양재화물트럭터미널앞,발달상권,2024+ metric system; geometry file 2023-10,SEOUL_MARKET_SHP_2023-10-20,manual_review,,,,D,SRC-SEOUL-OA-15560,2026-08-27,name_keyword:양재
SEOUL-SEOCHO-YANGJAE,3120183,양재천카페거리,발달상권,2024+ metric system; geometry file 2023-10,SEOUL_MARKET_SHP_2023-10-20,manual_review,,,,D,SRC-SEOUL-OA-15560,2026-08-27,name_keyword:양재
SEOUL-SEOCHO-YANGJAE,3130301,양재시장,전통시장,2024+ metric system; geometry file 2023-10,SEOUL_MARKET_SHP_2023-10-20,manual_review,,,,D,SRC-SEOUL-OA-15560,2026-08-27,name_keyword:양재
SEOUL-SEOCHO-NAEGOK-CHEONGGYESAN,3110947,청계산입구역 2번(내곡동주민센터),골목상권,2024+ metric system; geometry file 2023-10,SEOUL_MARKET_SHP_2023-10-20,manual_review,,,,C,SRC-SEOUL-OA-15560,2026-08-27,name_keyword:내곡|청계산입구|청계산입구역
SEOUL-SEOCHO-NAEGOK-CHEONGGYESAN,3110945,본마을노인복지센터(서초구립내곡도서관),골목상권,2024+ metric system; geometry file 2023-10,SEOUL_MARKET_SHP_2023-10-20,manual_review,,,,D,SRC-SEOUL-OA-15560,2026-08-27,name_keyword:내곡
SEOUL-GANGNAM-GANGNAMSTN,3001496,강남 마이스 관광특구,관광특구,2024+ metric system; geometry file 2023-10,SEOUL_MARKET_SHP_2023-10-20,manual_review,,,,D,SRC-SEOUL-OA-15560,2026-08-27,name_keyword:강남
SEOUL-GANGNAM-GANGNAMSTN,3110968,강남구청역 2번,골목상권,2024+ metric system; geometry file 2023-10,SEOUL_MARKET_SHP_2023-10-20,manual_review,,,,D,SRC-SEOUL-OA-15560,2026-08-27,name_keyword:강남
SEOUL-GANGNAM-GANGNAMSTN,3110972,강남세브란스병원미래의학연구센터,골목상권,2024+ metric system; geometry file 2023-10,SEOUL_MARKET_SHP_2023-10-20,manual_review,,,,D,SRC-SEOUL-OA-15560,2026-08-27,name_keyword:강남
SEOUL-GANGNAM-GANGNAMSTN,3110973,강남구청역 4번,골목상권,2024+ metric system; geometry file 2023-10,SEOUL_MARKET_SHP_2023-10-20,manual_review,,,,D,SRC-SEOUL-OA-15560,2026-08-27,name_keyword:강남
SEOUL-GANGNAM-GANGNAMSTN,3110982,강남구보훈회관,골목상권,2024+ metric system; geometry file 2023-10,SEOUL_MARKET_SHP_2023-10-20,manual_review,,,,D,SRC-SEOUL-OA-15560,2026-08-27,name_keyword:강남
SEOUL-GANGNAM-GANGNAMSTN,3111002,한국교통안전공단 강남자동차검사소,골목상권,2024+ metric system; geometry file 2023-10,SEOUL_MARKET_SHP_2023-10-20,manual_review,,,,D,SRC-SEOUL-OA-15560,2026-08-27,name_keyword:강남
SEOUL-GANGNAM-GANGNAMSTN,3120190,강남을지병원,발달상권,2024+ metric system; geometry file 2023-10,SEOUL_MARKET_SHP_2023-10-20,manual_review,,,,D,SRC-SEOUL-OA-15560,2026-08-27,name_keyword:강남
SEOUL-GANGNAM-GANGNAMSTN,3120203,강남구청역,발달상권,2024+ metric system; geometry file 2023-10,SEOUL_MARKET_SHP_2023-10-20,manual_review,,,,D,SRC-SEOUL-OA-15560,2026-08-27,name_keyword:강남
SEOUL-GANGNAM-YEOKSAM-TEHERAN,3110958,역삼역 4번,골목상권,2024+ metric system; geometry file 2023-10,SEOUL_MARKET_SHP_2023-10-20,manual_review,,,,C,SRC-SEOUL-OA-15560,2026-08-27,name_keyword:역삼|역삼역
SEOUL-GANGNAM-YEOKSAM-TEHERAN,3110967,역삼역 8번,골목상권,2024+ metric system; geometry file 2023-10,SEOUL_MARKET_SHP_2023-10-20,manual_review,,,,C,SRC-SEOUL-OA-15560,2026-08-27,name_keyword:역삼|역삼역
SEOUL-GANGNAM-YEOKSAM-TEHERAN,3120197,역삼역,발달상권,2024+ metric system; geometry file 2023-10,SEOUL_MARKET_SHP_2023-10-20,manual_review,,,,C,SRC-SEOUL-OA-15560,2026-08-27,name_keyword:역삼|역삼역
SEOUL-GANGNAM-YEOKSAM-TEHERAN,3110963,역삼월드메르디앙아파트,골목상권,2024+ metric system; geometry file 2023-10,SEOUL_MARKET_SHP_2023-10-20,manual_review,,,,D,SRC-SEOUL-OA-15560,2026-08-27,name_keyword:역삼
SEOUL-GANGNAM-YEOKSAM-TEHERAN,3120198,구역삼세무서,발달상권,2024+ metric system; geometry file 2023-10,SEOUL_MARKET_SHP_2023-10-20,manual_review,,,,D,SRC-SEOUL-OA-15560,2026-08-27,name_keyword:역삼
SEOUL-GANGNAM-SEOLLEUNG,3120210,선릉역,발달상권,2024+ metric system; geometry file 2023-10,SEOUL_MARKET_SHP_2023-10-20,manual_review,,,,C,SRC-SEOUL-OA-15560,2026-08-27,name_keyword:선릉|선릉역
SEOUL-GANGNAM-SEOLLEUNG,3110971,선정릉역 4번,골목상권,2024+ metric system; geometry file 2023-10,SEOUL_MARKET_SHP_2023-10-20,manual_review,,,,D,SRC-SEOUL-OA-15560,2026-08-27,name_keyword:선정릉
SEOUL-GANGNAM-SEOLLEUNG,3120207,선정릉역,발달상권,2024+ metric system; geometry file 2023-10,SEOUL_MARKET_SHP_2023-10-20,manual_review,,,,D,SRC-SEOUL-OA-15560,2026-08-27,name_keyword:선정릉
SEOUL-GANGNAM-SAMSUNG-COEX,3120222,삼성역,발달상권,2024+ metric system; geometry file 2023-10,SEOUL_MARKET_SHP_2023-10-20,manual_review,,,,C,SRC-SEOUL-OA-15560,2026-08-27,name_keyword:삼성|삼성역
SEOUL-GANGNAM-SAMSUNG-COEX,3110995,봉은사역 4번,골목상권,2024+ metric system; geometry file 2023-10,SEOUL_MARKET_SHP_2023-10-20,manual_review,,,,D,SRC-SEOUL-OA-15560,2026-08-27,name_keyword:봉은사
SEOUL-GANGNAM-SAMSUNG-COEX,3120218,코엑스,발달상권,2024+ metric system; geometry file 2023-10,SEOUL_MARKET_SHP_2023-10-20,manual_review,,,,D,SRC-SEOUL-OA-15560,2026-08-27,name_keyword:코엑스
SEOUL-GANGNAM-SAMSUNG-COEX,3120221,봉은사역,발달상권,2024+ metric system; geometry file 2023-10,SEOUL_MARKET_SHP_2023-10-20,manual_review,,,,D,SRC-SEOUL-OA-15560,2026-08-27,name_keyword:봉은사
SEOUL-GANGNAM-SAMSUNG-COEX,3110986,삼성중앙역 7번,골목상권,2024+ metric system; geometry file 2023-10,SEOUL_MARKET_SHP_2023-10-20,manual_review,,,,D,SRC-SEOUL-OA-15560,2026-08-27,name_keyword:삼성
SEOUL-GANGNAM-SAMSUNG-COEX,3110991,삼성중앙역 5번,골목상권,2024+ metric system; geometry file 2023-10,SEOUL_MARKET_SHP_2023-10-20,manual_review,,,,D,SRC-SEOUL-OA-15560,2026-08-27,name_keyword:삼성
SEOUL-GANGNAM-SAMSUNG-COEX,3120213,삼성중앙역,발달상권,2024+ metric system; geometry file 2023-10,SEOUL_MARKET_SHP_2023-10-20,manual_review,,,,D,SRC-SEOUL-OA-15560,2026-08-27,name_keyword:삼성
SEOUL-GANGNAM-CHEONGDAM,3120208,청담사거리(청담동명품거리),발달상권,2024+ metric system; geometry file 2023-10,SEOUL_MARKET_SHP_2023-10-20,manual_review,,,,C,SRC-SEOUL-OA-15560,2026-08-27,name_keyword:청담|청담사거리|명품거리
SEOUL-GANGNAM-CHEONGDAM,3110979,청담초등학교,골목상권,2024+ metric system; geometry file 2023-10,SEOUL_MARKET_SHP_2023-10-20,manual_review,,,,D,SRC-SEOUL-OA-15560,2026-08-27,name_keyword:청담
SEOUL-GANGNAM-CHEONGDAM,3110985,청담근린공원,골목상권,2024+ metric system; geometry file 2023-10,SEOUL_MARKET_SHP_2023-10-20,manual_review,,,,D,SRC-SEOUL-OA-15560,2026-08-27,name_keyword:청담
SEOUL-GANGNAM-CHEONGDAM,3110988,청담역 3번,골목상권,2024+ metric system; geometry file 2023-10,SEOUL_MARKET_SHP_2023-10-20,manual_review,,,,D,SRC-SEOUL-OA-15560,2026-08-27,name_keyword:청담
SEOUL-GANGNAM-CHEONGDAM,3110990,청담역 12번,골목상권,2024+ metric system; geometry file 2023-10,SEOUL_MARKET_SHP_2023-10-20,manual_review,,,,D,SRC-SEOUL-OA-15560,2026-08-27,name_keyword:청담
SEOUL-GANGNAM-CHEONGDAM,3120209,"강남구청(청담역_8번, 강남세무서)",발달상권,2024+ metric system; geometry file 2023-10,SEOUL_MARKET_SHP_2023-10-20,manual_review,,,,D,SRC-SEOUL-OA-15560,2026-08-27,name_keyword:청담
SEOUL-GANGNAM-CHEONGDAM,3130308,청담삼익시장,전통시장,2024+ metric system; geometry file 2023-10,SEOUL_MARKET_SHP_2023-10-20,manual_review,,,,D,SRC-SEOUL-OA-15560,2026-08-27,name_keyword:청담
SEOUL-GANGNAM-APGUJEONG,3120202,압구정로데오역(압구정로데오),발달상권,2024+ metric system; geometry file 2023-10,SEOUL_MARKET_SHP_2023-10-20,manual_review,,,,C,SRC-SEOUL-OA-15560,2026-08-27,name_keyword:압구정|압구정로데오
SEOUL-GANGNAM-APGUJEONG,3120188,압구정역,발달상권,2024+ metric system; geometry file 2023-10,SEOUL_MARKET_SHP_2023-10-20,manual_review,,,,C,SRC-SEOUL-OA-15560,2026-08-27,name_keyword:압구정|압구정역
SEOUL-GANGNAM-SINSA-GAROSU,3120186,가로수길,발달상권,2024+ metric system; geometry file 2023-10,SEOUL_MARKET_SHP_2023-10-20,manual_review,,,,C,SRC-SEOUL-OA-15560,2026-08-27,name_keyword:가로수길
SEOUL-GANGNAM-SINSA-GAROSU,3110951,신사은행나무공원,골목상권,2024+ metric system; geometry file 2023-10,SEOUL_MARKET_SHP_2023-10-20,manual_review,,,,D,SRC-SEOUL-OA-15560,2026-08-27,name_keyword:신사
SEOUL-GANGNAM-SINSA-GAROSU,3130304,신사상가,전통시장,2024+ metric system; geometry file 2023-10,SEOUL_MARKET_SHP_2023-10-20,manual_review,,,,D,SRC-SEOUL-OA-15560,2026-08-27,name_keyword:신사
SEOUL-GANGNAM-NONHYEON,3110950,논현역 7번,골목상권,2024+ metric system; geometry file 2023-10,SEOUL_MARKET_SHP_2023-10-20,manual_review,,,,C,SRC-SEOUL-OA-15560,2026-08-27,name_keyword:논현|논현역
SEOUL-GANGNAM-NONHYEON,3120185,논현역,발달상권,2024+ metric system; geometry file 2023-10,SEOUL_MARKET_SHP_2023-10-20,manual_review,,,,C,SRC-SEOUL-OA-15560,2026-08-27,name_keyword:논현|논현역
SEOUL-GANGNAM-NONHYEON,3120187,신논현역,발달상권,2024+ metric system; geometry file 2023-10,SEOUL_MARKET_SHP_2023-10-20,manual_review,,,,C,SRC-SEOUL-OA-15560,2026-08-27,name_keyword:논현|논현역
SEOUL-GANGNAM-NONHYEON,3120191,학동역,발달상권,2024+ metric system; geometry file 2023-10,SEOUL_MARKET_SHP_2023-10-20,manual_review,,,,C,SRC-SEOUL-OA-15560,2026-08-27,name_keyword:학동역|학동
SEOUL-GANGNAM-NONHYEON,3110952,논현목련공원,골목상권,2024+ metric system; geometry file 2023-10,SEOUL_MARKET_SHP_2023-10-20,manual_review,,,,D,SRC-SEOUL-OA-15560,2026-08-27,name_keyword:논현
SEOUL-GANGNAM-NONHYEON,3110953,학동근린공원,골목상권,2024+ metric system; geometry file 2023-10,SEOUL_MARKET_SHP_2023-10-20,manual_review,,,,D,SRC-SEOUL-OA-15560,2026-08-27,name_keyword:학동
SEOUL-GANGNAM-NONHYEON,3110955,논현초등학교,골목상권,2024+ metric system; geometry file 2023-10,SEOUL_MARKET_SHP_2023-10-20,manual_review,,,,D,SRC-SEOUL-OA-15560,2026-08-27,name_keyword:논현
SEOUL-GANGNAM-NONHYEON,3110966,논현2동주민센터,골목상권,2024+ metric system; geometry file 2023-10,SEOUL_MARKET_SHP_2023-10-20,manual_review,,,,D,SRC-SEOUL-OA-15560,2026-08-27,name_keyword:논현
SEOUL-GANGNAM-DAECHI-DOGOK,3110989,대치동아우편취급국,골목상권,2024+ metric system; geometry file 2023-10,SEOUL_MARKET_SHP_2023-10-20,manual_review,,,,C,SRC-SEOUL-OA-15560,2026-08-27,name_keyword:대치|대치동
SEOUL-GANGNAM-DAECHI-DOGOK,3120212,한티역,발달상권,2024+ metric system; geometry file 2023-10,SEOUL_MARKET_SHP_2023-10-20,manual_review,,,,C,SRC-SEOUL-OA-15560,2026-08-27,name_keyword:한티역|한티
SEOUL-GANGNAM-DAECHI-DOGOK,3110978,도곡2동주민센터(대치중학교),골목상권,2024+ metric system; geometry file 2023-10,SEOUL_MARKET_SHP_2023-10-20,manual_review,,,,C,SRC-SEOUL-OA-15560,2026-08-27,name_keyword:대치|도곡
SEOUL-GANGNAM-DAECHI-DOGOK,3110992,도곡초등학교,골목상권,2024+ metric system; geometry file 2023-10,SEOUL_MARKET_SHP_2023-10-20,manual_review,,,,D,SRC-SEOUL-OA-15560,2026-08-27,name_keyword:도곡
SEOUL-GANGNAM-DAECHI-DOGOK,3110996,대치2동주민센터,골목상권,2024+ metric system; geometry file 2023-10,SEOUL_MARKET_SHP_2023-10-20,manual_review,,,,D,SRC-SEOUL-OA-15560,2026-08-27,name_keyword:대치
SEOUL-GANGNAM-DAECHI-DOGOK,3120201,도곡1동,발달상권,2024+ metric system; geometry file 2023-10,SEOUL_MARKET_SHP_2023-10-20,manual_review,,,,D,SRC-SEOUL-OA-15560,2026-08-27,name_keyword:도곡
SEOUL-GANGNAM-DAECHI-DOGOK,3120217,대치사거리,발달상권,2024+ metric system; geometry file 2023-10,SEOUL_MARKET_SHP_2023-10-20,manual_review,,,,D,SRC-SEOUL-OA-15560,2026-08-27,name_keyword:대치
SEOUL-GANGNAM-DAECHI-DOGOK,3120220,대치역,발달상권,2024+ metric system; geometry file 2023-10,SEOUL_MARKET_SHP_2023-10-20,manual_review,,,,D,SRC-SEOUL-OA-15560,2026-08-27,name_keyword:대치
SEOUL-GANGNAM-SUSEO-SEGOK,3120224,수서역,발달상권,2024+ metric system; geometry file 2023-10,SEOUL_MARKET_SHP_2023-10-20,manual_review,,,,C,SRC-SEOUL-OA-15560,2026-08-27,name_keyword:수서|수서역
SEOUL-GANGNAM-SUSEO-SEGOK,3111000,대왕초등학교(세곡동사거리서남측),골목상권,2024+ metric system; geometry file 2023-10,SEOUL_MARKET_SHP_2023-10-20,manual_review,,,,D,SRC-SEOUL-OA-15560,2026-08-27,name_keyword:세곡
SEOUL-SONGPA-JAMSIL,3120227,잠실역,발달상권,2024+ metric system; geometry file 2023-10,SEOUL_MARKET_SHP_2023-10-20,manual_review,,,,C,SRC-SEOUL-OA-15560,2026-08-27,name_keyword:잠실|잠실역
SEOUL-SONGPA-JAMSIL,3001495,잠실 관광특구,관광특구,2024+ metric system; geometry file 2023-10,SEOUL_MARKET_SHP_2023-10-20,manual_review,,,,D,SRC-SEOUL-OA-15560,2026-08-27,name_keyword:잠실
SEOUL-SONGPA-JAMSIL,3111011,잠실나루역,골목상권,2024+ metric system; geometry file 2023-10,SEOUL_MARKET_SHP_2023-10-20,manual_review,,,,D,SRC-SEOUL-OA-15560,2026-08-27,name_keyword:잠실
SEOUL-SONGPA-JAMSIL,3120225,잠실새내역(신천),발달상권,2024+ metric system; geometry file 2023-10,SEOUL_MARKET_SHP_2023-10-20,manual_review,,,,D,SRC-SEOUL-OA-15560,2026-08-27,name_keyword:잠실
SEOUL-SONGPA-SONGRIDAN,3120228,석촌역(석촌호수),발달상권,2024+ metric system; geometry file 2023-10,SEOUL_MARKET_SHP_2023-10-20,manual_review,,,,C,SRC-SEOUL-OA-15560,2026-08-27,name_keyword:석촌호수|석촌역|석촌
SEOUL-SONGPA-SONGRIDAN,3111013,송파나루역 1번(송리단길),골목상권,2024+ metric system; geometry file 2023-10,SEOUL_MARKET_SHP_2023-10-20,manual_review,,,,C,SRC-SEOUL-OA-15560,2026-08-27,name_keyword:송리단길|송파나루
SEOUL-SONGPA-SONGRIDAN,3111010,석촌역 7번,골목상권,2024+ metric system; geometry file 2023-10,SEOUL_MARKET_SHP_2023-10-20,manual_review,,,,C,SRC-SEOUL-OA-15560,2026-08-27,name_keyword:석촌역|석촌
SEOUL-SONGPA-SONGRIDAN,3111012,석촌역 6번,골목상권,2024+ metric system; geometry file 2023-10,SEOUL_MARKET_SHP_2023-10-20,manual_review,,,,C,SRC-SEOUL-OA-15560,2026-08-27,name_keyword:석촌역|석촌
SEOUL-SONGPA-SONGRIDAN,3111015,석촌역 3번,골목상권,2024+ metric system; geometry file 2023-10,SEOUL_MARKET_SHP_2023-10-20,manual_review,,,,C,SRC-SEOUL-OA-15560,2026-08-27,name_keyword:석촌역|석촌
SEOUL-SONGPA-SONGRIDAN,3111014,송파나루역 2번,골목상권,2024+ metric system; geometry file 2023-10,SEOUL_MARKET_SHP_2023-10-20,manual_review,,,,C,SRC-SEOUL-OA-15560,2026-08-27,name_keyword:송파나루
SEOUL-SONGPA-SONGRIDAN,3111017,송파나루역 3번,골목상권,2024+ metric system; geometry file 2023-10,SEOUL_MARKET_SHP_2023-10-20,manual_review,,,,C,SRC-SEOUL-OA-15560,2026-08-27,name_keyword:송파나루
SEOUL-SONGPA-SONGRIDAN,3120232,송파나루역,발달상권,2024+ metric system; geometry file 2023-10,SEOUL_MARKET_SHP_2023-10-20,manual_review,,,,C,SRC-SEOUL-OA-15560,2026-08-27,name_keyword:송파나루
SEOUL-SONGPA-BANGI,3120233,몽촌토성역,발달상권,2024+ metric system; geometry file 2023-10,SEOUL_MARKET_SHP_2023-10-20,manual_review,,,,C,SRC-SEOUL-OA-15560,2026-08-27,name_keyword:몽촌토성역|몽촌토성
SEOUL-SONGPA-BANGI,3111019,한성백제역 3번,골목상권,2024+ metric system; geometry file 2023-10,SEOUL_MARKET_SHP_2023-10-20,manual_review,,,,C,SRC-SEOUL-OA-15560,2026-08-27,name_keyword:한성백제
SEOUL-SONGPA-BANGI,3111020,방이동고분군(방산고등학교),골목상권,2024+ metric system; geometry file 2023-10,SEOUL_MARKET_SHP_2023-10-20,manual_review,,,,D,SRC-SEOUL-OA-15560,2026-08-27,name_keyword:방이
SEOUL-SONGPA-BANGI,3111021,방이역 4번,골목상권,2024+ metric system; geometry file 2023-10,SEOUL_MARKET_SHP_2023-10-20,manual_review,,,,D,SRC-SEOUL-OA-15560,2026-08-27,name_keyword:방이
SEOUL-SONGPA-BANGI,3111022,석촌중학교(방이육교),골목상권,2024+ metric system; geometry file 2023-10,SEOUL_MARKET_SHP_2023-10-20,manual_review,,,,D,SRC-SEOUL-OA-15560,2026-08-27,name_keyword:방이
SEOUL-SONGPA-BANGI,3111030,방이역 2번,골목상권,2024+ metric system; geometry file 2023-10,SEOUL_MARKET_SHP_2023-10-20,manual_review,,,,D,SRC-SEOUL-OA-15560,2026-08-27,name_keyword:방이
SEOUL-SONGPA-BANGI,3111032,방이역 1번,골목상권,2024+ metric system; geometry file 2023-10,SEOUL_MARKET_SHP_2023-10-20,manual_review,,,,D,SRC-SEOUL-OA-15560,2026-08-27,name_keyword:방이
SEOUL-SONGPA-BANGI,3120229,방이동먹자골목,발달상권,2024+ metric system; geometry file 2023-10,SEOUL_MARKET_SHP_2023-10-20,manual_review,,,,D,SRC-SEOUL-OA-15560,2026-08-27,name_keyword:방이
SEOUL-SONGPA-MUNJEONG,3111023,문정역 1번,골목상권,2024+ metric system; geometry file 2023-10,SEOUL_MARKET_SHP_2023-10-20,manual_review,,,,C,SRC-SEOUL-OA-15560,2026-08-27,name_keyword:문정|문정역
SEOUL-SONGPA-MUNJEONG,3111026,문정역 2번,골목상권,2024+ metric system; geometry file 2023-10,SEOUL_MARKET_SHP_2023-10-20,manual_review,,,,C,SRC-SEOUL-OA-15560,2026-08-27,name_keyword:문정|문정역
SEOUL-SONGPA-MUNJEONG,3120235,문정역,발달상권,2024+ metric system; geometry file 2023-10,SEOUL_MARKET_SHP_2023-10-20,manual_review,,,,C,SRC-SEOUL-OA-15560,2026-08-27,name_keyword:문정|문정역
SEOUL-SONGPA-MUNJEONG,3120236,장지역(가든파이브),발달상권,2024+ metric system; geometry file 2023-10,SEOUL_MARKET_SHP_2023-10-20,manual_review,,,,C,SRC-SEOUL-OA-15560,2026-08-27,name_keyword:가든파이브
SEOUL-SONGPA-MUNJEONG,3111027,문정초등학교,골목상권,2024+ metric system; geometry file 2023-10,SEOUL_MARKET_SHP_2023-10-20,manual_review,,,,D,SRC-SEOUL-OA-15560,2026-08-27,name_keyword:문정
SEOUL-SONGPA-MUNJEONG,3111033,문정동성당,골목상권,2024+ metric system; geometry file 2023-10,SEOUL_MARKET_SHP_2023-10-20,manual_review,,,,D,SRC-SEOUL-OA-15560,2026-08-27,name_keyword:문정
SEOUL-SONGPA-MUNJEONG,3130315,문정동 로데오거리 상점가(문정동 로데오거리),전통시장,2024+ metric system; geometry file 2023-10,SEOUL_MARKET_SHP_2023-10-20,manual_review,,,,D,SRC-SEOUL-OA-15560,2026-08-27,name_keyword:문정
SEOUL-SONGPA-GARAKMARKET,3120234,가락시장역,발달상권,2024+ metric system; geometry file 2023-10,SEOUL_MARKET_SHP_2023-10-20,manual_review,,,,C,SRC-SEOUL-OA-15560,2026-08-27,name_keyword:가락시장|가락시장역
SEOUL-SONGPA-GARAKMARKET,3120231,가락시장,발달상권,2024+ metric system; geometry file 2023-10,SEOUL_MARKET_SHP_2023-10-20,manual_review,,,,C,SRC-SEOUL-OA-15560,2026-08-27,name_keyword:가락시장
SEOUL-SONGPA-SEOKCHON-SAMJEON,3111003,삼전역 4번,골목상권,2024+ metric system; geometry file 2023-10,SEOUL_MARKET_SHP_2023-10-20,manual_review,,,,C,SRC-SEOUL-OA-15560,2026-08-27,name_keyword:삼전|삼전역
SEOUL-SONGPA-SEOKCHON-SAMJEON,3111004,삼전역 1번,골목상권,2024+ metric system; geometry file 2023-10,SEOUL_MARKET_SHP_2023-10-20,manual_review,,,,C,SRC-SEOUL-OA-15560,2026-08-27,name_keyword:삼전|삼전역
SEOUL-SONGPA-SEOKCHON-SAMJEON,3111005,삼전역 3번,골목상권,2024+ metric system; geometry file 2023-10,SEOUL_MARKET_SHP_2023-10-20,manual_review,,,,C,SRC-SEOUL-OA-15560,2026-08-27,name_keyword:삼전|삼전역
SEOUL-SONGPA-SEOKCHON-SAMJEON,3111010,석촌역 7번,골목상권,2024+ metric system; geometry file 2023-10,SEOUL_MARKET_SHP_2023-10-20,manual_review,,,,C,SRC-SEOUL-OA-15560,2026-08-27,name_keyword:석촌|석촌역
SEOUL-SONGPA-SEOKCHON-SAMJEON,3111012,석촌역 6번,골목상권,2024+ metric system; geometry file 2023-10,SEOUL_MARKET_SHP_2023-10-20,manual_review,,,,C,SRC-SEOUL-OA-15560,2026-08-27,name_keyword:석촌|석촌역
SEOUL-SONGPA-SEOKCHON-SAMJEON,3111015,석촌역 3번,골목상권,2024+ metric system; geometry file 2023-10,SEOUL_MARKET_SHP_2023-10-20,manual_review,,,,C,SRC-SEOUL-OA-15560,2026-08-27,name_keyword:석촌|석촌역
SEOUL-SONGPA-SEOKCHON-SAMJEON,3120228,석촌역(석촌호수),발달상권,2024+ metric system; geometry file 2023-10,SEOUL_MARKET_SHP_2023-10-20,manual_review,,,,C,SRC-SEOUL-OA-15560,2026-08-27,name_keyword:석촌|석촌역
SEOUL-SONGPA-SEOKCHON-SAMJEON,3111006,석촌고분역 1번,골목상권,2024+ metric system; geometry file 2023-10,SEOUL_MARKET_SHP_2023-10-20,manual_review,,,,D,SRC-SEOUL-OA-15560,2026-08-27,name_keyword:석촌
SEOUL-SONGPA-OLYMPICPARK,3111019,한성백제역 3번,골목상권,2024+ metric system; geometry file 2023-10,SEOUL_MARKET_SHP_2023-10-20,manual_review,,,,C,SRC-SEOUL-OA-15560,2026-08-27,name_keyword:한성백제
SEOUL-SONGPA-WIRYE-SONGPA,3111009,송파책박물관,골목상권,2024+ metric system; geometry file 2023-10,SEOUL_MARKET_SHP_2023-10-20,manual_review,,,,D,SRC-SEOUL-OA-15560,2026-08-27,name_keyword:송파
SEOUL-SONGPA-WIRYE-SONGPA,3111013,송파나루역 1번(송리단길),골목상권,2024+ metric system; geometry file 2023-10,SEOUL_MARKET_SHP_2023-10-20,manual_review,,,,D,SRC-SEOUL-OA-15560,2026-08-27,name_keyword:송파
SEOUL-SONGPA-WIRYE-SONGPA,3111014,송파나루역 2번,골목상권,2024+ metric system; geometry file 2023-10,SEOUL_MARKET_SHP_2023-10-20,manual_review,,,,D,SRC-SEOUL-OA-15560,2026-08-27,name_keyword:송파
SEOUL-SONGPA-WIRYE-SONGPA,3111016,송파역 2번,골목상권,2024+ metric system; geometry file 2023-10,SEOUL_MARKET_SHP_2023-10-20,manual_review,,,,D,SRC-SEOUL-OA-15560,2026-08-27,name_keyword:송파
SEOUL-SONGPA-WIRYE-SONGPA,3111017,송파나루역 3번,골목상권,2024+ metric system; geometry file 2023-10,SEOUL_MARKET_SHP_2023-10-20,manual_review,,,,D,SRC-SEOUL-OA-15560,2026-08-27,name_keyword:송파
SEOUL-SONGPA-WIRYE-SONGPA,3111028,문현중학교(장지역 1번),골목상권,2024+ metric system; geometry file 2023-10,SEOUL_MARKET_SHP_2023-10-20,manual_review,,,,D,SRC-SEOUL-OA-15560,2026-08-27,name_keyword:장지
SEOUL-SONGPA-WIRYE-SONGPA,3111031,장지동주민센터(한림연예예술고교),골목상권,2024+ metric system; geometry file 2023-10,SEOUL_MARKET_SHP_2023-10-20,manual_review,,,,D,SRC-SEOUL-OA-15560,2026-08-27,name_keyword:장지
SEOUL-SONGPA-WIRYE-SONGPA,3111034,오동나무공원(송파레미니스1단지),골목상권,2024+ metric system; geometry file 2023-10,SEOUL_MARKET_SHP_2023-10-20,manual_review,,,,D,SRC-SEOUL-OA-15560,2026-08-27,name_keyword:송파
SEOUL-SONGPA-GEOYEO-MACHEON,3130317,마천중앙시장,전통시장,2024+ metric system; geometry file 2023-10,SEOUL_MARKET_SHP_2023-10-20,manual_review,,,,C,SRC-SEOUL-OA-15560,2026-08-27,name_keyword:마천|마천중앙시장
SEOUL-SONGPA-GEOYEO-MACHEON,3111041,거여역 8번,골목상권,2024+ metric system; geometry file 2023-10,SEOUL_MARKET_SHP_2023-10-20,manual_review,,,,C,SRC-SEOUL-OA-15560,2026-08-27,name_keyword:거여|거여역
SEOUL-SONGPA-GEOYEO-MACHEON,3111042,거여역 1번(거여공원),골목상권,2024+ metric system; geometry file 2023-10,SEOUL_MARKET_SHP_2023-10-20,manual_review,,,,C,SRC-SEOUL-OA-15560,2026-08-27,name_keyword:거여|거여역
SEOUL-SONGPA-GEOYEO-MACHEON,3120241,거여역,발달상권,2024+ metric system; geometry file 2023-10,SEOUL_MARKET_SHP_2023-10-20,manual_review,,,,C,SRC-SEOUL-OA-15560,2026-08-27,name_keyword:거여|거여역
SEOUL-SONGPA-GEOYEO-MACHEON,3111040,거여초등학교,골목상권,2024+ metric system; geometry file 2023-10,SEOUL_MARKET_SHP_2023-10-20,manual_review,,,,D,SRC-SEOUL-OA-15560,2026-08-27,name_keyword:거여
SEOUL-SONGPA-GEOYEO-MACHEON,3111043,마천공원,골목상권,2024+ metric system; geometry file 2023-10,SEOUL_MARKET_SHP_2023-10-20,manual_review,,,,D,SRC-SEOUL-OA-15560,2026-08-27,name_keyword:마천
SEOUL-SONGPA-GEOYEO-MACHEON,3111046,마천역(마천초등학교),골목상권,2024+ metric system; geometry file 2023-10,SEOUL_MARKET_SHP_2023-10-20,manual_review,,,,D,SRC-SEOUL-OA-15560,2026-08-27,name_keyword:마천
SEOUL-SONGPA-GEOYEO-MACHEON,3111047,마천1치안센터,골목상권,2024+ metric system; geometry file 2023-10,SEOUL_MARKET_SHP_2023-10-20,manual_review,,,,D,SRC-SEOUL-OA-15560,2026-08-27,name_keyword:마천
SEOUL-GANGDONG-CHEONHO,3111048,천호역 1번(천호문구완구거리),골목상권,2024+ metric system; geometry file 2023-10,SEOUL_MARKET_SHP_2023-10-20,manual_review,,,,C,SRC-SEOUL-OA-15560,2026-08-27,name_keyword:천호|천호역
SEOUL-GANGDONG-CHEONHO,3111051,천호역 6번,골목상권,2024+ metric system; geometry file 2023-10,SEOUL_MARKET_SHP_2023-10-20,manual_review,,,,C,SRC-SEOUL-OA-15560,2026-08-27,name_keyword:천호|천호역
SEOUL-GANGDONG-CHEONHO,3120243,천호역,발달상권,2024+ metric system; geometry file 2023-10,SEOUL_MARKET_SHP_2023-10-20,manual_review,,,,C,SRC-SEOUL-OA-15560,2026-08-27,name_keyword:천호|천호역
SEOUL-GANGDONG-CHEONHO,3130318,로데오거리상점가,전통시장,2024+ metric system; geometry file 2023-10,SEOUL_MARKET_SHP_2023-10-20,manual_review,,,,C,SRC-SEOUL-OA-15560,2026-08-27,name_keyword:로데오거리
SEOUL-GANGDONG-CHEONHO,3111049,천호지구대(천호동자전거거리),골목상권,2024+ metric system; geometry file 2023-10,SEOUL_MARKET_SHP_2023-10-20,manual_review,,,,D,SRC-SEOUL-OA-15560,2026-08-27,name_keyword:천호
SEOUL-GANGDONG-CHEONHO,3111052,암사역 3번(천호동자전거거리),골목상권,2024+ metric system; geometry file 2023-10,SEOUL_MARKET_SHP_2023-10-20,manual_review,,,,D,SRC-SEOUL-OA-15560,2026-08-27,name_keyword:천호
SEOUL-GANGDONG-CHEONHO,3111056,천호태영아파트,골목상권,2024+ metric system; geometry file 2023-10,SEOUL_MARKET_SHP_2023-10-20,manual_review,,,,D,SRC-SEOUL-OA-15560,2026-08-27,name_keyword:천호
SEOUL-GANGDONG-CHEONHO,3111057,천호공원(해공체육문화센터),골목상권,2024+ metric system; geometry file 2023-10,SEOUL_MARKET_SHP_2023-10-20,manual_review,,,,D,SRC-SEOUL-OA-15560,2026-08-27,name_keyword:천호
SEOUL-GANGDONG-GANGDONG-GILDONG,3130324,길동복조리시장,전통시장,2024+ metric system; geometry file 2023-10,SEOUL_MARKET_SHP_2023-10-20,manual_review,,,,C,SRC-SEOUL-OA-15560,2026-08-27,name_keyword:길동|길동복조리시장
SEOUL-GANGDONG-GANGDONG-GILDONG,3111059,강동역 4번(강풀만화거리),골목상권,2024+ metric system; geometry file 2023-10,SEOUL_MARKET_SHP_2023-10-20,manual_review,,,,C,SRC-SEOUL-OA-15560,2026-08-27,name_keyword:강동|강동역
SEOUL-GANGDONG-GANGDONG-GILDONG,3111077,길동주민센터(강동도서관),골목상권,2024+ metric system; geometry file 2023-10,SEOUL_MARKET_SHP_2023-10-20,manual_review,,,,C,SRC-SEOUL-OA-15560,2026-08-27,name_keyword:강동|길동
SEOUL-GANGDONG-GANGDONG-GILDONG,3111050,강동구청(강동구청역 2번),골목상권,2024+ metric system; geometry file 2023-10,SEOUL_MARKET_SHP_2023-10-20,manual_review,,,,D,SRC-SEOUL-OA-15560,2026-08-27,name_keyword:강동
SEOUL-GANGDONG-GANGDONG-GILDONG,3111060,암사역 2번(서울강동초등학교),골목상권,2024+ metric system; geometry file 2023-10,SEOUL_MARKET_SHP_2023-10-20,manual_review,,,,D,SRC-SEOUL-OA-15560,2026-08-27,name_keyword:강동
SEOUL-GANGDONG-GANGDONG-GILDONG,3111063,강동구립 천호도서관,골목상권,2024+ metric system; geometry file 2023-10,SEOUL_MARKET_SHP_2023-10-20,manual_review,,,,D,SRC-SEOUL-OA-15560,2026-08-27,name_keyword:강동
SEOUL-GANGDONG-GANGDONG-GILDONG,3111067,강동구립성내도서관,골목상권,2024+ metric system; geometry file 2023-10,SEOUL_MARKET_SHP_2023-10-20,manual_review,,,,D,SRC-SEOUL-OA-15560,2026-08-27,name_keyword:강동
SEOUL-GANGDONG-GANGDONG-GILDONG,3111068,강동성심병원,골목상권,2024+ metric system; geometry file 2023-10,SEOUL_MARKET_SHP_2023-10-20,manual_review,,,,D,SRC-SEOUL-OA-15560,2026-08-27,name_keyword:강동
SEOUL-GANGDONG-AMSA,3130320,암사종합시장,전통시장,2024+ metric system; geometry file 2023-10,SEOUL_MARKET_SHP_2023-10-20,manual_review,,,,C,SRC-SEOUL-OA-15560,2026-08-27,name_keyword:암사|암사종합시장
SEOUL-GANGDONG-AMSA,3111052,암사역 3번(천호동자전거거리),골목상권,2024+ metric system; geometry file 2023-10,SEOUL_MARKET_SHP_2023-10-20,manual_review,,,,C,SRC-SEOUL-OA-15560,2026-08-27,name_keyword:암사|암사역
SEOUL-GANGDONG-AMSA,3111054,암사역 4번(삼성광나루아파트),골목상권,2024+ metric system; geometry file 2023-10,SEOUL_MARKET_SHP_2023-10-20,manual_review,,,,C,SRC-SEOUL-OA-15560,2026-08-27,name_keyword:암사|암사역
SEOUL-GANGDONG-AMSA,3111060,암사역 2번(서울강동초등학교),골목상권,2024+ metric system; geometry file 2023-10,SEOUL_MARKET_SHP_2023-10-20,manual_review,,,,C,SRC-SEOUL-OA-15560,2026-08-27,name_keyword:암사|암사역
SEOUL-GANGDONG-AMSA,3111061,암사역 1번,골목상권,2024+ metric system; geometry file 2023-10,SEOUL_MARKET_SHP_2023-10-20,manual_review,,,,C,SRC-SEOUL-OA-15560,2026-08-27,name_keyword:암사|암사역
SEOUL-GANGDONG-AMSA,3120244,암사역,발달상권,2024+ metric system; geometry file 2023-10,SEOUL_MARKET_SHP_2023-10-20,manual_review,,,,C,SRC-SEOUL-OA-15560,2026-08-27,name_keyword:암사|암사역
SEOUL-GANGDONG-AMSA,3111066,암사동성당(효정하나플러스아파트),골목상권,2024+ metric system; geometry file 2023-10,SEOUL_MARKET_SHP_2023-10-20,manual_review,,,,D,SRC-SEOUL-OA-15560,2026-08-27,name_keyword:암사
SEOUL-GANGDONG-GODEOK-SANGIL,3111085,묘곡초등학교(고덕아이파크아파트),골목상권,2024+ metric system; geometry file 2023-10,SEOUL_MARKET_SHP_2023-10-20,manual_review,,,,C,SRC-SEOUL-OA-15560,2026-08-27,name_keyword:고덕|아파트
SEOUL-GANGDONG-GODEOK-SANGIL,3120249,고덕역,발달상권,2024+ metric system; geometry file 2023-10,SEOUL_MARKET_SHP_2023-10-20,manual_review,,,,C,SRC-SEOUL-OA-15560,2026-08-27,name_keyword:고덕|고덕역
SEOUL-GANGDONG-GODEOK-SANGIL,3111054,암사역 4번(삼성광나루아파트),골목상권,2024+ metric system; geometry file 2023-10,SEOUL_MARKET_SHP_2023-10-20,manual_review,,,,D,SRC-SEOUL-OA-15560,2026-08-27,name_keyword:아파트
SEOUL-GANGDONG-GODEOK-SANGIL,3111056,천호태영아파트,골목상권,2024+ metric system; geometry file 2023-10,SEOUL_MARKET_SHP_2023-10-20,manual_review,,,,D,SRC-SEOUL-OA-15560,2026-08-27,name_keyword:아파트
SEOUL-GANGDONG-GODEOK-SANGIL,3111066,암사동성당(효정하나플러스아파트),골목상권,2024+ metric system; geometry file 2023-10,SEOUL_MARKET_SHP_2023-10-20,manual_review,,,,D,SRC-SEOUL-OA-15560,2026-08-27,name_keyword:아파트
SEOUL-GANGDONG-GODEOK-SANGIL,3111081,둔촌푸르지오아파트,골목상권,2024+ metric system; geometry file 2023-10,SEOUL_MARKET_SHP_2023-10-20,manual_review,,,,D,SRC-SEOUL-OA-15560,2026-08-27,name_keyword:아파트
SEOUL-GANGDONG-GODEOK-SANGIL,3111083,GS강동자이아파트,골목상권,2024+ metric system; geometry file 2023-10,SEOUL_MARKET_SHP_2023-10-20,manual_review,,,,D,SRC-SEOUL-OA-15560,2026-08-27,name_keyword:아파트
SEOUL-GANGDONG-GODEOK-SANGIL,3111084,길동신동아아파트,골목상권,2024+ metric system; geometry file 2023-10,SEOUL_MARKET_SHP_2023-10-20,manual_review,,,,D,SRC-SEOUL-OA-15560,2026-08-27,name_keyword:아파트
SEOUL-GANGDONG-DUNCHON,3111062,둔촌동역 3번(성내3동주민센터),골목상권,2024+ metric system; geometry file 2023-10,SEOUL_MARKET_SHP_2023-10-20,manual_review,,,,C,SRC-SEOUL-OA-15560,2026-08-27,name_keyword:둔촌|둔촌동역|둔촌동
SEOUL-GANGDONG-DUNCHON,3111064,둔촌동역 4번,골목상권,2024+ metric system; geometry file 2023-10,SEOUL_MARKET_SHP_2023-10-20,manual_review,,,,C,SRC-SEOUL-OA-15560,2026-08-27,name_keyword:둔촌|둔촌동역|둔촌동
SEOUL-GANGDONG-DUNCHON,3111073,둔촌동역 1번(한산중학교),골목상권,2024+ metric system; geometry file 2023-10,SEOUL_MARKET_SHP_2023-10-20,manual_review,,,,C,SRC-SEOUL-OA-15560,2026-08-27,name_keyword:둔촌|둔촌동역|둔촌동
SEOUL-GANGDONG-DUNCHON,3111082,중앙보훈병원,골목상권,2024+ metric system; geometry file 2023-10,SEOUL_MARKET_SHP_2023-10-20,manual_review,,,,C,SRC-SEOUL-OA-15560,2026-08-27,name_keyword:보훈병원|중앙보훈병원
SEOUL-GANGDONG-DUNCHON,3111076,둔촌2동주민센터,골목상권,2024+ metric system; geometry file 2023-10,SEOUL_MARKET_SHP_2023-10-20,manual_review,,,,D,SRC-SEOUL-OA-15560,2026-08-27,name_keyword:둔촌
SEOUL-GANGDONG-DUNCHON,3111079,둔촌고등학교(둔촌중학교),골목상권,2024+ metric system; geometry file 2023-10,SEOUL_MARKET_SHP_2023-10-20,manual_review,,,,D,SRC-SEOUL-OA-15560,2026-08-27,name_keyword:둔촌
SEOUL-GANGDONG-DUNCHON,3111081,둔촌푸르지오아파트,골목상권,2024+ metric system; geometry file 2023-10,SEOUL_MARKET_SHP_2023-10-20,manual_review,,,,D,SRC-SEOUL-OA-15560,2026-08-27,name_keyword:둔촌
SEOUL-GANGDONG-DUNCHON,3120245,둔촌역,발달상권,2024+ metric system; geometry file 2023-10,SEOUL_MARKET_SHP_2023-10-20,manual_review,,,,D,SRC-SEOUL-OA-15560,2026-08-27,name_keyword:둔촌
SEOUL-GANGDONG-MYEONGIL,3111074,명일역 1번,골목상권,2024+ metric system; geometry file 2023-10,SEOUL_MARKET_SHP_2023-10-20,manual_review,,,,C,SRC-SEOUL-OA-15560,2026-08-27,name_keyword:명일|명일역
SEOUL-GANGDONG-MYEONGIL,3120248,명일역,발달상권,2024+ metric system; geometry file 2023-10,SEOUL_MARKET_SHP_2023-10-20,manual_review,,,,C,SRC-SEOUL-OA-15560,2026-08-27,name_keyword:명일|명일역
SEOUL-GANGDONG-MYEONGIL,3130325,명일전통시장,전통시장,2024+ metric system; geometry file 2023-10,SEOUL_MARKET_SHP_2023-10-20,manual_review,,,,D,SRC-SEOUL-OA-15560,2026-08-27,name_keyword:명일
